ticker,sector,industry,score,all_pass,①EMA並び,②出来高急増,③RS優位,④売買代金,⑤高値圏10-30%,現在値,52週高値,高値乖離%,出来高倍率,売買代金(M$),銘柄RS,SPY_RS,RS倍率
DLLL,その他,,5,True,✅,✅,✅,✅,✅,35.67,40.21,11.3,1.11,292.1,10.68,1.178,9.066
SLS,Healthcare,Biotechnology,5,True,✅,✅,✅,✅,✅,11.61,15.88,26.9,0.58,475.9,7.123,1.178,6.046
ANRO,Healthcare,Biotechnology,5,True,✅,✅,✅,✅,✅,26.49,37.48,29.3,1.01,68.4,6.706,1.178,5.693
ORKA,Healthcare,Biotechnology,5,True,✅,✅,✅,✅,✅,84.46,115.52,26.9,1.08,466.2,5.557,1.178,4.717
PRAX,Healthcare,Biotechnology,5,True,✅,✅,✅,✅,✅,280.78,392.7,28.5,1.4,709.3,5.354,1.178,4.545
SYRE,Healthcare,Biotechnology,5,True,✅,✅,✅,✅,✅,85.69,110.18,22.2,0.98,538.3,5.276,1.178,4.479
IMMX,Healthcare,Biotechnology,5,True,✅,✅,✅,✅,✅,10.97,15.1,27.4,0.83,85.2,5.274,1.178,4.477
TJGC,Communication Services,Advertising Agencies,5,True,✅,✅,✅,✅,✅,26.24,30.69,14.5,0.27,36.3,5.115,1.178,4.342
BE,Industrials,Electrical Equipment & Parts,5,True,✅,✅,✅,✅,✅,288.7,351.28,17.8,0.99,17126.3,4.106,1.178,3.485
ABSI,Healthcare,Biotechnology,5,True,✅,✅,✅,✅,✅,9.74,12.06,19.2,1.1,192.1,3.568,1.178,3.028
BAND,Technology,Software - Infrastructure,5,True,✅,✅,✅,✅,✅,61.81,79.08,21.8,1.04,324.4,3.528,1.178,2.995
AEHR,Technology,Semiconductor Equipment & Materials,5,True,✅,✅,✅,✅,✅,104.39,147.4,29.2,0.91,1150.6,3.458,1.178,2.935
MRVL,Technology,Semiconductors,5,True,✅,✅,✅,✅,✅,261.93,329.8,20.6,0.49,40531.8,3.156,1.178,2.679
LQDA,Healthcare,Drug Manufacturers - Specialty & Generic,5,True,✅,✅,✅,✅,✅,68.43,93.61,26.9,0.57,612.0,3.139,1.178,2.665
SIF,Industrials,Aerospace & Defense,5,True,✅,✅,✅,✅,✅,22.06,29.0,23.9,0.38,12.2,3.072,1.178,2.608
MBX,Healthcare,Biotechnology,5,True,✅,✅,✅,✅,✅,53.63,72.64,26.2,0.85,175.4,3.063,1.178,2.6
REPL,Healthcare,Biotechnology,5,True,✅,✅,✅,✅,✅,12.36,16.33,24.3,0.38,250.2,2.993,1.178,2.54
FSLY,Technology,Software - Application,5,True,✅,✅,✅,✅,✅,24.96,34.82,28.3,2.55,683.7,2.936,1.178,2.493
PLSE,Healthcare,Medical Instruments & Supplies,5,True,✅,✅,✅,✅,✅,51.63,58.9,12.3,1.2,86.2,2.905,1.178,2.466
OABI,Healthcare,Biotechnology,5,True,✅,✅,✅,✅,✅,4.61,5.43,15.1,1.03,19.8,2.863,1.178,2.431
IRDM,Communication Services,Telecom Services,5,True,✅,✅,✅,✅,✅,48.75,56.99,14.5,0.49,446.1,2.819,1.178,2.393
XHLD,Communication Services,Broadcasting,5,True,✅,✅,✅,✅,✅,12.95,15.43,16.1,0.82,81.7,2.803,1.178,2.379
PSNL,Healthcare,Diagnostics & Research,5,True,✅,✅,✅,✅,✅,16.46,18.89,12.9,0.4,238.6,2.725,1.178,2.313
MRVI,Healthcare,Biotechnology,5,True,✅,✅,✅,✅,✅,7.6,9.42,19.3,0.63,100.3,2.695,1.178,2.288
STTK,Healthcare,Biotechnology,5,True,✅,✅,✅,✅,✅,6.07,8.33,27.1,1.06,37.6,2.662,1.178,2.26
ACRS,Healthcare,Biotechnology,5,True,✅,✅,✅,✅,✅,5.15,6.6,22.0,1.1,50.2,2.588,1.178,2.197
NRIX,Healthcare,Biotechnology,5,True,✅,✅,✅,✅,✅,23.01,28.23,18.5,0.92,180.1,2.577,1.178,2.187
VSAT,Technology,Communication Equipment,5,True,✅,✅,✅,✅,✅,73.02,93.03,21.5,0.66,843.6,2.524,1.178,2.143
ACHV,Healthcare,Biotechnology,5,True,✅,✅,✅,✅,✅,7.54,8.64,12.7,0.79,53.4,2.505,1.178,2.126
EWTX,Healthcare,Biotechnology,5,True,✅,✅,✅,✅,✅,39.34,48.51,18.9,1.36,266.4,2.451,1.178,2.081
LBRX,Healthcare,Biotechnology,5,True,✅,✅,✅,✅,✅,37.33,50.16,25.6,1.28,55.3,2.418,1.178,2.052
DNTH,Healthcare,Biotechnology,5,True,✅,✅,✅,✅,✅,88.55,117.88,24.9,1.0,431.7,2.412,1.178,2.048
ROIV,Healthcare,Biotechnology,5,True,✅,✅,✅,✅,✅,35.8,42.5,15.8,1.02,1156.6,2.36,1.178,2.003
FATE,Healthcare,Biotechnology,5,True,✅,✅,✅,✅,✅,2.35,3.23,27.2,0.57,35.5,2.35,1.178,1.995
BOLD,Healthcare,Biotechnology,5,True,✅,✅,✅,✅,✅,2.66,3.16,15.9,0.27,10.8,2.333,1.178,1.981
AMBQ,Technology,Semiconductors,5,True,✅,✅,✅,✅,✅,69.79,91.61,23.8,0.78,233.3,2.32,1.178,1.969
PBF,Energy,Oil & Gas Refining & Marketing,5,True,✅,✅,✅,✅,✅,73.69,82.61,10.8,1.3,895.4,2.318,1.178,1.967
FTXL,その他,,5,True,✅,✅,✅,✅,✅,254.63,297.36,14.4,0.63,290.4,2.289,1.178,1.943
SITM,Technology,Semiconductors,5,True,✅,✅,✅,✅,✅,662.27,901.81,26.6,0.98,1697.2,2.262,1.178,1.92
ELVN,Healthcare,Biotechnology,5,True,✅,✅,✅,✅,✅,44.75,62.32,28.2,1.05,320.1,2.236,1.178,1.898
MTRN,Basic Materials,Other Industrial Metals & Mining,5,True,✅,✅,✅,✅,✅,264.96,304.4,13.0,0.6,409.9,2.226,1.178,1.889
LIND,Consumer Cyclical,Travel Services,5,True,✅,✅,✅,✅,✅,28.45,35.0,18.7,0.97,113.6,2.197,1.178,1.865
ELIL,その他,,5,True,✅,✅,✅,✅,✅,28.94,35.02,17.4,0.37,13.1,2.17,1.178,1.842
SEPN,Healthcare,Biotechnology,5,True,✅,✅,✅,✅,✅,37.77,51.1,26.1,0.93,70.4,2.164,1.178,1.837
MGNX,Healthcare,Biotechnology,5,True,✅,✅,✅,✅,✅,3.74,5.08,26.4,0.53,19.2,2.162,1.178,1.835
GTE,Energy,Oil & Gas E&P,5,True,✅,✅,✅,✅,✅,9.62,11.52,16.5,0.76,29.6,2.157,1.178,1.831
DK,Energy,Oil & Gas Refining & Marketing,5,True,✅,✅,✅,✅,✅,67.84,82.27,17.5,2.21,483.0,2.115,1.178,1.796
TEN,Energy,Oil & Gas Midstream,5,True,✅,✅,✅,✅,✅,46.23,53.84,14.1,1.97,64.1,2.077,1.178,1.763
BVS,Healthcare,Medical Devices,5,True,✅,✅,✅,✅,✅,13.81,15.89,13.1,0.62,38.2,2.074,1.178,1.76
BTSG,Healthcare,Health Information Services,5,True,✅,✅,✅,✅,✅,56.59,73.75,23.3,0.68,1020.2,2.066,1.178,1.754
AMLX,Healthcare,Drug Manufacturers - Specialty & Generic,5,True,✅,✅,✅,✅,✅,29.49,41.14,28.3,0.69,257.5,2.031,1.178,1.724
FTK,Energy,Oil & Gas Equipment & Services,5,True,✅,✅,✅,✅,✅,29.53,39.67,25.6,0.83,56.7,2.016,1.178,1.711
KYMR,Healthcare,Biotechnology,5,True,✅,✅,✅,✅,✅,111.95,130.05,13.9,1.05,397.9,1.99,1.178,1.689
BJRI,Consumer Cyclical,Restaurants,5,True,✅,✅,✅,✅,✅,60.13,74.6,19.4,0.75,136.5,1.986,1.178,1.686
LNTH,Healthcare,Drug Manufacturers - Specialty & Generic,5,True,✅,✅,✅,✅,✅,99.74,111.86,10.8,0.83,606.4,1.971,1.178,1.673
SANM,Technology,Electronic Components,5,True,✅,✅,✅,✅,✅,224.77,288.68,22.1,0.82,982.0,1.97,1.178,1.672
MEI,Technology,Electronic Components,5,True,✅,✅,✅,✅,✅,14.51,20.31,28.6,0.79,60.7,1.956,1.178,1.66
RCUS,Healthcare,Biotechnology,5,True,✅,✅,✅,✅,✅,24.97,31.74,21.3,1.23,173.1,1.945,1.178,1.651
MYE,Consumer Cyclical,Packaging & Containers,5,True,✅,✅,✅,✅,✅,31.36,37.29,15.9,0.84,59.8,1.922,1.178,1.631
TSAT,Technology,Communication Equipment,5,True,✅,✅,✅,✅,✅,48.21,61.54,21.7,0.51,53.5,1.909,1.178,1.62
INNV,Healthcare,Medical Care Facilities,5,True,✅,✅,✅,✅,✅,9.0,12.64,28.8,5.15,19.1,1.875,1.178,1.592
JAZZ,Healthcare,Biotechnology,5,True,✅,✅,✅,✅,✅,237.95,266.38,10.7,0.81,1025.7,1.874,1.178,1.59
TRMD,Energy,Oil & Gas Midstream,5,True,✅,✅,✅,✅,✅,34.32,38.73,11.4,2.38,150.3,1.863,1.178,1.582
IMNM,Healthcare,Biotechnology,5,True,✅,✅,✅,✅,✅,21.41,30.06,28.8,1.49,146.1,1.847,1.178,1.568
PRE,Healthcare,Diagnostics & Research,5,True,✅,✅,✅,✅,✅,22.97,27.24,15.7,0.87,23.6,1.827,1.178,1.551
MCS,Communication Services,Entertainment,5,True,✅,✅,✅,✅,✅,28.09,32.33,13.1,0.93,31.7,1.824,1.178,1.549
SB,Industrials,Marine Shipping,5,True,✅,✅,✅,✅,✅,8.14,9.31,12.6,1.82,36.3,1.818,1.178,1.544
RELL,Technology,Electronic Components,5,True,✅,✅,✅,✅,✅,17.52,23.08,24.1,0.32,21.2,1.795,1.178,1.524
FRD,Basic Materials,Steel,5,True,✅,✅,✅,✅,✅,39.34,48.77,19.3,0.63,13.6,1.78,1.178,1.511
FROG,Technology,Software - Application,5,True,✅,✅,✅,✅,✅,89.18,105.76,15.7,0.69,1033.9,1.78,1.178,1.511
NVEC,Technology,Semiconductors,5,True,✅,✅,✅,✅,✅,109.13,133.84,18.5,0.56,101.0,1.759,1.178,1.493
TEO,Communication Services,Telecom Services,5,True,✅,✅,✅,✅,✅,13.02,16.34,20.3,0.52,27.4,1.757,1.178,1.491
MSGE,Communication Services,Entertainment,5,True,✅,✅,✅,✅,✅,79.09,90.41,12.5,0.94,167.0,1.746,1.178,1.482
WEST,Consumer Defensive,Packaged Foods,5,True,✅,✅,✅,✅,✅,8.09,10.19,20.6,0.57,23.7,1.732,1.178,1.47
ESP,Industrials,Electrical Equipment & Parts,5,True,✅,✅,✅,✅,✅,65.63,73.31,10.5,1.23,13.7,1.725,1.178,1.464
FDMT,Healthcare,Biotechnology,5,True,✅,✅,✅,✅,✅,14.47,16.93,14.5,1.34,53.9,1.725,1.178,1.464
VCTR,Financial Services,Asset Management,5,True,✅,✅,✅,✅,✅,108.75,123.0,11.6,1.01,281.4,1.696,1.178,1.44
NNBR,Industrials,Conglomerates,5,True,✅,✅,✅,✅,✅,3.67,4.48,18.1,1.32,48.4,1.691,1.178,1.436
HAFN,Industrials,Marine Shipping,5,True,✅,✅,✅,✅,✅,8.92,10.12,11.9,2.39,68.0,1.689,1.178,1.433
LFUS,Technology,Electronic Components,5,True,✅,✅,✅,✅,✅,429.22,499.6,14.1,0.47,656.5,1.667,1.178,1.415
PCVX,Healthcare,Biotechnology,5,True,✅,✅,✅,✅,✅,56.21,65.0,13.5,1.05,360.9,1.654,1.178,1.404
GHRS,Healthcare,Biotechnology,5,True,✅,✅,✅,✅,✅,23.84,31.44,24.2,0.8,33.6,1.651,1.178,1.401
IESC,Industrials,Engineering & Construction,5,True,✅,✅,✅,✅,✅,324.13,408.26,20.6,0.44,693.6,1.65,1.178,1.401
TRVI,Healthcare,Biotechnology,5,True,✅,✅,✅,✅,✅,14.41,20.22,28.7,0.81,153.2,1.643,1.178,1.395
GRC,Industrials,Specialty Industrial Machinery,5,True,✅,✅,✅,✅,✅,74.21,92.56,19.8,0.98,68.2,1.635,1.178,1.388
SNX,Technology,Electronics & Computer Distribution,5,True,✅,✅,✅,✅,✅,263.03,298.77,12.0,2.45,1038.7,1.616,1.178,1.371
KN,Technology,Electronic Components,5,True,✅,✅,✅,✅,✅,37.53,42.93,12.6,0.62,173.8,1.608,1.178,1.365
PMTS,Financial Services,Credit Services,5,True,✅,✅,✅,✅,✅,24.75,31.25,20.8,1.74,11.9,1.603,1.178,1.361
PWR,Industrials,Engineering & Construction,5,True,✅,✅,✅,✅,✅,649.13,788.63,17.7,0.72,3726.9,1.602,1.178,1.36
DSX,Industrials,Marine Shipping,5,True,✅,✅,✅,✅,✅,2.8,3.2,12.5,1.32,12.2,1.601,1.178,1.359
GRDN,Healthcare,Medical Care Facilities,5,True,✅,✅,✅,✅,✅,41.21,48.33,14.7,1.18,91.4,1.584,1.178,1.345
PKE,Industrials,Aerospace & Defense,5,True,✅,✅,✅,✅,✅,30.11,39.86,24.5,0.64,49.3,1.581,1.178,1.342
ANF,Consumer Cyclical,Apparel Retail,5,True,✅,✅,✅,✅,✅,135.71,155.22,12.6,0.77,809.9,1.58,1.178,1.341
AVBP,Healthcare,Biotechnology,5,True,✅,✅,✅,✅,✅,28.45,35.83,20.6,1.45,80.5,1.578,1.178,1.339
PESI,Industrials,Waste Management,5,True,✅,✅,✅,✅,✅,15.65,21.32,26.6,1.15,29.2,1.576,1.178,1.338
EAT,Consumer Cyclical,Restaurants,5,True,✅,✅,✅,✅,✅,207.2,254.99,18.7,1.01,1031.1,1.567,1.178,1.331
MAN,Industrials,Staffing & Employment Services,5,True,✅,✅,✅,✅,✅,57.41,63.88,10.1,0.68,246.3,1.561,1.178,1.325
VIRT,Financial Services,Capital Markets,5,True,✅,✅,✅,✅,✅,53.4,68.51,22.1,1.08,364.4,1.549,1.178,1.315
UNF,Industrials,Specialty Business Services,5,True,✅,✅,✅,✅,✅,259.09,306.26,15.4,1.15,299.2,1.545,1.178,1.311
RCKY,Consumer Cyclical,Footwear & Accessories,5,True,✅,✅,✅,✅,✅,45.1,52.81,14.6,0.97,11.8,1.542,1.178,1.309
LTRX,Technology,Communication Equipment,5,True,✅,✅,✅,✅,✅,7.01,8.75,19.8,0.92,36.2,1.538,1.178,1.306
ARQT,Healthcare,Biotechnology,5,True,✅,✅,✅,✅,✅,26.92,31.77,15.3,1.14,250.4,1.532,1.178,1.301
INVX,Energy,Oil & Gas Equipment & Services,5,True,✅,✅,✅,✅,✅,28.5,33.71,15.5,0.87,83.0,1.521,1.178,1.291
CTS,Technology,Electronic Components,5,True,✅,✅,✅,✅,✅,59.6,69.55,14.3,0.84,79.8,1.519,1.178,1.29
AU,Basic Materials,Gold,5,True,✅,✅,✅,✅,✅,99.03,124.69,20.6,0.73,1297.3,1.517,1.178,1.288
QUAD,Industrials,Specialty Business Services,5,True,✅,✅,✅,✅,✅,9.43,11.04,14.6,1.03,12.8,1.514,1.178,1.286
CLS,Technology,Electronic Components,5,True,✅,✅,✅,✅,✅,365.44,474.03,22.9,1.07,3824.6,1.499,1.178,1.272
FNKO,Consumer Cyclical,Leisure,5,True,✅,✅,✅,✅,✅,5.5,7.35,25.2,1.04,26.2,1.478,1.178,1.255
REPX,Energy,Oil & Gas E&P,5,True,✅,✅,✅,✅,✅,40.55,45.31,10.5,1.03,51.8,1.476,1.178,1.253
ATLC,Financial Services,Credit Services,5,True,✅,✅,✅,✅,✅,92.5,114.34,19.1,0.75,69.6,1.459,1.178,1.239
PSMT,Consumer Defensive,Discount Stores,5,True,✅,✅,✅,✅,✅,174.73,199.06,12.2,0.77,229.0,1.457,1.178,1.237
ASH,Basic Materials,Specialty Chemicals,5,True,✅,✅,✅,✅,✅,69.06,77.8,11.2,0.82,276.6,1.455,1.178,1.235
DCTH,Healthcare,Medical Devices,5,True,✅,✅,✅,✅,✅,15.6,17.42,10.4,0.63,34.1,1.452,1.178,1.232
SDRL,Energy,Oil & Gas Drilling,5,True,✅,✅,✅,✅,✅,45.57,55.47,17.8,0.56,159.0,1.451,1.178,1.232
ODC,Basic Materials,Specialty Chemicals,5,True,✅,✅,✅,✅,✅,88.6,106.75,17.0,1.07,51.9,1.439,1.178,1.222
DSP,Technology,Software - Application,5,True,✅,✅,✅,✅,✅,12.19,14.8,17.6,1.61,19.4,1.436,1.178,1.219
ZETA,Technology,Software - Infrastructure,5,True,✅,✅,✅,✅,✅,29.45,32.81,10.2,0.65,965.1,1.435,1.178,1.218
CVEO,Consumer Cyclical,Lodging,5,True,✅,✅,✅,✅,✅,32.47,36.5,11.0,0.7,20.1,1.434,1.178,1.217
FIVN,Technology,Software - Infrastructure,5,True,✅,✅,✅,✅,✅,35.77,40.0,10.6,1.16,364.0,1.424,1.178,1.209
AVAH,Healthcare,Medical Care Facilities,5,True,✅,✅,✅,✅,✅,12.41,14.71,15.6,1.15,138.9,1.418,1.178,1.204
NPO,Industrials,Specialty Industrial Machinery,5,True,✅,✅,✅,✅,✅,311.43,389.99,20.1,0.73,353.2,1.409,1.178,1.196
HNST,Consumer Defensive,Household & Personal Products,5,True,✅,✅,✅,✅,✅,5.29,6.01,12.0,0.89,43.3,1.407,1.178,1.194
BRZU,その他,,5,True,✅,✅,✅,✅,✅,98.55,132.07,25.4,0.74,12.9,1.393,1.178,1.183
JHX,Basic Materials,Building Materials,5,True,✅,✅,✅,✅,✅,26.1,31.43,17.0,1.52,1086.9,1.391,1.178,1.18
OVID,Healthcare,Biotechnology,5,True,✅,✅,✅,✅,✅,2.4,3.11,22.7,1.03,25.7,1.387,1.178,1.178
PPIH,Industrials,Building Products & Equipment,5,True,✅,✅,✅,✅,✅,31.74,36.72,13.6,0.6,14.8,1.382,1.178,1.173
DTCR,その他,,5,True,✅,✅,✅,✅,✅,27.84,32.67,14.8,0.47,161.7,1.381,1.178,1.172
VVX,Industrials,Aerospace & Defense,5,True,✅,✅,✅,✅,✅,75.65,93.98,19.5,0.8,251.5,1.38,1.178,1.172
TITN,Industrials,Industrial Distribution,5,True,✅,✅,✅,✅,✅,23.49,26.9,12.7,0.7,23.4,1.376,1.178,1.168
FSBC,Financial Services,Banks - Regional,5,True,✅,✅,✅,✅,✅,43.83,49.99,12.3,0.96,37.4,1.367,1.178,1.161
SNDA,Healthcare,Medical Care Facilities,5,True,✅,✅,✅,✅,✅,37.71,44.39,15.0,0.7,110.1,1.366,1.178,1.159
PRPO,Healthcare,Diagnostics & Research,5,True,✅,✅,✅,✅,✅,23.65,33.63,29.7,0.81,11.7,1.358,1.178,1.152
PRM,Basic Materials,Specialty Chemicals,5,True,✅,✅,✅,✅,✅,29.11,38.17,23.7,0.97,238.5,1.355,1.178,1.15
THFF,Financial Services,Banks - Regional,5,True,✅,✅,✅,✅,✅,75.56,84.17,10.2,1.06,39.6,1.353,1.178,1.148
AROW,Financial Services,Banks - Regional,5,True,✅,✅,✅,✅,✅,37.65,42.37,11.1,0.8,17.1,1.348,1.178,1.144
PRSU,Consumer Cyclical,Travel Services,5,True,✅,✅,✅,✅,✅,49.28,56.52,12.8,0.77,60.9,1.346,1.178,1.143
TARS,Healthcare,Biotechnology,5,True,✅,✅,✅,✅,✅,75.69,91.53,17.3,0.67,281.5,1.345,1.178,1.141
ALSN,Consumer Cyclical,Auto Parts,5,True,✅,✅,✅,✅,✅,113.86,136.97,16.9,0.85,577.9,1.343,1.178,1.14
JOE,Real Estate,Real Estate - Diversified,5,True,✅,✅,✅,✅,✅,65.3,73.02,10.6,1.11,76.5,1.337,1.178,1.134
MGTX,Healthcare,Biotechnology,5,True,✅,✅,✅,✅,✅,10.91,15.35,28.9,1.76,49.8,1.334,1.178,1.132
PHVS,Healthcare,Biotechnology,5,True,✅,✅,✅,✅,✅,32.02,43.25,26.0,1.18,101.6,1.325,1.178,1.125
SCSC,Technology,Electronics & Computer Distribution,5,True,✅,✅,✅,✅,✅,58.3,66.78,12.7,0.82,64.2,1.319,1.178,1.12
INGM,Technology,Information Technology Services,5,True,✅,✅,✅,✅,✅,26.98,31.59,14.6,1.45,197.9,1.314,1.178,1.115
TPC,Industrials,Engineering & Construction,5,True,✅,✅,✅,✅,✅,83.97,102.2,17.8,0.47,254.2,1.303,1.178,1.106
SNDK,Technology,Computer Hardware,4,False,✅,❌,✅,✅,✅,1777.8,2354.39,24.5,0.75,99811.8,18.305,1.178,15.538
CYPH,Financial Services,Asset Management,4,False,✅,✅,✅,✅,❌,4.12,4.19,1.7,3.06,76.4,11.771,1.178,9.992
MRNA,Healthcare,Biotechnology,4,False,✅,✅,✅,✅,❌,198.88,202.67,1.9,1.4,7776.6,8.121,1.178,6.893
MU,Technology,Semiconductors,4,False,✅,❌,✅,✅,✅,1082.28,1254.81,13.7,0.59,193729.2,6.893,1.178,5.851
LITE,Technology,Communication Equipment,4,False,✅,❌,✅,✅,✅,941.65,1085.68,13.3,0.81,21328.0,5.858,1.178,4.972
MXL,Technology,Semiconductors,4,False,✅,❌,✅,✅,✅,93.84,128.3,26.9,1.04,1460.7,5.832,1.178,4.951
CLYM,Healthcare,Biotechnology,4,False,✅,✅,✅,✅,❌,11.66,18.33,36.4,1.17,87.6,5.474,1.178,4.647
BFLY,Healthcare,Medical Devices,4,False,✅,✅,✅,✅,❌,9.39,10.05,6.6,1.2,260.6,4.672,1.178,3.965
QTTB,Healthcare,Biotechnology,4,False,✅,✅,✅,✅,❌,8.77,23.57,62.8,0.56,74.0,4.64,1.178,3.939
OMER,Healthcare,Biotechnology,4,False,✅,✅,✅,✅,❌,20.08,21.24,5.5,0.87,126.3,4.502,1.178,3.822
DELL,Technology,Computer Hardware,4,False,✅,✅,✅,✅,❌,562.89,595.51,5.5,1.01,18531.9,4.36,1.178,3.701
CDNA,Healthcare,Diagnostics & Research,4,False,✅,✅,✅,✅,❌,63.68,65.19,2.3,1.84,209.1,4.265,1.178,3.621
STX,Technology,Computer Hardware,4,False,✅,❌,✅,✅,✅,916.83,1143.27,19.8,0.88,18301.8,4.253,1.178,3.61
DOCN,Technology,Software - Infrastructure,4,False,✅,❌,✅,✅,✅,139.75,187.5,25.5,0.86,2083.9,3.981,1.178,3.38
CHRN,Technology,Information Technology Services,4,False,✅,✅,✅,✅,❌,19.85,30.0,33.8,0.5,27.9,3.927,1.178,3.333
EDRY,Industrials,Marine Shipping,4,False,✅,✅,✅,✅,❌,48.16,73.07,34.1,2.54,20.8,3.925,1.178,3.331
NUAI,Technology,Software - Infrastructure,4,False,✅,❌,✅,✅,✅,7.06,9.44,25.3,1.87,197.3,3.837,1.178,3.257
ATEX,Communication Services,Telecom Services,4,False,✅,❌,✅,✅,✅,81.42,113.0,27.9,0.64,166.7,3.764,1.178,3.195
FORM,Technology,Semiconductor Equipment & Materials,4,False,✅,❌,✅,✅,✅,129.69,160.27,19.1,0.69,917.3,3.676,1.178,3.12
NCEW,Industrials,Integrated Freight & Logistics,4,False,✅,✅,✅,❌,✅,17.63,20.83,15.4,0.43,0.2,3.643,1.178,3.092
INTC,Technology,Semiconductors,4,False,✅,❌,✅,✅,✅,123.0,142.35,13.6,1.07,60975.0,3.465,1.178,2.941
RLAY,Healthcare,Biotechnology,4,False,✅,❌,✅,✅,✅,17.47,21.27,17.9,1.03,296.4,3.379,1.178,2.868
TSEM,Technology,Semiconductors,4,False,✅,❌,✅,✅,✅,230.47,319.94,28.0,0.98,2329.7,3.365,1.178,2.856
QMCO,Technology,Computer Hardware,4,False,✅,✅,✅,✅,❌,31.68,33.0,4.0,2.09,139.0,3.342,1.178,2.837
NVCT,Healthcare,Biotechnology,4,False,✅,✅,✅,✅,❌,20.22,29.27,30.9,0.69,26.8,3.326,1.178,2.823
VNCE,Consumer Cyclical,Apparel Manufacturing,4,False,✅,✅,✅,❌,✅,11.5,12.99,11.5,2.3,9.8,3.286,1.178,2.789
UMC,Technology,Semiconductors,4,False,✅,❌,✅,✅,✅,24.31,28.46,14.6,0.58,1564.3,3.281,1.178,2.785
COHU,Technology,Semiconductor Equipment & Materials,4,False,✅,❌,✅,✅,✅,67.0,74.6,10.2,0.73,330.5,3.259,1.178,2.766
ANAB,Healthcare,Biotechnology,4,False,✅,❌,✅,✅,✅,51.0,72.36,29.5,1.05,159.7,3.244,1.178,2.754
VSTS,Industrials,Rental & Leasing Services,4,False,✅,❌,✅,✅,✅,13.65,16.9,19.2,0.93,102.5,3.145,1.178,2.67
SIMO,Technology,Semiconductors,4,False,✅,❌,✅,✅,✅,276.23,354.28,22.0,0.8,1309.5,3.091,1.178,2.624
RFAI,Financial Services,Shell Companies,4,False,✅,✅,✅,✅,❌,32.75,73.0,55.1,0.21,13.0,3.078,1.178,2.613
SILC,Technology,Communication Equipment,4,False,✅,✅,✅,✅,❌,52.78,53.21,0.8,0.89,38.5,3.053,1.178,2.591
NESR,Energy,Oil & Gas Equipment & Services,4,False,✅,❌,✅,✅,✅,32.13,36.94,13.0,0.77,291.4,3.051,1.178,2.59
IRWD,Healthcare,Drug Manufacturers - Specialty & Generic,4,False,✅,❌,✅,✅,✅,4.13,5.78,28.5,0.98,43.6,2.971,1.178,2.522
PACS,Healthcare,Medical Care Facilities,4,False,✅,❌,✅,✅,✅,41.3,49.49,16.5,0.73,179.8,2.954,1.178,2.508
GH,Healthcare,Diagnostics & Research,4,False,✅,✅,✅,✅,❌,177.25,183.51,3.4,0.89,1757.6,2.953,1.178,2.506
TER,Technology,Semiconductor Equipment & Materials,4,False,✅,❌,✅,✅,✅,398.38,487.72,18.3,0.6,6729.3,2.95,1.178,2.504
ILMN,Healthcare,Diagnostics & Research,4,False,✅,✅,✅,✅,❌,270.0,277.95,2.9,1.46,2294.9,2.945,1.178,2.5
FEIM,Technology,Communication Equipment,4,False,✅,✅,✅,✅,❌,88.43,89.76,1.5,1.22,99.4,2.937,1.178,2.493
TNGX,Healthcare,Biotechnology,4,False,✅,❌,✅,✅,✅,24.92,34.39,27.5,1.2,445.6,2.921,1.178,2.48
LABU,その他,,4,False,✅,❌,✅,✅,✅,252.47,341.93,26.2,0.99,554.2,2.897,1.178,2.459
SMTC,Technology,Semiconductors,4,False,✅,✅,✅,✅,❌,182.3,190.64,4.4,1.04,2493.6,2.895,1.178,2.457
FET,Energy,Oil & Gas Equipment & Services,4,False,✅,✅,✅,✅,❌,82.83,87.42,5.3,0.95,57.8,2.879,1.178,2.444
CLMT,Basic Materials,Specialty Chemicals,4,False,✅,❌,✅,✅,✅,53.65,59.87,10.4,1.49,238.6,2.861,1.178,2.429
CRWL,その他,,4,False,✅,✅,✅,✅,❌,95.34,104.53,8.8,0.66,55.1,2.712,1.178,2.302
ETON,Healthcare,Drug Manufacturers - Specialty & Generic,4,False,✅,❌,✅,✅,✅,57.68,66.37,13.1,1.02,113.6,2.712,1.178,2.302
ABCL,Healthcare,Biotechnology,4,False,✅,✅,✅,✅,❌,12.7,13.18,3.6,0.59,286.2,2.679,1.178,2.274
IRD,Healthcare,Biotechnology,4,False,✅,✅,✅,✅,❌,4.76,7.07,32.7,1.04,43.9,2.615,1.178,2.22
PRLD,Healthcare,Biotechnology,4,False,✅,✅,✅,✅,❌,3.88,6.83,43.3,1.31,10.6,2.583,1.178,2.193
SRZN,Healthcare,Biotechnology,4,False,❌,✅,✅,✅,✅,29.54,37.83,21.9,9.04,39.5,2.555,1.178,2.169
GRAL,Healthcare,Diagnostics & Research,4,False,✅,✅,✅,✅,❌,126.89,127.67,0.6,2.92,310.0,2.545,1.178,2.16
AXGN,Healthcare,Medical Devices,4,False,✅,❌,✅,✅,✅,43.39,52.91,18.0,0.99,249.5,2.529,1.178,2.146
NRXS,Healthcare,Biotechnology,4,False,✅,✅,✅,❌,✅,7.56,9.33,19.0,1.06,3.8,2.528,1.178,2.146
NEXA,Basic Materials,Other Industrial Metals & Mining,4,False,✅,❌,✅,✅,✅,12.44,16.72,25.6,0.69,54.2,2.514,1.178,2.134
RNG,Technology,Software - Application,4,False,✅,✅,✅,✅,❌,76.16,81.9,7.0,1.09,459.5,2.494,1.178,2.117
PALU,その他,,4,False,✅,❌,✅,✅,✅,55.88,67.73,17.5,0.62,35.8,2.485,1.178,2.109
AUGO,Basic Materials,Gold,4,False,✅,❌,✅,✅,✅,83.57,108.18,22.8,1.24,355.0,2.479,1.178,2.104
LRCX,Technology,Semiconductor Equipment & Materials,4,False,✅,❌,✅,✅,✅,315.21,438.03,28.0,0.9,16511.7,2.468,1.178,2.095
ASMG,その他,,4,False,✅,❌,✅,✅,✅,46.41,65.82,29.5,0.43,19.8,2.446,1.178,2.076
NEO,Healthcare,Diagnostics & Research,4,False,✅,✅,✅,✅,❌,19.33,20.05,3.6,1.13,171.5,2.438,1.178,2.069
EWY,その他,,4,False,✅,❌,✅,✅,✅,187.18,220.89,15.3,0.73,16963.1,2.427,1.178,2.06
TOP,Financial Services,Capital Markets,4,False,✅,✅,✅,❌,✅,15.47,17.42,11.2,1.1,4.9,2.417,1.178,2.052
SPHR,Communication Services,Entertainment,4,False,✅,❌,✅,✅,✅,141.13,181.63,22.3,0.83,495.4,2.393,1.178,2.031
AMAT,Technology,Semiconductor Equipment & Materials,4,False,✅,✅,✅,✅,❌,485.0,738.88,34.4,0.7,21896.6,2.392,1.178,2.03
BLTE,Healthcare,Biotechnology,4,False,✅,❌,✅,✅,✅,167.33,200.0,16.3,0.83,151.4,2.391,1.178,2.03
FRO,Energy,Oil & Gas Midstream,4,False,✅,❌,✅,✅,✅,47.73,54.91,13.1,1.63,549.5,2.376,1.178,2.016
ARTV,Healthcare,Biotechnology,4,False,✅,✅,✅,✅,❌,6.99,14.53,51.9,1.06,21.9,2.361,1.178,2.005
PKOH,Industrials,Specialty Industrial Machinery,4,False,✅,✅,✅,✅,❌,48.04,53.3,9.9,0.58,16.6,2.35,1.178,1.995
TVTX,Healthcare,Biotechnology,4,False,✅,❌,✅,✅,✅,59.44,68.73,13.5,1.11,476.5,2.349,1.178,1.994
PVLA,Healthcare,Biotechnology,4,False,✅,❌,✅,✅,✅,138.16,161.38,14.4,0.84,156.5,2.319,1.178,1.968
TH,Industrials,Specialty Business Services,4,False,✅,✅,✅,✅,❌,20.58,21.76,5.4,1.31,138.5,2.318,1.178,1.967
COGT,Healthcare,Biotechnology,4,False,❌,✅,✅,✅,✅,32.31,43.73,26.1,1.22,392.8,2.282,1.178,1.937
FOSL,Consumer Cyclical,Footwear & Accessories,4,False,✅,✅,✅,✅,❌,6.2,6.5,4.6,0.88,20.8,2.279,1.178,1.935
RCEL,Healthcare,Medical Devices,4,False,✅,✅,✅,✅,❌,11.84,12.23,3.2,0.88,13.7,2.277,1.178,1.933
ONTO,Technology,Semiconductor Equipment & Materials,4,False,✅,❌,✅,✅,✅,287.64,386.46,25.6,0.54,1661.2,2.255,1.178,1.914
URGN,Healthcare,Biotechnology,4,False,✅,❌,✅,✅,✅,41.35,50.81,18.6,1.03,148.0,2.255,1.178,1.914
CMPS,Healthcare,Medical Care Facilities,4,False,✅,❌,✅,✅,✅,13.06,15.87,17.7,0.85,220.0,2.252,1.178,1.911
ATI,Industrials,Metal Fabrication,4,False,✅,❌,✅,✅,✅,185.48,243.57,23.8,0.81,1615.8,2.24,1.178,1.901
ADPT,Healthcare,Diagnostics & Research,4,False,✅,✅,✅,✅,❌,29.43,29.96,1.8,0.95,271.0,2.226,1.178,1.89
MG,Industrials,Security & Protection Services,4,False,✅,✅,✅,✅,❌,21.52,21.75,1.1,2.47,23.8,2.223,1.178,1.887
MTW,Industrials,Farm & Heavy Construction Machinery,4,False,✅,✅,✅,✅,❌,22.14,23.17,4.4,1.4,26.7,2.218,1.178,1.883
NBIS,Communication Services,Internet Content & Information,4,False,✅,❌,✅,✅,✅,237.33,299.86,20.9,0.83,21242.3,2.204,1.178,1.871
KOPN,Technology,Electronic Components,4,False,✅,❌,✅,✅,✅,4.99,6.61,24.5,0.49,134.4,2.189,1.178,1.858
LFST,Healthcare,Medical Care Facilities,4,False,✅,❌,✅,✅,✅,11.84,13.56,12.7,1.31,224.3,2.185,1.178,1.854
PAYS,Technology,Software - Infrastructure,4,False,✅,❌,✅,✅,✅,12.67,14.43,12.2,0.9,34.2,2.184,1.178,1.854
ZIM,Industrials,Marine Shipping,4,False,✅,✅,✅,✅,❌,29.19,30.96,5.7,1.02,175.1,2.165,1.178,1.837
BHE,Technology,Electronic Components,4,False,✅,❌,✅,✅,✅,82.52,100.41,17.8,1.27,172.5,2.164,1.178,1.837
AGEN,Healthcare,Biotechnology,4,False,✅,✅,✅,✅,❌,8.54,8.85,3.5,0.29,77.7,2.162,1.178,1.835
PENG,Technology,Information Technology Services,4,False,✅,✅,✅,✅,❌,56.22,89.86,37.4,0.53,863.8,2.146,1.178,1.821
PLPC,Industrials,Electrical Equipment & Parts,4,False,✅,❌,✅,✅,✅,423.33,504.69,16.1,0.76,174.0,2.13,1.178,1.808
OPHC,Financial Services,Banks - Regional,4,False,✅,✅,✅,❌,✅,8.85,10.68,17.1,1.09,3.6,2.122,1.178,1.802
PDEX,Healthcare,Medical Instruments & Supplies,4,False,✅,✅,✅,✅,❌,71.77,77.0,6.8,0.87,23.1,2.112,1.178,1.792
TSMX,その他,,4,False,✅,❌,✅,✅,✅,88.11,105.93,16.8,0.56,294.0,2.111,1.178,1.792
ORMP,Healthcare,Biotechnology,4,False,✅,✅,✅,❌,✅,4.73,5.47,13.5,0.54,5.8,2.105,1.178,1.787
PTGX,Healthcare,Biotechnology,4,False,✅,❌,✅,✅,✅,141.86,160.81,11.8,1.25,406.8,2.104,1.178,1.786
TIGO,Communication Services,Telecom Services,4,False,✅,❌,✅,✅,✅,92.63,107.13,13.5,0.49,651.7,2.101,1.178,1.784
FCEL,Industrials,Electrical Equipment & Parts,4,False,✅,✅,✅,✅,❌,16.49,37.88,56.5,0.46,1066.4,2.087,1.178,1.772
CBLL,Healthcare,Medical Devices,4,False,✅,✅,✅,✅,❌,23.69,25.63,7.6,0.82,37.5,2.084,1.178,1.769
PARR,Energy,Oil & Gas Refining & Marketing,4,False,✅,❌,✅,✅,✅,77.46,87.72,11.7,1.08,333.7,2.084,1.178,1.769
TECL,その他,,4,False,✅,❌,✅,✅,✅,234.5,274.91,14.7,0.56,842.3,2.076,1.178,1.762
FIX,Industrials,Engineering & Construction,4,False,✅,❌,✅,✅,✅,1658.91,2072.92,20.0,0.61,3770.5,2.067,1.178,1.754
BWEN,Industrials,Specialty Industrial Machinery,4,False,✅,❌,✅,✅,✅,4.23,5.7,25.8,0.2,17.3,2.063,1.178,1.752
KRYS,Healthcare,Biotechnology,4,False,✅,✅,✅,✅,❌,345.82,382.54,9.6,0.65,589.9,2.061,1.178,1.749
KNSA,Healthcare,Drug Manufacturers - Specialty & Generic,4,False,✅,✅,✅,✅,❌,75.08,82.94,9.5,0.64,209.5,2.058,1.178,1.747
APPS,Technology,Software - Application,4,False,✅,❌,✅,✅,✅,11.11,15.34,27.6,0.66,246.1,2.057,1.178,1.746
XNCR,Healthcare,Biotechnology,4,False,✅,❌,✅,✅,✅,23.8,30.61,22.2,1.11,106.7,2.057,1.178,1.746
TLYS,Consumer Cyclical,Apparel Retail,4,False,✅,✅,✅,✅,❌,4.27,6.25,31.7,0.81,10.8,2.053,1.178,1.743
IMVT,Healthcare,Biotechnology,4,False,✅,❌,✅,✅,✅,33.3,45.42,26.7,1.38,278.2,2.052,1.178,1.742
PTEN,Energy,Oil & Gas Drilling,4,False,✅,❌,✅,✅,✅,10.91,13.39,18.5,0.87,454.8,2.04,1.178,1.732
TBBB,Consumer Defensive,Discount Stores,4,False,✅,✅,✅,✅,❌,53.56,53.97,0.8,1.21,153.9,2.04,1.178,1.731
FIGS,Consumer Cyclical,Apparel Manufacturing,4,False,✅,❌,✅,✅,✅,13.42,17.48,23.2,0.89,179.4,2.036,1.178,1.729
USD,その他,,4,False,✅,❌,✅,✅,✅,95.52,116.17,17.8,0.62,370.4,2.035,1.178,1.727
NUTR,Consumer Cyclical,Travel Services,4,False,✅,✅,✅,❌,✅,9.0,10.14,11.2,0.0,0.0,2.032,1.212,1.677
HYLN,Consumer Cyclical,Auto Parts,4,False,✅,✅,✅,✅,❌,4.22,8.49,50.3,0.52,104.8,2.029,1.178,1.722
SOPH,Healthcare,Health Information Services,4,False,✅,✅,✅,✅,❌,8.34,8.98,7.1,1.28,14.0,2.019,1.178,1.714
SHIP,Industrials,Marine Shipping,4,False,✅,❌,✅,✅,✅,16.6,19.22,13.6,1.74,23.1,2.018,1.178,1.713
SLN,Healthcare,Biotechnology,4,False,✅,✅,✅,✅,❌,11.18,17.58,36.4,0.91,47.4,2.018,1.178,1.713
FLEX,Technology,Electronic Components,4,False,✅,✅,✅,✅,❌,114.68,166.86,31.3,0.59,3533.3,2.017,1.178,1.712
TSMU,その他,,4,False,✅,❌,✅,✅,✅,76.53,93.29,18.0,0.49,23.8,2.012,1.178,1.708
ARWR,Healthcare,Biotechnology,4,False,✅,✅,✅,✅,❌,65.92,95.49,31.0,1.16,759.8,2.01,1.178,1.706
KALU,Basic Materials,Aluminum,4,False,❌,✅,✅,✅,✅,152.55,199.89,23.7,0.72,206.3,2.009,1.178,1.706
MSBI,Financial Services,Banks - Regional,4,False,✅,✅,✅,✅,❌,33.26,34.76,4.3,1.3,25.4,2.004,1.178,1.701
HZO,Consumer Cyclical,Specialty Retail,4,False,✅,✅,✅,✅,❌,52.44,52.56,0.2,1.17,121.5,2.001,1.178,1.698
CADL,Healthcare,Biotechnology,4,False,✅,❌,✅,✅,✅,11.02,14.0,21.3,0.63,77.4,1.989,1.178,1.688
VRA,Consumer Cyclical,Footwear & Accessories,4,False,✅,✅,✅,❌,✅,4.03,4.58,12.1,0.93,8.0,1.983,1.178,1.683
HNGE,Healthcare,Health Information Services,4,False,✅,✅,✅,✅,❌,95.57,96.66,1.1,0.82,726.8,1.972,1.178,1.674
NBR,Energy,Oil & Gas Drilling,4,False,✅,❌,✅,✅,✅,81.33,112.9,28.0,0.65,112.6,1.952,1.178,1.657
CAKE,Consumer Cyclical,Restaurants,4,False,✅,❌,✅,✅,✅,104.49,118.46,11.8,0.97,661.1,1.943,1.178,1.65
VIR,Healthcare,Biotechnology,4,False,✅,❌,✅,✅,✅,10.66,11.94,10.7,0.9,89.2,1.942,1.178,1.648
ATRO,Industrials,Aerospace & Defense,4,False,✅,❌,✅,✅,✅,69.22,94.46,26.7,0.64,257.1,1.94,1.178,1.647
MT,Basic Materials,Steel,4,False,✅,❌,✅,✅,✅,70.7,79.68,11.3,0.67,549.0,1.94,1.178,1.647
GKOS,Healthcare,Medical Devices,4,False,✅,❌,✅,✅,✅,154.43,191.62,19.4,1.03,656.2,1.932,1.178,1.64
ATNI,Communication Services,Telecom Services,4,False,✅,❌,✅,✅,✅,28.62,33.41,14.3,1.05,10.7,1.931,1.178,1.639
AAMI,Financial Services,Asset Management,4,False,✅,✅,✅,✅,❌,93.88,98.41,4.6,0.7,184.7,1.927,1.178,1.636
DAR,Consumer Defensive,Packaged Foods,4,False,✅,❌,✅,✅,✅,61.29,69.98,12.4,1.12,700.5,1.909,1.178,1.62
FLXS,Consumer Cyclical,"Furnishings, Fixtures & Appliances",4,False,✅,✅,✅,✅,❌,89.37,90.0,0.7,1.2,24.0,1.907,1.178,1.619
MOV,Consumer Cyclical,Luxury Goods,4,False,✅,❌,✅,✅,✅,34.12,40.02,14.7,0.86,39.9,1.907,1.178,1.618
GTX,Consumer Cyclical,Auto Parts,4,False,✅,❌,✅,✅,✅,25.72,36.14,28.8,0.65,400.5,1.895,1.178,1.608
TWIN,Industrials,Specialty Industrial Machinery,4,False,✅,✅,✅,✅,❌,26.13,26.67,2.0,0.63,12.4,1.885,1.178,1.6
CHEF,Consumer Defensive,Food Distribution,4,False,✅,✅,✅,✅,❌,110.27,117.65,6.3,0.81,291.8,1.884,1.178,1.599
HBM,Basic Materials,Copper,4,False,✅,❌,✅,✅,✅,26.63,32.13,17.1,0.85,623.9,1.882,1.178,1.598
LPG,Energy,Oil & Gas Midstream,4,False,✅,❌,✅,✅,✅,53.43,59.97,10.9,0.93,144.5,1.88,1.178,1.596
VIST,Energy,Oil & Gas E&P,4,False,✅,❌,✅,✅,✅,67.43,81.44,17.2,1.03,340.6,1.864,1.178,1.582
HFBL,Financial Services,Banks - Regional,4,False,✅,✅,✅,❌,✅,24.8,28.0,11.4,0.54,0.2,1.861,1.178,1.58
ASML,Technology,Semiconductor Equipment & Materials,4,False,✅,❌,✅,✅,✅,1743.94,1997.38,12.7,0.71,14121.0,1.845,1.178,1.566
DSGN,Healthcare,Biotechnology,4,False,✅,❌,✅,✅,✅,12.12,17.25,29.7,0.65,52.2,1.845,1.178,1.566
ALAB,Technology,Semiconductors,4,False,✅,❌,✅,✅,✅,364.62,499.48,27.0,0.87,8182.9,1.844,1.178,1.565
DCO,Industrials,Aerospace & Defense,4,False,✅,❌,✅,✅,✅,172.15,210.39,18.2,0.97,217.9,1.843,1.178,1.564
ARCB,Industrials,Trucking,4,False,✅,❌,✅,✅,✅,125.16,176.53,29.1,0.63,245.2,1.837,1.178,1.559
PLXS,Technology,Electronic Components,4,False,✅,❌,✅,✅,✅,263.09,307.06,14.3,0.92,363.4,1.836,1.178,1.559
WTTR,Energy,Oil & Gas Equipment & Services,4,False,✅,❌,✅,✅,✅,19.84,22.55,12.0,1.4,164.6,1.831,1.178,1.554
JRSH,Consumer Cyclical,Apparel Manufacturing,4,False,✅,✅,✅,✅,❌,5.68,5.81,2.2,0.16,11.5,1.824,1.178,1.548
CERS,Healthcare,Medical Devices,4,False,✅,❌,✅,✅,✅,2.62,3.47,24.5,1.02,31.8,1.819,1.178,1.544
BTE,Energy,Oil & Gas E&P,4,False,✅,❌,✅,✅,✅,4.53,5.32,14.9,1.05,382.0,1.817,1.178,1.542
NUE,Basic Materials,Steel,4,False,✅,❌,✅,✅,✅,247.25,280.11,11.7,0.9,1762.4,1.814,1.178,1.54
DIOD,Technology,Semiconductors,4,False,✅,❌,✅,✅,✅,95.84,125.99,23.9,0.93,300.6,1.805,1.178,1.532
KFRC,Industrials,Staffing & Employment Services,4,False,✅,❌,✅,✅,✅,51.56,61.2,15.8,1.06,59.7,1.805,1.178,1.532
OII,Energy,Oil & Gas Equipment & Services,4,False,✅,❌,✅,✅,✅,46.26,54.25,14.7,0.79,219.3,1.803,1.178,1.53
SEI,Energy,Oil & Gas Equipment & Services,4,False,✅,❌,✅,✅,✅,70.97,86.02,17.5,0.78,868.7,1.802,1.178,1.53
USEA,Industrials,Marine Shipping,4,False,✅,✅,✅,❌,✅,2.72,3.2,15.0,2.04,1.0,1.799,1.178,1.527
WTI,Energy,Oil & Gas E&P,4,False,✅,❌,✅,✅,✅,3.65,5.07,28.0,0.87,81.3,1.796,1.178,1.524
LSCC,Technology,Semiconductors,4,False,✅,❌,✅,✅,✅,128.05,157.01,18.4,0.93,1188.8,1.795,1.178,1.523
NUVB,Healthcare,Biotechnology,4,False,✅,✅,✅,✅,❌,5.74,9.75,41.1,0.71,167.6,1.794,1.178,1.523
AVR,Healthcare,Medical Instruments & Supplies,4,False,✅,✅,✅,✅,❌,7.69,11.06,30.4,0.77,47.1,1.793,1.178,1.522
SENEB,Consumer Defensive,Packaged Foods,4,False,✅,✅,✅,❌,✅,187.42,208.53,10.1,0.68,0.1,1.793,1.178,1.522
CGON,Healthcare,Biotechnology,4,False,✅,❌,✅,✅,✅,67.15,80.97,17.1,1.24,322.2,1.789,1.178,1.518
BRTX,Healthcare,Biotechnology,4,False,✅,❌,✅,✅,✅,2.55,2.93,12.9,0.01,14.7,1.783,1.178,1.514
CAT,Industrials,Farm & Heavy Construction Machinery,4,False,❌,✅,✅,✅,✅,821.58,1071.47,23.3,0.76,12564.0,1.78,1.178,1.511
MITK,Technology,Software - Application,4,False,✅,❌,✅,✅,✅,17.66,21.05,16.1,0.67,76.1,1.778,1.178,1.51
LGND,Healthcare,Biotechnology,4,False,✅,✅,✅,✅,❌,301.52,326.63,7.7,0.88,425.6,1.777,1.178,1.508
CNC,Healthcare,Healthcare Plans,4,False,✅,❌,✅,✅,✅,61.82,69.63,11.2,0.94,1499.1,1.773,1.178,1.505
CURE,その他,,4,False,✅,❌,✅,✅,✅,134.56,149.64,10.1,0.5,41.8,1.764,1.178,1.498
FTI,Energy,Oil & Gas Equipment & Services,4,False,✅,❌,✅,✅,✅,70.99,80.7,12.0,0.62,1389.4,1.764,1.178,1.498
HP,Energy,Oil & Gas Drilling,4,False,✅,❌,✅,✅,✅,38.57,48.17,19.9,0.79,226.6,1.752,1.178,1.488
OOMA,Technology,Software - Application,4,False,✅,❌,✅,✅,✅,21.77,26.19,16.9,1.24,40.2,1.744,1.178,1.481
ERX,その他,,4,False,✅,❌,✅,✅,✅,101.99,115.4,11.6,1.18,139.5,1.734,1.178,1.472
MYO,Healthcare,Medical Devices,4,False,✅,✅,✅,❌,✅,1.61,1.88,14.6,0.49,4.5,1.729,1.178,1.468
CMDB,Industrials,Marine Shipping,4,False,✅,✅,✅,❌,✅,21.9,24.76,11.6,0.96,6.1,1.723,1.178,1.463
ROG,Technology,Electronic Components,4,False,✅,❌,✅,✅,✅,137.76,169.0,18.5,1.01,176.5,1.721,1.178,1.461
GOLD,Financial Services,Capital Markets,4,False,✅,✅,✅,✅,❌,43.95,64.48,31.8,1.0,103.8,1.719,1.178,1.46
IMAX,Communication Services,Entertainment,4,False,✅,✅,✅,✅,❌,56.05,56.67,1.1,0.89,259.1,1.719,1.178,1.459
NVT,Industrials,Electrical Equipment & Parts,4,False,✅,❌,✅,✅,✅,164.41,184.4,10.8,0.75,1662.6,1.706,1.178,1.448
SENEA,Consumer Defensive,Packaged Foods,4,False,✅,❌,✅,✅,✅,182.66,210.0,13.0,0.82,100.0,1.7,1.178,1.443
STLD,Basic Materials,Steel,4,False,✅,❌,✅,✅,✅,233.66,288.09,18.9,0.62,1381.2,1.693,1.178,1.437
JBHT,Industrials,Integrated Freight & Logistics,4,False,❌,✅,✅,✅,✅,225.46,299.26,24.7,1.09,1331.6,1.691,1.178,1.435
AEIS,Industrials,Electrical Equipment & Parts,4,False,❌,✅,✅,✅,✅,279.68,397.18,29.6,0.65,1199.4,1.683,1.178,1.428
SKM,Communication Services,Telecom Services,4,False,✅,❌,✅,✅,✅,36.3,47.18,23.1,0.43,410.1,1.683,1.178,1.429
CODI,Industrials,Conglomerates,4,False,✅,❌,✅,✅,✅,11.25,13.25,15.1,0.56,40.8,1.674,1.178,1.421
EDC,その他,,4,False,✅,❌,✅,✅,✅,80.94,103.6,21.9,0.67,37.3,1.674,1.178,1.421
AXSM,Healthcare,Biotechnology,4,False,❌,✅,✅,✅,✅,195.09,260.19,25.0,0.8,850.3,1.671,1.178,1.418
XMAX,Consumer Cyclical,"Furnishings, Fixtures & Appliances",4,False,✅,✅,✅,✅,❌,8.71,9.4,7.3,0.45,42.5,1.669,1.178,1.416
CTKB,Healthcare,Medical Devices,4,False,✅,✅,✅,✅,❌,5.65,6.18,8.6,1.5,27.3,1.662,1.178,1.411
EZPW,Financial Services,Credit Services,4,False,✅,❌,✅,✅,✅,31.16,37.13,16.1,0.68,146.9,1.661,1.178,1.41
COKE,Consumer Defensive,Beverages - Non-Alcoholic,4,False,✅,❌,✅,✅,✅,190.29,219.06,13.1,0.89,488.9,1.66,1.178,1.409
ATRC,Healthcare,Medical Instruments & Supplies,4,False,✅,✅,✅,✅,❌,58.38,61.7,5.4,1.23,201.1,1.659,1.178,1.408
BB,Technology,Software - Infrastructure,4,False,✅,✅,✅,✅,❌,8.21,13.59,39.6,1.24,1090.2,1.655,1.178,1.405
TX,Basic Materials,Steel,4,False,✅,✅,✅,✅,❌,55.36,58.73,5.7,0.76,135.1,1.653,1.178,1.403
ASRV,Financial Services,Banks - Regional,4,False,✅,✅,✅,❌,✅,4.68,5.38,13.0,0.79,0.4,1.651,1.178,1.402
KOP,Basic Materials,Specialty Chemicals,4,False,✅,❌,✅,✅,✅,46.27,52.9,12.5,0.73,40.6,1.644,1.178,1.395
SBLK,Industrials,Marine Shipping,4,False,✅,❌,✅,✅,✅,29.54,32.88,10.2,1.47,198.0,1.644,1.178,1.396
MBIN,Financial Services,Banks - Regional,4,False,✅,✅,✅,✅,❌,52.1,56.75,8.2,0.87,42.7,1.641,1.178,1.393
RSKD,Technology,Software - Application,4,False,✅,✅,✅,✅,❌,7.78,8.16,4.7,3.2,41.9,1.641,1.178,1.393
CLBK,Financial Services,Banks - Regional,4,False,✅,✅,✅,✅,❌,11.33,12.0,5.6,1.15,220.1,1.637,1.178,1.389
ENTG,Technology,Semiconductor Equipment & Materials,4,False,✅,❌,✅,✅,✅,151.89,186.78,18.7,0.76,1961.8,1.637,1.178,1.39
KNX,Industrials,Trucking,4,False,✅,❌,✅,✅,✅,63.67,82.62,22.9,0.96,1396.0,1.626,1.178,1.38
SPB,Consumer Defensive,Household & Personal Products,4,False,✅,❌,✅,✅,✅,84.91,98.53,13.8,0.76,145.8,1.625,1.178,1.38
RYOJ,Industrials,Consulting Services,4,False,✅,✅,✅,✅,❌,3.73,11.43,67.4,0.01,17.2,1.622,1.178,1.377
CSCO,Technology,Communication Equipment,4,False,✅,❌,✅,✅,✅,106.7,129.88,17.8,1.07,12897.7,1.62,1.178,1.375
BHP,Basic Materials,Other Industrial Metals & Mining,4,False,✅,❌,✅,✅,✅,84.97,96.6,12.0,1.14,1094.8,1.617,1.178,1.373
PR,Energy,Oil & Gas E&P,4,False,✅,❌,✅,✅,✅,21.36,24.65,13.3,1.03,1001.9,1.616,1.178,1.371
ENS,Industrials,Electrical Equipment & Parts,4,False,❌,✅,✅,✅,✅,178.89,243.62,26.6,0.87,531.9,1.612,1.178,1.369
ADI,Technology,Semiconductors,4,False,✅,❌,✅,✅,✅,393.6,444.56,11.5,0.71,8148.9,1.61,1.178,1.366
PGC,Financial Services,Banks - Regional,4,False,✅,✅,✅,✅,❌,45.03,49.09,8.3,0.79,36.8,1.609,1.178,1.366
TALO,Energy,Oil & Gas E&P,4,False,✅,❌,✅,✅,✅,16.47,18.73,12.0,1.04,146.4,1.608,1.178,1.365
OSCR,Healthcare,Healthcare Plans,4,False,✅,❌,✅,✅,✅,29.6,34.48,14.2,1.08,859.8,1.607,1.178,1.364
PNTG,Healthcare,Medical Care Facilities,4,False,✅,✅,✅,✅,❌,40.77,42.74,4.6,0.96,55.4,1.605,1.178,1.362
TS,Energy,Oil & Gas Equipment & Services,4,False,✅,❌,✅,✅,✅,55.47,64.6,14.1,0.82,361.4,1.6,1.178,1.358
ZYME,Healthcare,Biotechnology,4,False,✅,❌,✅,✅,✅,26.52,31.34,15.4,1.0,79.8,1.598,1.178,1.356
CCO,Communication Services,Advertising Agencies,4,False,✅,✅,✅,✅,❌,2.36,2.44,3.3,0.46,86.5,1.595,1.178,1.354
CTRN,Consumer Cyclical,Apparel Retail,4,False,✅,✅,✅,✅,❌,49.03,77.91,37.1,1.0,50.5,1.595,1.178,1.354
OBE,Energy,Oil & Gas E&P,4,False,✅,❌,✅,✅,✅,10.69,14.59,26.7,1.03,41.3,1.593,1.178,1.352
POWW,Industrials,Aerospace & Defense,4,False,✅,✅,✅,❌,✅,2.29,2.67,14.2,0.74,7.3,1.59,1.178,1.35
NGNE,Healthcare,Biotechnology,4,False,✅,✅,✅,✅,❌,28.31,43.66,35.2,2.12,38.4,1.589,1.178,1.349
ACA,Industrials,Engineering & Construction,4,False,✅,✅,✅,✅,❌,146.62,146.87,0.2,1.06,456.3,1.586,1.178,1.346
GEV,Industrials,Specialty Industrial Machinery,4,False,✅,❌,✅,✅,✅,957.63,1195.94,19.9,0.76,12526.9,1.586,1.178,1.346
IAG,Basic Materials,Gold,4,False,✅,❌,✅,✅,✅,19.7,24.87,20.8,1.1,471.3,1.586,1.178,1.346
ATKR,Industrials,Electrical Equipment & Parts,4,False,✅,✅,✅,✅,❌,94.57,94.65,0.1,0.85,298.6,1.585,1.178,1.345
USIO,Technology,Software - Infrastructure,4,False,✅,✅,✅,❌,✅,2.33,3.06,23.9,1.01,3.2,1.585,1.178,1.345
WBD,Communication Services,Entertainment,4,False,✅,✅,✅,✅,❌,30.86,30.92,0.2,4.26,3428.8,1.582,1.178,1.343
CSTL,Healthcare,Diagnostics & Research,4,False,✅,❌,✅,✅,✅,35.81,44.28,19.1,1.07,51.9,1.577,1.178,1.338
TRVG,Communication Services,Internet Content & Information,4,False,✅,✅,✅,❌,✅,5.44,6.8,20.0,1.47,3.5,1.577,1.178,1.338
TKR,Industrials,Tools & Accessories,4,False,✅,❌,✅,✅,✅,117.45,145.98,19.5,1.02,617.3,1.576,1.178,1.338
KB,Financial Services,Banks - Regional,4,False,✅,✅,✅,✅,❌,127.26,133.29,4.5,0.5,134.7,1.574,1.178,1.336
CHMG,Financial Services,Banks - Regional,4,False,✅,✅,✅,✅,❌,82.0,85.65,4.3,1.21,22.0,1.569,1.178,1.332
WHD,Energy,Oil & Gas Equipment & Services,4,False,✅,❌,✅,✅,✅,64.3,73.91,13.0,0.84,233.7,1.564,1.178,1.328
COPX,その他,,4,False,✅,❌,✅,✅,✅,86.73,99.65,13.0,0.55,1347.2,1.563,1.178,1.327
NVRI,Industrials,Waste Management,4,False,✅,❌,✅,✅,✅,19.15,24.2,20.9,0.38,73.5,1.562,1.178,1.326
HL,Basic Materials,Other Precious Metals & Mining,4,False,✅,✅,✅,✅,❌,18.19,34.15,46.7,1.41,2695.2,1.56,1.178,1.324
BLFS,Healthcare,Medical Instruments & Supplies,4,False,✅,✅,✅,✅,❌,38.49,38.89,1.0,0.87,148.7,1.558,1.178,1.323
FBT,その他,,4,False,✅,✅,✅,✅,❌,272.86,274.99,0.8,3.0,78.5,1.555,1.178,1.32
MPWR,Technology,Semiconductors,4,False,❌,✅,✅,✅,✅,1367.43,1711.48,20.1,1.06,5651.8,1.551,1.178,1.317
CARE,Financial Services,Banks - Regional,4,False,✅,❌,✅,✅,✅,30.31,35.95,15.7,0.82,54.6,1.549,1.178,1.315
SLDE,その他,,4,False,✅,❌,✅,✅,✅,23.1,26.75,13.6,0.9,123.3,1.549,1.178,1.315
PANL,Industrials,Marine Shipping,4,False,✅,❌,✅,✅,✅,8.01,9.21,13.1,0.82,18.7,1.548,1.178,1.314
TXN,Technology,Semiconductors,4,False,✅,❌,✅,✅,✅,278.07,332.33,16.3,0.78,10626.3,1.546,1.178,1.312
TD,Financial Services,Banks - Diversified,4,False,✅,✅,✅,✅,❌,120.65,125.47,3.8,0.55,1282.9,1.545,1.178,1.311
AVAL,Financial Services,Banks - Regional,4,False,✅,✅,✅,❌,✅,4.96,6.15,19.3,0.6,5.2,1.544,1.178,1.31
CROX,Consumer Cyclical,Footwear & Accessories,4,False,✅,❌,✅,✅,✅,126.14,141.28,10.7,1.02,664.9,1.543,1.178,1.31
STGW,Communication Services,Advertising Agencies,4,False,✅,❌,✅,✅,✅,8.32,9.55,12.9,0.85,52.4,1.538,1.178,1.305
BDL,Consumer Cyclical,Restaurants,4,False,✅,✅,✅,❌,✅,45.12,52.12,13.4,1.02,5.3,1.537,1.178,1.304
GNK,Industrials,Marine Shipping,4,False,✅,✅,✅,✅,❌,26.09,28.42,8.2,1.04,55.6,1.537,1.178,1.305
VAC,Consumer Cyclical,Resorts & Casinos,4,False,✅,❌,✅,✅,✅,102.82,130.3,21.1,0.91,237.3,1.537,1.178,1.305
NE,Energy,Oil & Gas Drilling,4,False,✅,❌,✅,✅,✅,42.82,53.83,20.4,0.85,294.5,1.536,1.178,1.304
SII,Financial Services,Asset Management,4,False,✅,❌,✅,✅,✅,124.34,168.53,26.2,0.69,102.8,1.535,1.178,1.303
RIO,Basic Materials,Other Industrial Metals & Mining,4,False,✅,❌,✅,✅,✅,94.56,110.16,14.2,0.75,1150.4,1.533,1.178,1.301
ROKU,Communication Services,Entertainment,4,False,✅,✅,✅,✅,❌,152.68,159.89,4.5,0.49,2434.7,1.533,1.178,1.301
ZD,Communication Services,Advertising Agencies,4,False,✅,✅,✅,✅,❌,56.51,60.48,6.6,0.87,159.0,1.533,1.178,1.301
SWBI,Industrials,Aerospace & Defense,4,False,❌,✅,✅,✅,✅,14.26,17.23,17.3,0.73,45.6,1.531,1.178,1.299
VREX,Healthcare,Medical Devices,4,False,✅,✅,✅,✅,❌,18.45,18.63,1.0,0.74,52.9,1.53,1.178,1.299
CTOS,Industrials,Rental & Leasing Services,4,False,✅,❌,✅,✅,✅,9.45,12.23,22.7,0.83,49.1,1.529,1.178,1.298
NTCT,Technology,Software - Infrastructure,4,False,✅,❌,✅,✅,✅,39.44,45.28,12.9,0.78,122.3,1.529,1.178,1.298
P,Technology,Computer Hardware,4,False,✅,✅,✅,✅,❌,126.0,131.41,4.1,1.71,1895.3,1.529,1.178,1.298
UFPT,Healthcare,Medical Devices,4,False,✅,❌,✅,✅,✅,295.65,338.71,12.7,0.68,223.8,1.528,1.178,1.297
MSGM,Communication Services,Electronic Gaming & Multimedia,4,False,✅,✅,✅,❌,✅,4.28,5.56,23.0,0.84,1.5,1.523,1.178,1.293
SAFT,Financial Services,Insurance - Property & Casualty,4,False,✅,✅,✅,✅,❌,103.51,103.88,0.4,0.75,79.5,1.523,1.178,1.293
KEX,Industrials,Marine Shipping,4,False,✅,❌,✅,✅,✅,128.88,157.69,18.3,1.02,363.3,1.521,1.178,1.291
FISI,Financial Services,Banks - Regional,4,False,✅,✅,✅,✅,❌,40.23,42.63,5.6,0.8,29.5,1.52,1.178,1.29
FDX,Industrials,Integrated Freight & Logistics,4,False,✅,❌,✅,✅,✅,285.85,342.73,16.6,1.13,2748.6,1.517,1.178,1.288
LILA,Communication Services,Telecom Services,4,False,✅,✅,✅,✅,❌,8.48,8.98,5.6,0.56,22.7,1.517,1.178,1.287
TBI,Industrials,Staffing & Employment Services,4,False,✅,❌,✅,✅,✅,9.44,11.03,14.4,1.0,12.4,1.513,1.178,1.284
IBTA,Technology,Software - Application,4,False,✅,✅,✅,✅,❌,41.06,43.43,5.5,0.9,36.9,1.512,1.178,1.284
WDS,Energy,Oil & Gas E&P,4,False,✅,❌,✅,✅,✅,22.04,24.58,10.4,0.83,79.2,1.512,1.178,1.283
NRC,Healthcare,Health Information Services,4,False,✅,❌,✅,✅,✅,19.57,23.68,17.4,1.08,12.1,1.509,1.178,1.281
RDVT,Technology,Software - Application,4,False,✅,✅,✅,✅,❌,78.55,80.39,2.3,0.93,68.1,1.509,1.178,1.281
ENTX,Healthcare,Biotechnology,4,False,✅,✅,✅,✅,❌,2.74,4.2,34.6,0.32,21.4,1.508,1.178,1.28
OBT,Financial Services,Banks - Regional,4,False,✅,✅,✅,✅,❌,37.82,39.91,5.2,1.0,11.1,1.508,1.178,1.28
AMTB,Financial Services,Banks - Regional,4,False,✅,✅,✅,✅,❌,29.57,30.51,3.1,1.04,44.5,1.507,1.178,1.279
FRST,Financial Services,Banks - Regional,4,False,✅,✅,✅,✅,❌,15.69,16.88,7.0,0.69,15.3,1.507,1.178,1.28
DAL,Industrials,Airlines,4,False,✅,❌,✅,✅,✅,84.94,95.53,11.1,1.16,2722.6,1.501,1.178,1.274
TMP,Financial Services,Banks - Regional,4,False,✅,✅,✅,✅,❌,99.57,102.59,2.9,1.1,44.1,1.499,1.178,1.272
KRNY,Financial Services,Banks - Regional,4,False,✅,✅,✅,✅,❌,9.36,10.24,8.6,0.91,24.9,1.498,1.178,1.271
RCMT,Industrials,Conglomerates,4,False,✅,✅,✅,✅,❌,40.47,43.09,6.1,0.87,11.6,1.498,1.178,1.272
INDV,Healthcare,Drug Manufacturers - Specialty & Generic,4,False,❌,✅,✅,✅,✅,35.82,42.81,16.3,0.82,363.5,1.497,1.178,1.271
PBI,Industrials,Integrated Freight & Logistics,4,False,✅,❌,✅,✅,✅,16.38,18.96,13.6,0.59,183.0,1.496,1.178,1.27
SDGR,Healthcare,Health Information Services,4,False,✅,✅,✅,✅,❌,28.85,31.59,8.7,1.73,134.5,1.495,1.178,1.269
SNOW,Technology,Software - Application,4,False,✅,❌,✅,✅,✅,335.94,384.56,12.6,0.58,8531.2,1.495,1.178,1.269
OIH,その他,,4,False,✅,❌,✅,✅,✅,393.68,459.28,14.3,0.72,591.9,1.494,1.178,1.269
CRESY,Industrials,Conglomerates,4,False,✅,❌,✅,✅,✅,12.71,14.21,10.6,1.07,15.3,1.492,1.178,1.267
DAVE,Technology,Software - Application,4,False,✅,❌,✅,✅,✅,324.88,458.25,29.1,0.77,796.5,1.49,1.178,1.264
LILAK,Communication Services,Telecom Services,4,False,✅,✅,✅,✅,❌,8.49,8.91,4.8,0.91,53.1,1.49,1.178,1.264
SNDR,Industrials,Trucking,4,False,✅,❌,✅,✅,✅,31.25,39.15,20.2,0.72,150.5,1.49,1.178,1.264
KRO,Basic Materials,Specialty Chemicals,4,False,✅,✅,✅,✅,❌,8.25,9.12,9.5,1.26,13.2,1.489,1.178,1.264
HTFL,Healthcare,Health Information Services,4,False,✅,✅,✅,✅,❌,49.17,52.22,5.8,0.86,324.4,1.487,1.178,1.262
SLB,Energy,Oil & Gas Equipment & Services,4,False,✅,❌,✅,✅,✅,51.54,60.46,14.8,0.79,3361.9,1.486,1.178,1.262
ACNB,Financial Services,Banks - Regional,4,False,✅,✅,✅,✅,❌,63.73,67.6,5.7,0.79,20.4,1.483,1.178,1.259
KOS,Energy,Oil & Gas E&P,4,False,✅,❌,✅,✅,✅,2.65,3.34,20.7,1.01,171.7,1.48,1.178,1.257
BVN,Basic Materials,Other Precious Metals & Mining,4,False,✅,❌,✅,✅,✅,33.17,43.41,23.6,0.88,180.8,1.478,1.178,1.255
BWFG,Financial Services,Banks - Regional,4,False,✅,✅,✅,✅,❌,66.48,69.38,4.2,0.93,20.7,1.475,1.178,1.252
CUE,Healthcare,Biotechnology,4,False,✅,✅,✅,✅,❌,31.41,45.5,31.0,6.08,29.3,1.475,1.178,1.252
TDW,Energy,Oil & Gas Equipment & Services,4,False,✅,❌,✅,✅,✅,84.74,101.58,16.6,0.7,262.9,1.472,1.178,1.249
KFFB,Financial Services,Banks - Regional,4,False,✅,✅,✅,❌,✅,5.58,6.45,13.5,0.59,0.1,1.469,1.178,1.247
ALKS,Healthcare,Drug Manufacturers - Specialty & Generic,4,False,✅,❌,✅,✅,✅,40.85,55.67,26.6,1.4,456.3,1.465,1.178,1.243
MFC,Financial Services,Insurance - Life,4,False,✅,✅,✅,✅,❌,43.86,44.95,2.4,0.58,441.5,1.465,1.178,1.243
DNLI,Healthcare,Biotechnology,4,False,✅,❌,✅,✅,✅,20.39,27.3,25.3,1.25,182.5,1.462,1.178,1.241
EGO,Basic Materials,Gold,4,False,✅,❌,✅,✅,✅,41.92,50.88,17.6,0.94,480.0,1.461,1.178,1.24
AMCX,Communication Services,Entertainment,4,False,✅,✅,✅,✅,❌,12.16,12.93,6.0,0.8,32.4,1.46,1.178,1.239
ALRS,Financial Services,Banks - Regional,4,False,✅,✅,✅,✅,❌,32.17,34.4,6.5,1.06,31.0,1.459,1.178,1.238
HBT,Financial Services,Banks - Regional,4,False,✅,✅,✅,✅,❌,36.25,37.51,3.4,0.81,23.5,1.459,1.178,1.239
STRZ,Communication Services,Entertainment,4,False,✅,✅,✅,✅,❌,21.07,32.58,35.3,3.31,24.6,1.459,1.178,1.239
NX,Industrials,Building Products & Equipment,4,False,✅,❌,✅,✅,✅,19.74,23.24,15.1,0.98,36.9,1.456,1.178,1.236
CNXN,Technology,Electronics & Computer Distribution,4,False,✅,✅,✅,✅,❌,89.32,90.54,1.3,1.07,54.4,1.455,1.178,1.235
FAI,その他,,4,False,✅,✅,✅,✅,❌,56.93,58.27,2.3,0.8,13.7,1.451,1.178,1.232
JWEL,Consumer Cyclical,Internet Retail,4,False,✅,✅,✅,✅,❌,2.61,5.17,49.5,0.06,13.7,1.451,1.178,1.232
RUSHB,Consumer Cyclical,Auto & Truck Dealerships,4,False,✅,✅,✅,✅,❌,55.19,57.38,3.8,0.7,35.8,1.451,1.178,1.232
ANGO,Healthcare,Medical Instruments & Supplies,4,False,✅,✅,✅,✅,❌,15.49,16.29,4.9,1.17,28.6,1.45,1.178,1.231
EPC,Consumer Defensive,Household & Personal Products,4,False,✅,✅,✅,✅,❌,27.82,29.79,6.6,0.74,95.1,1.45,1.178,1.231
QTEC,その他,,4,False,✅,✅,✅,✅,❌,330.63,340.23,2.8,2.81,399.0,1.449,1.178,1.23
CAH,Healthcare,Medical Distribution,4,False,✅,❌,✅,✅,✅,220.22,258.3,14.7,1.02,2303.5,1.448,1.178,1.229
JOYY,Communication Services,Internet Content & Information,4,False,✅,✅,✅,✅,❌,79.77,81.26,1.8,1.56,113.7,1.448,1.178,1.229
HG,Financial Services,Insurance - Reinsurance,4,False,✅,❌,✅,✅,✅,33.29,37.31,10.8,1.01,72.6,1.446,1.178,1.227
ARMK,Industrials,Specialty Business Services,4,False,✅,❌,✅,✅,✅,54.92,62.53,12.2,0.81,729.6,1.445,1.178,1.226
ESI,Basic Materials,Specialty Chemicals,4,False,❌,✅,✅,✅,✅,35.71,49.14,27.3,0.92,857.1,1.444,1.178,1.226
EGY,Energy,Oil & Gas E&P,4,False,✅,❌,✅,✅,✅,5.82,6.59,11.7,1.01,35.2,1.442,1.178,1.224
FIVE,Consumer Cyclical,Specialty Retail,4,False,✅,❌,✅,✅,✅,222.6,263.88,15.6,1.0,1291.0,1.438,1.178,1.221
NEM,Basic Materials,Gold,4,False,✅,❌,✅,✅,✅,121.43,135.01,10.1,0.66,4158.2,1.438,1.178,1.22
OPPJ,その他,,4,False,✅,✅,✅,✅,❌,59.93,61.45,2.5,0.49,17.7,1.436,1.178,1.219
RBB,Financial Services,Banks - Regional,4,False,✅,✅,✅,✅,❌,26.58,28.07,5.3,0.67,19.7,1.436,1.178,1.219
LIVN,Healthcare,Medical Devices,4,False,✅,❌,✅,✅,✅,76.63,85.76,10.6,1.05,261.4,1.434,1.178,1.217
AVTX,Healthcare,Biotechnology,4,False,✅,✅,✅,✅,❌,15.47,24.27,36.3,0.88,108.6,1.432,1.178,1.216
AVBC,Financial Services,Banks - Regional,4,False,✅,✅,✅,✅,❌,21.68,22.84,5.1,1.01,14.0,1.431,1.178,1.215
CM,Financial Services,Banks - Diversified,4,False,✅,✅,✅,✅,❌,113.6,124.86,9.0,2.02,719.6,1.428,1.178,1.212
LTH,Consumer Cyclical,Leisure,4,False,✅,❌,✅,✅,✅,39.97,47.24,15.4,1.39,582.1,1.428,1.178,1.212
MASS,Healthcare,Medical Devices,4,False,✅,✅,✅,✅,❌,11.44,11.72,2.3,1.0,15.8,1.428,1.178,1.212
MGA,Consumer Cyclical,Auto Parts,4,False,✅,❌,✅,✅,✅,65.0,73.22,11.2,0.94,382.2,1.426,1.178,1.211
NOVT,Technology,Scientific & Technical Instruments,4,False,✅,❌,✅,✅,✅,143.93,176.38,18.4,0.87,352.2,1.425,1.178,1.209
OVV,Energy,Oil & Gas E&P,4,False,✅,❌,✅,✅,✅,60.13,67.41,10.8,0.86,968.1,1.425,1.178,1.21
ENVA,Financial Services,Credit Services,4,False,✅,✅,✅,✅,❌,173.48,267.45,35.1,1.08,359.8,1.423,1.178,1.208
DJCO,Technology,Software - Application,4,False,✅,✅,✅,✅,❌,656.86,692.5,5.1,1.1,139.6,1.42,1.178,1.205
MPTI,Technology,Electronic Components,4,False,❌,✅,✅,✅,✅,74.05,104.85,29.4,0.45,64.7,1.42,1.178,1.206
UVSP,Financial Services,Banks - Regional,4,False,✅,✅,✅,✅,❌,42.16,45.23,6.8,0.94,46.9,1.411,1.178,1.198
HCC,Basic Materials,Coking Coal,4,False,✅,❌,✅,✅,✅,89.51,111.42,19.7,0.73,314.8,1.41,1.178,1.197
BWA,Consumer Cyclical,Auto Parts,4,False,✅,❌,✅,✅,✅,61.32,78.61,22.0,1.15,877.5,1.409,1.178,1.196
LOCO,Consumer Cyclical,Restaurants,4,False,✅,❌,✅,✅,✅,14.09,17.4,19.0,0.65,20.8,1.408,1.178,1.195
TECH,Healthcare,Biotechnology,4,False,✅,✅,✅,✅,❌,72.61,72.69,0.1,0.84,1341.1,1.408,1.178,1.195
BMHL,Financial Services,Capital Markets,4,False,✅,✅,✅,❌,✅,5.11,6.35,19.5,0.16,0.1,1.404,1.178,1.192
CRGY,Energy,Oil & Gas E&P,4,False,✅,❌,✅,✅,✅,13.15,15.47,15.0,0.95,362.3,1.404,1.178,1.192
SI,その他,,4,False,✅,✅,✅,✅,❌,16.99,24.59,30.9,0.74,11.2,1.404,1.178,1.192
CLOV,Healthcare,Healthcare Plans,4,False,✅,❌,✅,✅,✅,4.49,5.59,19.7,0.59,131.5,1.403,1.178,1.191
DD,Basic Materials,Specialty Chemicals,4,False,❌,✅,✅,✅,✅,131.71,156.04,15.6,0.66,913.1,1.402,1.178,1.19
WKC,Energy,Oil & Gas Refining & Marketing,4,False,✅,❌,✅,✅,✅,35.65,41.2,13.5,0.86,182.1,1.4,1.178,1.188
GOOGL,Communication Services,Internet Content & Information,4,False,✅,❌,✅,✅,✅,343.92,408.1,15.7,0.97,51103.4,1.399,1.178,1.187
NWG,Financial Services,Banks - Regional,4,False,✅,✅,✅,✅,❌,18.49,19.41,4.7,0.9,330.1,1.399,1.178,1.187
CFFI,Financial Services,Banks - Regional,4,False,✅,✅,✅,✅,❌,93.6,97.07,3.6,2.57,12.8,1.398,1.178,1.187
VEON,Communication Services,Telecom Services,4,False,✅,✅,✅,✅,❌,73.52,75.0,2.0,2.03,31.6,1.398,1.178,1.186
RLGT,Industrials,Integrated Freight & Logistics,4,False,✅,✅,✅,❌,✅,8.58,10.2,15.9,1.15,8.4,1.397,1.178,1.186
PLGO,Financial Services,Insurance - Diversified,4,False,✅,✅,✅,✅,❌,23.96,26.18,8.5,1.12,52.2,1.395,1.178,1.184
SLF,Financial Services,Insurance - Diversified,4,False,✅,✅,✅,✅,❌,79.91,83.65,4.5,0.65,282.7,1.395,1.178,1.184
CSX,Industrials,Railroads,4,False,✅,❌,✅,✅,✅,46.78,53.45,12.5,0.99,2787.6,1.393,1.178,1.183
VKTX,Healthcare,Biotechnology,4,False,❌,✅,✅,✅,✅,35.56,43.15,17.6,6.91,515.8,1.391,1.178,1.18
CBAT,Industrials,Electrical Equipment & Parts,4,False,✅,✅,✅,❌,✅,1.25,1.55,19.4,3.69,1.6,1.389,1.178,1.179
FBIZ,Financial Services,Banks - Regional,4,False,✅,✅,✅,✅,❌,70.53,73.74,4.4,1.36,17.7,1.389,1.178,1.179
UFI,Consumer Cyclical,Textile Manufacturing,4,False,✅,✅,✅,❌,✅,6.6,8.47,22.1,0.56,3.1,1.389,1.178,1.179
ICUI,Healthcare,Medical Instruments & Supplies,4,False,✅,❌,✅,✅,✅,164.95,192.85,14.5,1.05,222.0,1.388,1.178,1.178
BSRR,Financial Services,Banks - Regional,4,False,✅,✅,✅,✅,❌,39.9,42.84,6.9,0.62,12.0,1.386,1.178,1.176
PDS,Energy,Oil & Gas Drilling,4,False,✅,❌,✅,✅,✅,81.87,103.8,21.1,0.77,43.1,1.386,1.178,1.176
SMBK,Financial Services,Banks - Regional,4,False,✅,✅,✅,✅,❌,50.32,54.14,7.1,1.0,26.0,1.386,1.178,1.176
CTBI,Financial Services,Banks - Regional,4,False,✅,✅,✅,✅,❌,75.56,79.19,4.6,1.12,39.0,1.385,1.178,1.175
FVCB,Financial Services,Banks - Regional,4,False,✅,✅,✅,✅,❌,17.98,19.11,5.9,0.45,12.3,1.385,1.178,1.175
SPNT,Financial Services,Insurance - Reinsurance,4,False,✅,✅,✅,✅,❌,25.38,26.5,4.2,2.04,95.1,1.385,1.178,1.176
CORT,Healthcare,Biotechnology,4,False,✅,✅,✅,✅,❌,116.1,126.38,8.1,0.8,574.5,1.384,1.178,1.175
RS,Basic Materials,Steel,4,False,✅,❌,✅,✅,✅,387.28,433.02,10.6,0.72,650.3,1.384,1.178,1.175
SA,Basic Materials,Gold,4,False,✅,❌,✅,✅,✅,30.3,40.06,24.4,0.57,107.7,1.384,1.178,1.174
BBCP,Industrials,Engineering & Construction,4,False,✅,❌,✅,✅,✅,9.77,12.03,18.8,0.52,13.7,1.383,1.178,1.174
BLZE,Technology,Software - Infrastructure,4,False,✅,✅,✅,✅,❌,13.19,23.99,45.0,0.76,197.3,1.383,1.178,1.174
GOOG,Communication Services,Internet Content & Information,4,False,✅,❌,✅,✅,✅,341.08,403.96,15.6,0.93,34356.6,1.383,1.178,1.174
IXC,その他,,4,False,✅,✅,✅,✅,❌,57.44,60.7,5.4,0.96,225.9,1.383,1.178,1.174
FLS,Industrials,Specialty Industrial Machinery,4,False,✅,❌,✅,✅,✅,73.82,91.86,19.6,0.88,674.6,1.378,1.178,1.17
FMAO,Financial Services,Banks - Regional,4,False,✅,✅,✅,✅,❌,34.93,36.12,3.3,0.56,12.1,1.376,1.178,1.168
HEWJ,その他,,4,False,✅,✅,✅,✅,❌,65.48,66.72,1.9,0.89,24.1,1.376,1.178,1.168
SXT,Basic Materials,Specialty Chemicals,4,False,✅,✅,✅,✅,❌,129.22,138.82,6.9,0.64,257.0,1.375,1.178,1.167
CNO,Financial Services,Insurance - Life,4,False,✅,✅,✅,✅,❌,53.98,57.4,6.0,1.22,215.1,1.368,1.178,1.161
IDYA,Healthcare,Biotechnology,4,False,✅,❌,✅,✅,✅,36.69,42.68,14.0,1.11,165.7,1.367,1.178,1.161
TFSL,Financial Services,Banks - Regional,4,False,✅,❌,✅,✅,✅,16.72,19.13,12.6,0.74,72.0,1.365,1.178,1.158
DVA,Healthcare,Medical Care Facilities,4,False,❌,✅,✅,✅,✅,178.47,247.49,27.9,0.75,799.0,1.364,1.178,1.158
HACK,その他,,4,False,✅,✅,✅,✅,❌,118.35,124.42,4.9,1.54,124.8,1.364,1.178,1.158
VRTX,Healthcare,Biotechnology,4,False,✅,✅,✅,✅,❌,526.19,560.25,6.1,0.78,3257.0,1.364,1.178,1.158
BZH,Consumer Cyclical,Residential Construction,4,False,✅,✅,✅,✅,❌,33.37,34.54,3.4,0.85,99.5,1.363,1.178,1.157
FSTR,Industrials,Railroads,4,False,✅,❌,✅,✅,✅,37.47,45.81,18.2,0.51,15.7,1.361,1.178,1.155
CHRD,Energy,Oil & Gas E&P,4,False,✅,❌,✅,✅,✅,136.27,157.06,13.2,0.89,495.9,1.36,1.178,1.154
DBRG,Financial Services,Asset Management,4,False,✅,✅,✅,✅,❌,15.98,16.0,0.1,2.77,278.3,1.358,1.178,1.153
TMV,その他,,4,False,✅,✅,✅,✅,❌,47.11,48.03,1.9,1.59,173.1,1.358,1.178,1.152
IDHQ,その他,,4,False,✅,✅,✅,✅,❌,43.81,46.23,5.2,2.6,32.0,1.352,1.178,1.148
PBFS,Financial Services,Banks - Regional,4,False,✅,✅,✅,❌,✅,17.67,19.91,11.3,0.95,1.4,1.352,1.178,1.148
SMBC,Financial Services,Banks - Regional,4,False,✅,✅,✅,✅,❌,72.26,79.58,9.2,0.87,35.8,1.352,1.178,1.147
AIQ,その他,,4,False,✅,✅,✅,✅,❌,65.97,70.26,6.1,0.5,612.8,1.35,1.178,1.146
FF,Basic Materials,Specialty Chemicals,4,False,✅,✅,✅,❌,✅,5.12,6.98,26.6,0.85,9.1,1.35,1.178,1.146
FXN,その他,,4,False,✅,✅,✅,✅,❌,22.37,24.47,8.6,0.42,122.9,1.35,1.178,1.146
MYFW,Financial Services,Banks - Regional,4,False,✅,✅,✅,❌,✅,30.53,34.36,11.1,0.65,8.6,1.349,1.178,1.145
ARGX,Healthcare,Biotechnology,4,False,✅,❌,✅,✅,✅,959.49,1072.75,10.6,1.03,1358.7,1.348,1.178,1.145
CIVB,Financial Services,Banks - Regional,4,False,✅,✅,✅,✅,❌,27.06,29.97,9.7,1.07,17.8,1.348,1.178,1.144
FSM,Basic Materials,Gold,4,False,✅,❌,✅,✅,✅,11.69,13.85,15.6,0.87,249.2,1.348,1.178,1.145
TNA,その他,,4,False,✅,❌,✅,✅,✅,60.36,77.19,21.8,0.98,1641.0,1.347,1.178,1.143
AIR,Industrials,Aerospace & Defense,4,False,✅,❌,✅,✅,✅,116.11,154.0,24.6,0.95,268.2,1.345,1.178,1.142
XPEL,Consumer Cyclical,Auto Parts,4,False,✅,❌,✅,✅,✅,43.48,55.91,22.2,0.82,52.6,1.344,1.178,1.141
FCAP,Financial Services,Banks - Regional,4,False,✅,✅,✅,❌,✅,60.29,69.84,13.7,2.41,4.0,1.341,1.178,1.138
AAPL,Technology,Consumer Electronics,4,False,✅,✅,✅,✅,❌,341.07,345.34,1.2,0.66,76719.4,1.34,1.178,1.137
BY,Financial Services,Banks - Regional,4,False,✅,✅,✅,✅,❌,37.44,40.03,6.5,0.81,50.4,1.34,1.178,1.138
OPRT,Financial Services,Credit Services,4,False,✅,✅,✅,✅,❌,8.55,8.66,1.3,1.65,16.8,1.338,1.178,1.136
CCCC,Healthcare,Biotechnology,4,False,✅,✅,✅,✅,❌,2.98,5.17,42.4,0.94,52.9,1.336,1.178,1.134
PYXS,Healthcare,Biotechnology,4,False,✅,✅,✅,✅,❌,2.86,5.55,48.5,0.6,14.4,1.336,1.178,1.134
ARX,Financial Services,Insurance Brokers,4,False,✅,✅,✅,✅,❌,19.75,19.9,0.8,0.61,250.5,1.333,1.178,1.131
COP,Energy,Oil & Gas E&P,4,False,✅,❌,✅,✅,✅,127.3,141.62,10.1,0.92,4007.4,1.333,1.178,1.132
EOLS,Healthcare,Drug Manufacturers - Specialty & Generic,4,False,✅,❌,✅,✅,✅,7.97,9.31,14.4,0.52,29.5,1.331,1.178,1.129
CURV,Consumer Cyclical,Apparel Retail,4,False,✅,✅,✅,❌,✅,2.35,2.86,17.7,0.36,4.1,1.328,1.178,1.127
JXN,Financial Services,Insurance - Life,4,False,✅,✅,✅,✅,❌,133.12,140.32,5.1,1.12,387.6,1.324,1.178,1.124
MANU,Communication Services,Entertainment,4,False,✅,❌,✅,✅,✅,20.4,24.45,16.6,1.32,36.6,1.324,1.178,1.124
SIL,その他,,4,False,✅,❌,✅,✅,✅,91.56,119.08,23.1,0.68,537.0,1.324,1.178,1.124
BATRK,Communication Services,Entertainment,4,False,✅,✅,✅,✅,❌,54.26,54.46,0.4,1.06,126.2,1.323,1.178,1.123
CZWI,Financial Services,Banks - Regional,4,False,✅,✅,✅,❌,✅,21.34,24.31,12.2,0.52,7.2,1.323,1.178,1.123
FXL,その他,,4,False,✅,✅,✅,✅,❌,222.04,225.59,1.6,1.68,122.5,1.323,1.178,1.123
SEZL,Financial Services,Credit Services,4,False,✅,✅,✅,✅,❌,111.38,195.71,43.1,1.25,414.8,1.323,1.178,1.123
SIBN,Healthcare,Medical Devices,4,False,✅,❌,✅,✅,✅,18.59,21.89,15.1,1.01,50.1,1.323,1.178,1.123
EE,Energy,Oil & Gas Midstream,4,False,✅,❌,✅,✅,✅,33.09,42.88,22.8,1.38,65.4,1.321,1.178,1.121
GOOY,その他,,4,False,✅,❌,✅,✅,✅,12.0,14.03,14.5,0.89,27.1,1.32,1.178,1.121
MNST,Consumer Defensive,Beverages - Non-Alcoholic,4,False,✅,❌,✅,✅,✅,43.11,50.17,14.1,0.87,2433.7,1.32,1.178,1.12
HVT,Consumer Cyclical,Home Improvement Retail,4,False,✅,✅,✅,✅,❌,27.95,29.47,5.2,1.24,14.5,1.316,1.178,1.117
WPM,Basic Materials,Gold,4,False,✅,❌,✅,✅,✅,142.92,165.03,13.4,1.02,1275.7,1.316,1.178,1.117
WNC,Industrials,Farm & Heavy Construction Machinery,4,False,✅,✅,✅,✅,❌,13.03,14.47,10.0,0.8,56.6,1.315,1.178,1.117
PH,Industrials,Specialty Industrial Machinery,4,False,✅,❌,✅,✅,✅,978.33,1097.73,10.9,0.89,3054.2,1.314,1.178,1.115
VCEL,Healthcare,Biotechnology,4,False,✅,❌,✅,✅,✅,39.71,49.32,19.5,0.78,111.3,1.314,1.178,1.115
BBIO,Healthcare,Biotechnology,4,False,❌,✅,✅,✅,✅,65.57,93.42,29.8,1.16,1076.3,1.31,1.178,1.112
FMBH,Financial Services,Banks - Regional,4,False,✅,✅,✅,✅,❌,49.72,53.09,6.4,1.01,31.9,1.31,1.178,1.112
ARTW,Industrials,Farm & Heavy Construction Machinery,4,False,✅,✅,✅,❌,✅,3.27,4.17,21.6,0.02,5.5,1.308,1.178,1.11
BHB,Financial Services,Banks - Regional,4,False,✅,✅,✅,✅,❌,38.96,41.12,5.3,1.43,20.2,1.307,1.178,1.109
BCAL,Financial Services,Banks - Regional,4,False,✅,✅,✅,✅,❌,21.64,22.29,2.9,1.3,21.2,1.306,1.178,1.109
GWW,Industrials,Industrial Distribution,4,False,✅,❌,✅,✅,✅,1243.07,1417.14,12.3,1.05,1802.9,1.306,1.178,1.109
M,Consumer Cyclical,Department Stores,4,False,✅,❌,✅,✅,✅,22.64,26.36,14.1,0.87,667.2,1.303,1.178,1.106
BFST,Financial Services,Banks - Regional,4,False,✅,✅,✅,✅,❌,30.86,32.53,5.1,0.81,33.9,1.302,1.178,1.105
FXNC,Financial Services,Banks - Regional,4,False,✅,✅,✅,❌,✅,29.38,33.06,11.1,0.67,7.3,1.302,1.178,1.105
RELY,Technology,Software - Infrastructure,4,False,✅,❌,✅,✅,✅,21.36,27.48,22.3,1.17,455.2,1.302,1.178,1.106
RIOT,Financial Services,Capital Markets,4,False,✅,❌,✅,✅,✅,23.0,30.32,24.1,1.13,1906.9,1.3,1.178,1.104
GSBC,Financial Services,Banks - Regional,4,False,✅,✅,✅,✅,❌,78.91,82.91,4.8,0.71,36.7,1.299,1.178,1.102
PLOW,Consumer Cyclical,Auto Parts,4,False,❌,✅,✅,✅,✅,39.74,54.6,27.2,0.69,52.5,1.299,1.178,1.103
RMR,Real Estate,Real Estate Services,4,False,✅,❌,✅,✅,✅,18.53,20.98,11.7,0.7,13.0,1.298,1.178,1.102
TLPH,Healthcare,Drug Manufacturers - Specialty & Generic,4,False,✅,✅,✅,❌,✅,1.18,1.57,24.8,0.43,1.5,1.297,1.178,1.101
AVNT,Basic Materials,Specialty Chemicals,4,False,✅,❌,✅,✅,✅,41.28,46.33,10.9,0.7,157.6,1.296,1.178,1.1
HSCS,Healthcare,Medical Devices,4,False,✅,✅,✅,✅,❌,4.73,5.25,9.9,0.12,21.9,1.296,1.178,1.1
FANG,Energy,Oil & Gas E&P,4,False,✅,✅,❌,✅,✅,186.67,216.9,13.9,1.23,2210.3,1.289,1.178,1.095
LXFR,Industrials,Specialty Industrial Machinery,4,False,✅,✅,❌,✅,✅,17.25,19.3,10.6,1.41,23.4,1.277,1.178,1.084
FA,Industrials,Specialty Business Services,4,False,✅,✅,❌,✅,✅,19.6,25.15,22.1,0.64,170.0,1.275,1.178,1.082
CHYM,Technology,Software - Application,4,False,✅,✅,❌,✅,✅,26.78,35.55,24.7,1.06,842.5,1.261,1.178,1.07
SGMT,Healthcare,Biotechnology,4,False,✅,✅,❌,✅,✅,9.24,11.45,19.3,1.41,46.7,1.259,1.178,1.069
SRRK,Healthcare,Biotechnology,4,False,✅,✅,❌,✅,✅,48.63,61.76,21.3,1.79,366.5,1.255,1.178,1.065
AUPH,Healthcare,Biotechnology,4,False,✅,✅,❌,✅,✅,16.44,19.25,14.6,0.62,99.6,1.251,1.178,1.062
OPLN,Consumer Cyclical,Auto & Truck Dealerships,4,False,✅,✅,❌,✅,✅,34.82,42.9,18.8,0.85,202.0,1.24,1.178,1.052
SLP,Healthcare,Health Information Services,4,False,✅,✅,❌,✅,✅,18.46,21.01,12.1,0.66,30.1,1.24,1.178,1.052
BLX,Financial Services,Banks - Regional,4,False,✅,✅,❌,✅,✅,54.74,62.45,12.3,1.1,49.7,1.236,1.178,1.049
KIDS,Healthcare,Medical Devices,4,False,✅,✅,❌,✅,✅,22.55,26.74,15.7,0.73,18.9,1.234,1.178,1.047
NVCR,Healthcare,Medical Devices,4,False,✅,✅,❌,✅,✅,15.84,21.45,26.2,0.64,120.4,1.229,1.178,1.043
WBI,その他,,4,False,✅,✅,❌,✅,✅,29.8,36.83,19.1,0.64,151.4,1.223,1.178,1.038
BBT,Financial Services,Banks - Regional,4,False,✅,✅,❌,✅,✅,28.19,32.72,13.8,1.83,122.7,1.218,1.178,1.034
MDGL,Healthcare,Biotechnology,4,False,✅,✅,❌,✅,✅,516.56,615.0,16.0,0.75,784.1,1.218,1.178,1.034
MCHB,Financial Services,Banks - Regional,4,False,✅,✅,❌,✅,✅,15.17,17.11,11.3,0.8,40.0,1.211,1.178,1.028
VTMX,Real Estate,Real Estate - Development,4,False,✅,✅,❌,✅,✅,32.97,36.96,10.8,0.45,15.6,1.208,1.178,1.025
HAS,Consumer Cyclical,Leisure,4,False,✅,✅,❌,✅,✅,88.09,104.6,15.8,0.98,839.0,1.203,1.178,1.021
TCBK,Financial Services,Banks - Regional,4,False,✅,✅,❌,✅,✅,52.38,61.3,14.5,1.41,76.9,1.201,1.178,1.02
EXPE,Consumer Cyclical,Travel Services,4,False,✅,✅,❌,✅,✅,264.17,342.0,22.8,2.06,2262.1,1.194,1.178,1.014
AMBP,Consumer Cyclical,Packaging & Containers,4,False,✅,✅,❌,✅,✅,4.38,5.36,18.3,0.71,47.0,1.191,1.178,1.011
JCAP,Financial Services,Credit Services,4,False,✅,✅,❌,✅,✅,19.46,24.18,19.5,0.64,30.4,1.191,1.178,1.011
AUTL,Healthcare,Biotechnology,4,False,✅,✅,❌,✅,✅,1.86,2.58,28.1,0.83,16.9,1.189,1.178,1.009
TDIV,その他,,4,False,✅,✅,❌,✅,✅,114.09,127.63,10.6,1.19,80.1,1.176,1.178,0.999
ASND,Healthcare,Biotechnology,4,False,✅,✅,❌,✅,✅,225.6,282.15,20.0,1.26,815.8,1.175,1.178,0.997
RUM,Communication Services,Internet Content & Information,4,False,✅,✅,❌,✅,✅,8.36,10.6,21.1,1.22,150.5,1.171,1.178,0.994
SKWD,Financial Services,Insurance - Property & Casualty,4,False,✅,✅,❌,✅,✅,54.78,65.69,16.6,0.75,134.2,1.165,1.178,0.989
BNED,Consumer Cyclical,Specialty Retail,4,False,✅,✅,❌,✅,✅,11.33,14.66,22.7,0.6,17.7,1.163,1.178,0.988
MLKN,Consumer Cyclical,"Furnishings, Fixtures & Appliances",4,False,✅,✅,❌,✅,✅,20.06,24.51,18.2,1.5,72.8,1.162,1.178,0.986
HRI,Industrials,Rental & Leasing Services,4,False,✅,✅,❌,✅,✅,135.36,185.59,27.1,1.16,413.0,1.161,1.178,0.985
NRIM,Financial Services,Banks - Regional,4,False,✅,✅,❌,✅,✅,24.98,30.23,17.4,1.2,19.2,1.159,1.178,0.984
DDD,Technology,Computer Hardware,4,False,✅,✅,❌,✅,✅,3.57,4.12,13.3,0.56,61.0,1.148,1.178,0.974
TLX,Healthcare,Biotechnology,4,False,✅,✅,❌,✅,✅,11.45,13.11,12.7,3.09,11.3,1.147,1.178,0.974
AMZN,Consumer Cyclical,Internet Retail,4,False,✅,✅,❌,✅,✅,249.67,287.2,13.1,0.91,54131.5,1.136,1.178,0.964
CENTA,Consumer Defensive,Packaged Foods,4,False,✅,✅,❌,✅,✅,34.06,40.8,16.5,0.83,58.8,1.135,1.178,0.963
EXFY,Technology,Software - Application,4,False,✅,✅,❌,✅,✅,2.21,2.81,21.4,0.39,10.6,1.133,1.178,0.962
TENB,Technology,Software - Infrastructure,4,False,✅,✅,❌,✅,✅,33.49,43.67,23.3,0.64,628.1,1.129,1.178,0.958
UTL,Utilities,Utilities - Diversified,4,False,✅,✅,❌,✅,✅,50.98,56.76,10.2,1.04,33.5,1.126,1.178,0.956
SYBT,Financial Services,Banks - Regional,4,False,✅,✅,❌,✅,✅,78.57,88.85,11.6,0.71,67.9,1.123,1.178,0.954
NWL,Consumer Defensive,Household & Personal Products,4,False,✅,✅,❌,✅,✅,5.43,7.05,23.0,0.56,245.0,1.122,1.178,0.953
IGIC,Financial Services,Insurance - Diversified,4,False,✅,✅,❌,✅,✅,24.61,29.5,16.6,1.25,10.7,1.114,1.178,0.945
EDU,Consumer Defensive,Education & Training Services,4,False,✅,✅,❌,✅,✅,56.47,64.22,12.1,0.99,177.7,1.113,1.178,0.944
KARO,Technology,Software - Application,4,False,✅,✅,❌,✅,✅,61.63,68.8,10.4,1.18,27.9,1.113,1.178,0.945
HTB,Financial Services,Banks - Regional,4,False,✅,✅,❌,✅,✅,46.19,52.34,11.8,1.07,36.8,1.111,1.178,0.943
WEX,Technology,Software - Infrastructure,4,False,✅,✅,❌,✅,✅,178.28,203.99,12.6,0.89,509.3,1.11,1.178,0.943
ABUS,Healthcare,Biotechnology,4,False,✅,✅,❌,✅,✅,4.85,5.45,11.0,3.29,71.7,1.1,1.178,0.934
BBRE,その他,,4,False,✅,✅,❌,✅,✅,100.88,112.5,10.3,0.92,18.0,1.096,1.178,0.93
BSBR,Financial Services,Banks - Regional,4,False,✅,✅,❌,✅,✅,5.76,7.05,18.2,0.69,74.7,1.09,1.178,0.925
SENS,Healthcare,Medical Devices,4,False,✅,✅,❌,✅,✅,10.0,11.58,13.6,1.13,25.1,1.087,1.178,0.923
AGCO,Industrials,Farm & Heavy Construction Machinery,4,False,✅,✅,❌,✅,✅,118.02,142.98,17.5,1.15,493.7,1.086,1.178,0.922
TEM,Healthcare,Health Information Services,4,False,✅,✅,❌,✅,✅,85.01,104.32,18.5,1.13,1863.1,1.083,1.178,0.919
HURN,Industrials,Consulting Services,4,False,✅,✅,❌,✅,✅,157.98,186.78,15.4,0.89,176.7,1.082,1.178,0.919
TAL,Consumer Defensive,Education & Training Services,4,False,✅,✅,❌,✅,✅,12.0,13.37,10.2,0.55,233.8,1.071,1.178,0.909
EFSC,Financial Services,Banks - Regional,4,False,✅,✅,❌,✅,✅,60.93,68.35,10.9,1.26,76.8,1.059,1.178,0.899
BH,Consumer Cyclical,Restaurants,4,False,✅,✅,❌,✅,✅,344.81,483.6,28.7,0.73,220.2,1.054,1.178,0.895
CTNM,Healthcare,Biotechnology,4,False,✅,✅,❌,✅,✅,12.56,17.78,29.4,1.51,28.7,1.054,1.178,0.894
KFY,Industrials,Staffing & Employment Services,4,False,✅,✅,❌,✅,✅,71.73,86.88,17.4,1.15,183.5,1.051,1.178,0.892
NTWO,Financial Services,Shell Companies,4,False,✅,✅,❌,✅,✅,10.86,12.14,10.5,0.98,10.5,1.049,1.178,0.89
ACGL,Financial Services,Insurance - Diversified,4,False,✅,✅,❌,✅,✅,94.66,107.09,11.6,1.88,1179.7,1.042,1.178,0.884
FOXA,Communication Services,Entertainment,4,False,✅,✅,❌,✅,✅,63.07,75.68,16.7,0.84,1665.2,1.041,1.178,0.884
YORW,Utilities,Utilities - Regulated Water,4,False,✅,✅,❌,✅,✅,30.98,34.81,11.0,1.34,21.4,1.037,1.178,0.88
GRVY,Communication Services,Electronic Gaming & Multimedia,4,False,✅,✅,❌,✅,✅,66.51,76.0,12.5,0.39,15.1,1.036,1.178,0.879
GNW,Financial Services,Insurance - Life,4,False,✅,✅,❌,✅,✅,9.43,10.69,11.8,1.09,145.8,1.035,1.178,0.879
FOX,Communication Services,Entertainment,4,False,✅,✅,❌,✅,✅,56.54,67.48,16.2,0.62,390.5,1.033,1.178,0.877
BXC,Industrials,Industrial Distribution,4,False,✅,✅,❌,✅,✅,76.35,93.8,18.6,1.4,51.1,1.031,1.178,0.875
MSEX,Utilities,Utilities - Regulated Water,4,False,✅,✅,❌,✅,✅,53.47,60.55,11.7,0.87,39.6,1.026,1.178,0.871
ESTC,Technology,Software - Application,4,False,✅,✅,❌,✅,✅,88.12,108.0,18.4,0.68,810.3,1.025,1.178,0.87
HMN,Financial Services,Insurance - Property & Casualty,4,False,✅,✅,❌,✅,✅,45.35,55.16,17.8,1.23,65.8,1.021,1.178,0.867
SHOP,Technology,Software - Application,4,False,✅,✅,❌,✅,✅,142.25,182.19,21.9,1.65,5963.0,1.014,1.178,0.861
AX,Financial Services,Banks - Regional,4,False,✅,✅,❌,✅,✅,88.52,105.74,16.3,0.78,166.0,1.012,1.178,0.859
STIM,Healthcare,Medical Devices,4,False,✅,✅,❌,✅,✅,2.74,3.44,20.3,0.32,21.8,1.011,1.178,0.858
FRSH,Technology,Software - Application,4,False,✅,✅,❌,✅,✅,12.54,13.99,10.4,0.42,643.3,1.005,1.178,0.853
LAD,Consumer Cyclical,Auto & Truck Dealerships,4,False,✅,✅,❌,✅,✅,316.42,438.67,27.9,1.07,473.1,1.0,1.178,0.849
THRM,Consumer Cyclical,Auto Parts,4,False,✅,✅,❌,✅,✅,35.21,48.35,27.2,1.64,69.9,1.0,1.178,0.849
RGR,Industrials,Aerospace & Defense,4,False,✅,✅,❌,✅,✅,42.81,47.65,10.1,2.1,27.0,0.999,1.178,0.848
IOT,Technology,Software - Infrastructure,4,False,✅,✅,❌,✅,✅,37.96,47.47,20.0,0.82,1101.0,0.998,1.178,0.848
MOH,Healthcare,Healthcare Plans,4,False,✅,✅,❌,✅,✅,190.86,244.89,22.1,0.66,942.6,0.994,1.178,0.844
CNMD,Healthcare,Medical Devices,4,False,✅,✅,❌,✅,✅,45.38,53.66,15.4,0.73,103.9,0.987,1.178,0.837
GTLB,Technology,Software - Infrastructure,4,False,✅,✅,❌,✅,✅,46.85,55.55,15.7,0.73,937.3,0.987,1.178,0.838
CLF,Basic Materials,Steel,4,False,✅,✅,❌,✅,✅,12.18,16.7,27.1,0.87,1050.7,0.985,1.178,0.836
SYY,Consumer Defensive,Food Distribution,4,False,✅,✅,❌,✅,✅,78.46,90.56,13.4,1.47,1382.1,0.985,1.178,0.836
DLO,Technology,Software - Infrastructure,4,False,✅,✅,❌,✅,✅,14.08,16.5,14.7,0.64,166.5,0.984,1.178,0.835
FFIN,Financial Services,Banks - Regional,4,False,✅,✅,❌,✅,✅,32.45,36.28,10.6,1.03,134.1,0.976,1.178,0.829
DGICA,Financial Services,Insurance - Property & Casualty,4,False,✅,✅,❌,✅,✅,18.09,20.42,11.4,0.95,11.6,0.969,1.178,0.823
KHC,Consumer Defensive,Packaged Foods,4,False,✅,✅,❌,✅,✅,23.63,27.65,14.5,0.87,1867.2,0.969,1.178,0.823
UROY,Energy,Uranium,4,False,✅,✅,❌,✅,✅,4.14,5.52,25.0,0.85,56.5,0.965,1.178,0.819
MESO,Healthcare,Biotechnology,4,False,✅,✅,❌,✅,✅,15.12,21.5,29.7,1.15,15.8,0.953,1.178,0.809
AYI,Industrials,Electrical Equipment & Parts,4,False,✅,✅,❌,✅,✅,319.42,379.43,15.8,1.05,527.7,0.946,1.178,0.803
SMCI,Technology,Computer Hardware,4,False,✅,✅,❌,✅,✅,43.26,58.78,26.4,0.83,8502.2,0.944,1.178,0.801
AFRM,Financial Services,Credit Services,4,False,✅,✅,❌,✅,✅,71.52,90.44,20.9,1.1,1590.5,0.941,1.178,0.798
WRB,Financial Services,Insurance - Property & Casualty,4,False,✅,✅,❌,✅,✅,66.82,77.34,13.6,1.34,789.1,0.905,1.178,0.768
IMCR,Healthcare,Biotechnology,4,False,✅,✅,❌,✅,✅,30.72,40.72,24.5,0.83,73.2,0.903,1.178,0.767
ETD,Consumer Cyclical,"Furnishings, Fixtures & Appliances",4,False,✅,✅,❌,✅,✅,21.29,25.13,15.3,0.95,55.7,0.899,1.178,0.763
RNW,Utilities,Utilities - Renewable,4,False,✅,✅,❌,✅,✅,6.84,8.24,17.0,0.55,60.4,0.888,1.178,0.754
AMBA,Technology,Semiconductor Equipment & Materials,4,False,✅,✅,❌,✅,✅,72.68,96.69,24.8,1.08,619.2,0.873,1.178,0.741
HIPO,Financial Services,Insurance - Property & Casualty,4,False,✅,✅,❌,✅,✅,30.61,38.72,21.0,1.33,23.9,0.864,1.178,0.733
XGN,Healthcare,Diagnostics & Research,4,False,✅,✅,❌,✅,✅,8.72,12.23,28.7,0.85,10.5,0.801,1.178,0.68
DORM,Consumer Cyclical,Auto Parts,4,False,✅,✅,❌,✅,✅,124.02,164.0,24.4,0.86,169.0,0.799,1.178,0.678
SMWB,Technology,Software - Application,4,False,✅,✅,❌,✅,✅,7.58,9.75,22.3,0.7,28.8,0.795,1.178,0.674
ZLAB,Healthcare,Biotechnology,4,False,✅,✅,❌,✅,✅,24.98,34.72,28.1,0.84,99.7,0.79,1.178,0.671
MGRT,Technology,Information Technology Services,3,False,✅,❌,✅,❌,✅,121.71,170.0,28.4,0.18,7.4,28.979,1.178,24.598
MUU,その他,,3,False,✅,❌,✅,✅,❌,37.85,62.28,39.2,0.49,8158.7,21.871,1.178,18.565
MULL,その他,,3,False,✅,❌,✅,✅,❌,26.41,43.53,39.3,0.59,979.8,20.661,1.178,17.538
AXTI,Technology,Semiconductor Equipment & Materials,3,False,✅,❌,✅,✅,❌,78.94,143.16,44.9,0.86,3706.8,16.94,1.178,14.379
ANL,Healthcare,Biotechnology,3,False,✅,❌,✅,✅,❌,15.53,17.25,10.0,0.72,10.3,9.029,1.178,7.664
AMUU,その他,,3,False,✅,❌,✅,✅,❌,298.74,304.83,2.0,0.59,104.0,8.517,1.178,7.23
AMDL,その他,,3,False,✅,❌,✅,✅,❌,84.22,86.43,2.6,0.69,1148.4,8.397,1.178,7.128
TXG,Healthcare,Health Information Services,3,False,✅,❌,✅,✅,❌,85.71,86.16,0.5,1.15,713.2,7.313,1.178,6.208
ERAS,Healthcare,Biotechnology,3,False,✅,❌,✅,✅,❌,14.25,24.28,41.3,1.01,356.5,6.851,1.178,5.815
TWST,Healthcare,Diagnostics & Research,3,False,✅,❌,✅,✅,❌,182.83,186.2,1.8,1.5,938.5,6.794,1.178,5.767
SPRB,Healthcare,Biotechnology,3,False,❌,✅,✅,✅,❌,48.72,240.0,79.7,1.5,18.5,6.286,1.178,5.336
INTW,その他,,3,False,✅,❌,✅,✅,❌,33.01,52.62,37.3,1.19,770.8,6.031,1.178,5.119
VICR,Technology,Electronic Components,3,False,❌,❌,✅,✅,✅,281.96,382.65,26.3,1.46,1091.3,5.793,1.178,4.918
NRSN,Healthcare,Biotechnology,3,False,✅,✅,✅,❌,❌,6.95,7.5,7.3,0.05,0.7,5.605,1.178,4.758
IOVA,Healthcare,Biotechnology,3,False,✅,❌,✅,✅,❌,11.0,11.13,1.2,0.93,454.0,5.213,1.178,4.425
MAGH,Industrials,Engineering & Construction,3,False,✅,✅,✅,❌,❌,6.76,6.94,2.6,0.0,0.0,4.863,1.178,4.128
CTSO,Healthcare,Medical Devices,3,False,✅,✅,✅,❌,❌,4.38,6.98,37.2,0.06,0.4,4.69,1.178,3.981
DMRA,Healthcare,Biotechnology,3,False,❌,✅,✅,✅,❌,20.66,38.33,46.1,1.55,72.5,4.685,1.178,3.977
RVMD,Healthcare,Biotechnology,3,False,✅,❌,✅,✅,❌,204.97,224.31,8.6,1.09,2071.0,4.667,1.178,3.961
MVLL,その他,,3,False,✅,❌,✅,✅,❌,35.44,77.67,54.4,0.49,987.7,4.583,1.178,3.89
WDC,Technology,Computer Hardware,3,False,✅,❌,✅,✅,❌,456.81,799.61,42.9,0.91,19685.1,4.282,1.178,3.635
ASX,Technology,Semiconductors,3,False,✅,❌,✅,✅,❌,44.31,45.27,2.1,0.59,1720.1,4.007,1.178,3.401
AMD,Technology,Semiconductors,3,False,✅,❌,✅,✅,❌,630.63,638.95,1.3,1.01,66137.1,3.955,1.178,3.357
OPTT,Industrials,Specialty Industrial Machinery,3,False,✅,✅,✅,❌,❌,2.01,3.23,37.8,0.06,5.7,3.865,1.178,3.281
IMOS,Technology,Semiconductors,3,False,✅,❌,✅,✅,❌,71.78,78.35,8.4,0.89,31.2,3.856,1.178,3.273
BDSX,Healthcare,Diagnostics & Research,3,False,✅,✅,✅,❌,❌,29.1,31.35,7.2,1.15,9.4,3.755,1.178,3.187
OESX,Industrials,Electrical Equipment & Parts,3,False,✅,✅,✅,❌,❌,30.59,31.0,1.3,0.94,6.5,3.516,1.178,2.985
VIAV,Technology,Communication Equipment,3,False,❌,✅,✅,✅,❌,40.68,60.43,32.7,0.97,1294.8,3.332,1.178,2.828
IBRX,Healthcare,Biotechnology,3,False,✅,❌,✅,✅,❌,8.44,12.43,32.1,1.15,424.0,3.323,1.178,2.821
IPSC,Healthcare,Biotechnology,3,False,❌,✅,✅,✅,❌,1.67,3.04,45.1,0.5,10.4,3.281,1.178,2.785
EVC,Communication Services,Advertising Agencies,3,False,✅,❌,✅,✅,❌,7.41,13.66,45.7,0.51,93.0,3.254,1.178,2.762
CPIX,Healthcare,Drug Manufacturers - Specialty & Generic,3,False,✅,❌,✅,❌,✅,7.61,9.28,18.0,0.62,2.6,3.176,1.178,2.696
INBX,Healthcare,Biotechnology,3,False,✅,❌,✅,✅,❌,99.61,155.29,35.9,0.81,167.4,3.048,1.178,2.587
AMDY,その他,,3,False,✅,❌,✅,✅,❌,52.5,53.15,1.2,0.83,80.9,3.025,1.178,2.568
AGL,Healthcare,Medical Care Facilities,3,False,✅,❌,✅,✅,❌,80.73,133.04,39.3,0.95,150.6,2.963,1.178,2.515
HUT,Financial Services,Capital Markets,3,False,✅,❌,✅,✅,❌,96.82,140.8,31.2,0.89,2218.5,2.92,1.178,2.478
MOVE,Technology,Software - Infrastructure,3,False,❌,✅,✅,✅,❌,11.77,26.72,56.0,0.72,17.3,2.885,1.178,2.449
RXT,Technology,Software - Infrastructure,3,False,✅,❌,✅,✅,❌,3.97,8.6,53.8,0.4,390.7,2.856,1.178,2.424
NAT,Energy,Oil & Gas Midstream,3,False,✅,❌,✅,✅,❌,7.72,8.33,7.3,1.42,120.0,2.695,1.178,2.288
TWLO,Technology,Software - Infrastructure,3,False,✅,❌,✅,✅,❌,275.8,304.75,9.5,1.68,2519.2,2.695,1.178,2.288
HPE,Technology,Communication Equipment,3,False,✅,❌,✅,✅,❌,62.94,65.65,4.1,0.74,5946.1,2.67,1.178,2.266
ALNT,Technology,Electronic Components,3,False,✅,❌,✅,✅,❌,116.01,118.63,2.2,0.95,118.8,2.654,1.178,2.253
BBGI,Communication Services,Broadcasting,3,False,✅,✅,✅,❌,❌,15.29,29.3,47.8,0.56,4.2,2.65,1.178,2.249
HBB,Consumer Cyclical,"Furnishings, Fixtures & Appliances",3,False,✅,✅,✅,❌,❌,37.26,38.35,2.8,1.45,7.4,2.647,1.178,2.247
INSW,Energy,Oil & Gas Midstream,3,False,✅,❌,✅,✅,❌,105.64,113.14,6.6,1.31,256.0,2.608,1.178,2.214
SND,Energy,Oil & Gas Equipment & Services,3,False,✅,✅,✅,❌,❌,5.23,5.79,9.7,0.83,8.2,2.587,1.178,2.196
SGHT,Healthcare,Medical Devices,3,False,✅,✅,✅,❌,❌,8.93,9.24,3.3,1.4,6.9,2.566,1.178,2.178
LCUT,Consumer Cyclical,"Furnishings, Fixtures & Appliances",3,False,✅,✅,✅,❌,❌,9.36,10.17,8.0,0.67,8.5,2.543,1.178,2.158
NTRA,Healthcare,Diagnostics & Research,3,False,✅,❌,✅,✅,❌,412.56,415.75,0.8,1.26,1979.6,2.532,1.178,2.149
CGEM,Healthcare,Biotechnology,3,False,✅,❌,✅,✅,❌,14.81,23.19,36.1,1.79,83.4,2.485,1.178,2.109
OBIO,Healthcare,Biotechnology,3,False,✅,✅,✅,❌,❌,5.95,6.48,8.2,0.93,7.6,2.459,1.178,2.087
NEOG,Healthcare,Medical Devices,3,False,✅,❌,✅,✅,❌,13.76,14.26,3.5,1.88,124.6,2.427,1.178,2.06
GSAT,Communication Services,Telecom Services,3,False,✅,❌,✅,✅,❌,82.88,84.85,2.3,0.53,417.8,2.424,1.178,2.058
LVLU,Consumer Cyclical,Apparel Retail,3,False,✅,✅,✅,❌,❌,11.54,32.32,64.3,0.49,2.3,2.399,1.178,2.037
TTMI,Technology,Electronic Components,3,False,❌,✅,✅,✅,❌,129.17,223.83,42.3,0.76,1907.6,2.316,1.178,1.966
SLGL,Healthcare,Biotechnology,3,False,❌,✅,✅,✅,❌,66.85,97.97,31.8,1.2,17.1,2.306,1.178,1.957
KRT,Consumer Cyclical,Packaging & Containers,3,False,✅,❌,✅,✅,❌,53.09,54.67,2.9,1.74,27.3,2.3,1.178,1.952
FTRE,Healthcare,Biotechnology,3,False,✅,❌,✅,✅,❌,19.89,21.39,7.0,0.82,118.5,2.291,1.178,1.945
PHOE,Industrials,Engineering & Construction,3,False,✅,✅,✅,❌,❌,19.99,133.12,85.0,0.14,3.9,2.285,1.178,1.939
ANIK,Healthcare,Drug Manufacturers - Specialty & Generic,3,False,✅,❌,✅,❌,✅,20.37,22.88,11.0,0.81,7.7,2.258,1.178,1.917
ECOR,Healthcare,Medical Devices,3,False,✅,❌,✅,❌,✅,11.12,12.7,12.4,0.93,4.6,2.256,1.178,1.915
KLIC,Technology,Semiconductor Equipment & Materials,3,False,❌,✅,✅,✅,❌,91.18,135.45,32.7,1.05,476.1,2.253,1.178,1.913
ECPG,Financial Services,Credit Services,3,False,✅,❌,✅,✅,❌,98.41,104.98,6.3,0.84,157.3,2.251,1.178,1.911
VLO,Energy,Oil & Gas Refining & Marketing,3,False,✅,❌,✅,✅,❌,387.18,419.04,7.6,1.75,4595.6,2.251,1.178,1.911
SSL,Basic Materials,Specialty Chemicals,3,False,✅,❌,✅,✅,❌,14.03,15.18,7.6,1.35,89.1,2.234,1.178,1.896
ARM,Technology,Semiconductors,3,False,✅,❌,✅,✅,❌,310.32,452.7,31.5,1.17,11796.9,2.223,1.178,1.887
CGAU,Basic Materials,Gold,3,False,✅,❌,✅,✅,❌,22.56,24.52,8.0,0.65,135.4,2.217,1.178,1.882
PUBM,Technology,Software - Application,3,False,✅,❌,✅,✅,❌,18.6,19.19,3.1,1.36,46.6,2.217,1.178,1.882
PGEN,Healthcare,Biotechnology,3,False,✅,❌,✅,✅,❌,7.75,8.27,6.2,1.05,142.8,2.208,1.178,1.874
MATX,Industrials,Marine Shipping,3,False,✅,❌,✅,✅,❌,224.66,240.87,6.7,1.09,287.6,2.206,1.178,1.873
VSH,Technology,Semiconductors,3,False,❌,✅,✅,✅,❌,32.55,69.25,53.0,0.4,1318.4,2.204,1.178,1.871
HAE,Healthcare,Medical Devices,3,False,✅,❌,✅,✅,❌,105.3,110.45,4.7,0.61,326.8,2.186,1.178,1.856
BW,Industrials,Specialty Industrial Machinery,3,False,❌,✅,✅,✅,❌,6.27,22.03,71.5,1.26,255.8,2.177,1.178,1.848
AMWL,Healthcare,Health Information Services,3,False,✅,✅,✅,❌,❌,13.43,14.19,5.4,0.82,6.1,2.166,1.178,1.839
NUTX,Healthcare,Medical Care Facilities,3,False,✅,❌,✅,✅,❌,220.11,224.28,1.9,1.07,116.3,2.147,1.178,1.822
OKTA,Technology,Software - Infrastructure,3,False,✅,❌,✅,✅,❌,195.19,212.5,8.1,1.29,2586.3,2.141,1.178,1.818
TEVA,Healthcare,Drug Manufacturers - Specialty & Generic,3,False,✅,❌,✅,✅,❌,39.19,40.79,3.9,1.06,930.3,2.137,1.178,1.814
MRX,Financial Services,Capital Markets,3,False,✅,❌,✅,✅,❌,71.31,79.11,9.9,0.91,254.6,2.129,1.178,1.807
RLMD,Healthcare,Biotechnology,3,False,❌,✅,✅,✅,❌,3.83,8.0,52.1,0.67,42.3,2.116,1.178,1.796
DGII,Technology,Communication Equipment,3,False,✅,❌,✅,✅,❌,78.3,86.84,9.8,0.98,131.0,2.105,1.178,1.787
CRWD,Technology,Software - Infrastructure,3,False,✅,❌,✅,✅,❌,252.13,263.87,4.4,0.94,10605.2,2.095,1.178,1.778
MLAB,Technology,Scientific & Technical Instruments,3,False,✅,❌,✅,✅,❌,134.04,138.66,3.3,0.8,93.1,2.091,1.178,1.775
KEYS,Technology,Scientific & Technical Instruments,3,False,✅,❌,✅,✅,❌,362.15,374.96,3.4,0.72,2367.4,2.089,1.178,1.773
HQI,Industrials,Staffing & Employment Services,3,False,✅,✅,✅,❌,❌,20.04,20.23,0.9,2.49,1.5,2.079,1.178,1.764
BRKR,Healthcare,Medical Devices,3,False,✅,❌,✅,✅,❌,64.18,65.25,1.6,0.93,662.1,2.076,1.178,1.763
DINO,Energy,Oil & Gas Refining & Marketing,3,False,✅,❌,✅,✅,❌,106.82,118.39,9.8,1.42,1085.8,2.071,1.178,1.758
FTNT,Technology,Software - Infrastructure,3,False,✅,❌,✅,✅,❌,173.46,181.37,4.4,0.64,4016.8,2.057,1.178,1.746
ACMR,Technology,Semiconductor Equipment & Materials,3,False,✅,❌,✅,✅,❌,77.3,127.19,39.2,1.15,571.6,2.047,1.178,1.737
FCX,Basic Materials,Copper,3,False,✅,❌,✅,✅,❌,72.31,80.24,9.9,0.66,4428.5,2.044,1.178,1.735
MPU,Communication Services,Entertainment,3,False,✅,❌,✅,❌,✅,2.78,3.88,28.3,0.01,4.1,2.044,1.178,1.735
AOUT,Consumer Cyclical,Leisure,3,False,✅,✅,✅,❌,❌,17.55,17.69,0.8,1.04,9.7,2.043,1.178,1.734
CMBT,Energy,Oil & Gas Midstream,3,False,✅,❌,✅,✅,❌,19.01,20.82,8.7,0.84,97.2,2.032,1.178,1.725
ERO,Basic Materials,Copper,3,False,✅,❌,✅,✅,❌,37.87,40.83,7.2,1.03,200.8,2.032,1.178,1.725
MNOV,Healthcare,Biotechnology,3,False,✅,✅,✅,❌,❌,2.58,3.9,33.8,4.44,2.6,2.031,1.178,1.724
AMRX,Healthcare,Drug Manufacturers - Specialty & Generic,3,False,✅,❌,✅,✅,❌,19.77,21.17,6.6,1.64,167.3,2.028,1.178,1.721
AVT,Technology,Electronics & Computer Distribution,3,False,✅,❌,✅,✅,❌,103.07,104.58,1.4,1.09,557.3,2.026,1.178,1.72
PBYI,Healthcare,Biotechnology,3,False,✅,❌,✅,✅,❌,9.77,9.98,2.1,1.21,12.4,2.019,1.178,1.713
MPC,Energy,Oil & Gas Refining & Marketing,3,False,✅,❌,✅,✅,❌,393.52,431.08,8.7,1.43,3874.9,2.014,1.178,1.709
DHT,Energy,Oil & Gas Midstream,3,False,✅,❌,✅,✅,❌,21.78,23.56,7.6,1.29,300.2,2.005,1.178,1.702
CSTE,Industrials,Building Products & Equipment,3,False,✅,❌,✅,❌,✅,2.94,3.84,23.4,0.23,1.5,2.0,1.178,1.698
CVU,Industrials,Aerospace & Defense,3,False,✅,❌,✅,❌,✅,5.08,5.98,15.1,0.34,1.9,2.0,1.178,1.698
YPF,Energy,Oil & Gas Integrated,3,False,✅,❌,✅,✅,❌,52.1,57.87,10.0,0.91,373.1,2.0,1.178,1.698
CRL,Healthcare,Diagnostics & Research,3,False,✅,❌,✅,✅,❌,292.84,303.31,3.5,1.38,1047.6,1.971,1.178,1.673
NWPX,Basic Materials,Steel,3,False,❌,✅,✅,✅,❌,102.83,152.03,32.4,0.57,103.6,1.961,1.178,1.665
MRK,Healthcare,Drug Manufacturers - General,3,False,✅,❌,✅,✅,❌,148.78,156.0,4.6,0.95,6561.9,1.949,1.178,1.655
VTRS,Healthcare,Drug Manufacturers - Specialty & Generic,3,False,✅,❌,✅,✅,❌,17.83,18.25,2.3,0.93,764.6,1.939,1.178,1.646
DDOG,Technology,Software - Application,3,False,✅,❌,✅,✅,❌,268.13,292.72,8.4,0.75,5524.5,1.928,1.178,1.637
WHWK,Healthcare,Biotechnology,3,False,✅,✅,✅,❌,❌,3.74,5.49,31.9,0.54,9.6,1.928,1.178,1.636
CIB,Financial Services,Banks - Regional,3,False,✅,❌,✅,✅,❌,95.15,105.6,9.9,0.77,142.0,1.927,1.178,1.636
ARW,Technology,Electronics & Computer Distribution,3,False,✅,❌,✅,✅,❌,232.8,237.33,1.9,0.68,628.6,1.925,1.178,1.634
TXMD,Healthcare,Drug Manufacturers - Specialty & Generic,3,False,✅,✅,✅,❌,❌,2.05,2.95,30.5,0.73,0.3,1.916,1.178,1.626
EWT,その他,,3,False,✅,❌,✅,✅,❌,114.78,115.82,0.9,1.17,2822.3,1.914,1.178,1.624
PRLB,Industrials,Metal Fabrication,3,False,✅,❌,✅,✅,❌,96.25,96.92,0.7,1.29,83.9,1.91,1.178,1.621
PDFS,Technology,Software - Application,3,False,✅,❌,✅,✅,❌,49.55,71.69,30.9,0.66,181.0,1.897,1.178,1.61
CYRX,Industrials,Integrated Freight & Logistics,3,False,✅,❌,✅,✅,❌,17.41,17.98,3.2,0.9,53.0,1.892,1.178,1.606
SMH,その他,,3,False,✅,❌,✅,✅,❌,606.56,671.83,9.7,0.68,28033.8,1.891,1.178,1.605
PSX,Energy,Oil & Gas Refining & Marketing,3,False,✅,❌,✅,✅,❌,255.75,277.12,7.7,1.35,2842.2,1.888,1.178,1.603
GNOM,その他,,3,False,✅,✅,✅,❌,❌,70.21,70.83,0.9,1.14,7.9,1.879,1.178,1.595
TGT,Consumer Defensive,Discount Stores,3,False,✅,❌,✅,✅,❌,157.45,170.75,7.8,0.62,3103.8,1.865,1.178,1.583
CURR,Technology,Software - Application,3,False,✅,✅,✅,❌,❌,3.0,5.08,40.9,0.52,4.3,1.863,1.178,1.582
UMAC,Technology,Computer Hardware,3,False,✅,❌,✅,✅,❌,24.05,34.93,31.1,0.43,623.6,1.863,1.178,1.581
AMKR,Technology,Semiconductor Equipment & Materials,3,False,❌,✅,✅,✅,❌,53.61,96.5,44.4,0.62,1577.5,1.86,1.178,1.578
PANW,Technology,Software - Infrastructure,3,False,✅,❌,✅,✅,❌,374.74,398.88,6.1,0.81,11274.9,1.852,1.178,1.572
SCCO,Basic Materials,Copper,3,False,✅,❌,✅,✅,❌,203.92,220.78,7.6,0.78,1107.2,1.85,1.178,1.571
EC,Energy,Oil & Gas Integrated,3,False,✅,❌,✅,✅,❌,16.58,18.38,9.8,0.67,185.9,1.849,1.178,1.57
TNK,Energy,Oil & Gas Midstream,3,False,✅,❌,✅,✅,❌,94.07,103.16,8.8,1.03,165.2,1.838,1.178,1.56
AMN,Healthcare,Medical Care Facilities,3,False,✅,❌,✅,✅,❌,34.56,37.22,7.1,0.61,135.6,1.831,1.178,1.555
NHC,Healthcare,Medical Care Facilities,3,False,✅,❌,✅,✅,❌,227.36,239.29,5.0,0.89,125.0,1.83,1.178,1.553
GCT,Technology,Software - Infrastructure,3,False,✅,❌,✅,✅,❌,53.98,56.27,4.1,1.23,139.3,1.82,1.178,1.545
HBIO,Healthcare,Medical Instruments & Supplies,3,False,✅,❌,✅,❌,✅,7.96,9.4,15.3,0.78,0.6,1.809,1.178,1.536
INTG,Consumer Cyclical,Lodging,3,False,❌,✅,✅,✅,❌,33.33,52.0,35.9,0.55,15.4,1.809,1.178,1.536
OCC,Technology,Communication Equipment,3,False,✅,❌,✅,✅,❌,14.53,27.98,48.1,0.22,51.8,1.805,1.178,1.532
MGLD,Financial Services,Asset Management,3,False,✅,✅,✅,❌,❌,1.93,1.96,1.5,18.28,1.6,1.804,1.178,1.531
RVTY,Healthcare,Diagnostics & Research,3,False,✅,❌,✅,✅,❌,151.11,152.26,0.8,1.49,924.3,1.803,1.178,1.53
MSGS,Communication Services,Entertainment,3,False,✅,❌,✅,✅,❌,402.84,438.93,8.2,1.05,469.3,1.802,1.178,1.53
XMTR,Industrials,Industrial Distribution,3,False,✅,❌,✅,✅,❌,100.57,107.93,6.8,1.46,355.3,1.8,1.178,1.528
STRO,Healthcare,Biotechnology,3,False,❌,✅,✅,✅,❌,15.98,43.85,63.6,0.86,40.4,1.796,1.178,1.524
APA,Energy,Oil & Gas E&P,3,False,✅,❌,✅,✅,❌,42.74,47.44,9.9,1.09,1041.0,1.791,1.178,1.521
QUIK,Technology,Semiconductors,3,False,❌,✅,✅,✅,❌,10.96,24.33,55.0,0.61,32.3,1.791,1.178,1.52
BWLP,Energy,Oil & Gas Midstream,3,False,✅,❌,✅,✅,❌,24.23,26.47,8.5,0.85,44.2,1.782,1.178,1.512
BELFB,Technology,Electronic Components,3,False,❌,❌,✅,✅,✅,252.69,335.21,24.6,0.59,345.3,1.771,1.178,1.504
CVE,Energy,Oil & Gas Integrated,3,False,✅,❌,✅,✅,❌,30.93,34.1,9.3,1.03,1038.9,1.77,1.178,1.502
AVIR,Healthcare,Biotechnology,3,False,✅,❌,✅,❌,✅,5.17,6.45,19.8,0.9,7.6,1.765,1.178,1.498
WT,Financial Services,Asset Management,3,False,✅,❌,✅,✅,❌,24.33,25.91,6.1,0.67,280.9,1.763,1.178,1.497
SFL,Industrials,Marine Shipping,3,False,✅,❌,✅,✅,❌,12.78,13.98,8.6,1.15,84.6,1.761,1.178,1.495
CPAC,Basic Materials,Building Materials,3,False,✅,✅,✅,❌,❌,12.23,12.74,4.0,0.46,3.5,1.76,1.178,1.494
UFCS,Financial Services,Insurance - Property & Casualty,3,False,✅,❌,✅,✅,❌,53.33,56.74,6.0,0.72,37.9,1.755,1.178,1.489
ALMS,Healthcare,Biotechnology,3,False,❌,✅,✅,✅,❌,7.1,31.35,77.4,1.23,166.6,1.753,1.178,1.488
TK,Energy,Oil & Gas Midstream,3,False,✅,❌,✅,✅,❌,13.7,14.93,8.2,0.94,34.8,1.749,1.178,1.484
AMAL,Financial Services,Banks - Regional,3,False,✅,❌,✅,✅,❌,47.58,51.59,7.8,1.21,39.0,1.748,1.178,1.484
BFH,Financial Services,Credit Services,3,False,✅,❌,✅,✅,❌,102.91,114.28,9.9,1.22,305.2,1.747,1.178,1.483
EQNR,Energy,Oil & Gas Integrated,3,False,✅,❌,✅,✅,❌,42.19,45.84,8.0,1.27,649.4,1.734,1.178,1.472
BOTJ,Financial Services,Banks - Regional,3,False,✅,✅,✅,❌,❌,26.75,29.55,9.5,2.21,3.8,1.731,1.178,1.47
WCC,Industrials,Industrial Distribution,3,False,✅,❌,✅,✅,❌,367.44,384.81,4.5,0.7,985.1,1.73,1.178,1.468
BOF,Consumer Defensive,Packaged Foods,3,False,✅,❌,✅,❌,✅,3.71,5.25,29.3,0.7,1.2,1.726,1.178,1.465
CGEN,Healthcare,Biotechnology,3,False,✅,❌,✅,❌,✅,2.38,3.24,26.5,0.56,4.0,1.725,1.178,1.464
HIMX,Technology,Semiconductors,3,False,✅,❌,✅,✅,❌,14.44,24.66,41.4,0.4,210.6,1.721,1.178,1.461
WEYS,Consumer Cyclical,Footwear & Accessories,3,False,✅,✅,✅,❌,❌,47.44,48.73,2.6,1.38,4.5,1.717,1.178,1.457
DAC,Industrials,Marine Shipping,3,False,✅,❌,✅,✅,❌,154.14,163.64,5.8,1.38,72.7,1.714,1.178,1.455
SUNE,Technology,Solar,3,False,❌,✅,✅,✅,❌,2.4,9.45,74.6,0.02,91.8,1.714,1.178,1.455
BELFA,Technology,Electronic Components,3,False,❌,✅,✅,✅,❌,203.1,293.44,30.8,0.45,173.2,1.709,1.178,1.451
NTAP,Technology,Software - Infrastructure,3,False,✅,❌,✅,✅,❌,201.15,209.06,3.8,0.66,2468.7,1.707,1.178,1.449
TISI,Industrials,Specialty Business Services,3,False,✅,✅,✅,❌,❌,29.06,29.57,1.7,1.56,2.3,1.704,1.178,1.447
JBIO,Healthcare,Biotechnology,3,False,❌,✅,✅,✅,❌,14.42,28.0,48.5,0.86,94.6,1.7,1.178,1.443
CON,Healthcare,Medical Care Facilities,3,False,✅,❌,✅,✅,❌,35.01,36.71,4.6,0.81,142.5,1.699,1.178,1.442
SLAB,Technology,Semiconductors,3,False,✅,❌,✅,✅,❌,221.24,222.49,0.6,0.82,383.3,1.694,1.178,1.438
RPRX,Healthcare,Biotechnology,3,False,✅,❌,✅,✅,❌,58.21,64.38,9.6,0.78,923.1,1.693,1.178,1.437
XOMX,その他,,3,False,✅,❌,✅,❌,✅,46.46,59.55,22.0,0.57,4.8,1.691,1.178,1.436
ESTA,Healthcare,Medical Devices,3,False,❌,✅,✅,✅,❌,65.97,97.59,32.4,0.6,202.2,1.687,1.178,1.432
RIG,Energy,Oil & Gas Drilling,3,False,❌,❌,✅,✅,✅,5.38,7.66,29.8,1.12,1054.8,1.687,1.178,1.432
RIGL,Healthcare,Biotechnology,3,False,✅,❌,✅,✅,❌,48.18,52.24,7.8,0.54,64.1,1.683,1.178,1.428
SN,Consumer Cyclical,"Furnishings, Fixtures & Appliances",3,False,✅,❌,✅,✅,❌,177.74,194.54,8.6,0.95,1456.4,1.678,1.178,1.425
TYRA,Healthcare,Biotechnology,3,False,❌,✅,✅,✅,❌,21.76,40.65,46.5,1.35,120.3,1.678,1.178,1.424
ANDE,Consumer Defensive,Food Distribution,3,False,❌,❌,✅,✅,✅,66.97,81.87,18.2,0.88,114.0,1.672,1.178,1.419
ASYS,Technology,Semiconductor Equipment & Materials,3,False,❌,✅,✅,✅,❌,15.78,25.71,38.6,0.54,36.4,1.672,1.178,1.419
JCSE,Industrials,Specialty Industrial Machinery,3,False,✅,✅,✅,❌,❌,1.43,2.36,39.4,0.4,0.2,1.667,1.178,1.415
TSM,Technology,Semiconductors,3,False,✅,❌,✅,✅,❌,450.61,477.72,5.7,0.78,25370.5,1.666,1.178,1.414
TBN,Energy,Oil & Gas E&P,3,False,✅,❌,✅,✅,❌,35.11,52.21,32.8,0.69,30.9,1.659,1.178,1.408
BIIB,Healthcare,Drug Manufacturers - General,3,False,✅,❌,✅,✅,❌,227.6,229.19,0.7,1.03,1107.5,1.657,1.178,1.406
SHG,Financial Services,Banks - Regional,3,False,✅,❌,✅,✅,❌,80.95,85.57,5.4,0.61,76.8,1.654,1.178,1.404
TCMD,Healthcare,Medical Devices,3,False,❌,✅,✅,✅,❌,22.73,37.77,39.8,0.79,35.8,1.649,1.178,1.4
UVE,Financial Services,Insurance - Property & Casualty,3,False,✅,❌,✅,✅,❌,42.14,45.15,6.7,0.79,38.5,1.649,1.178,1.399
ICCC,Healthcare,Biotechnology,3,False,✅,❌,✅,❌,✅,9.93,12.1,18.0,0.41,1.4,1.646,1.178,1.397
LLY,Healthcare,Drug Manufacturers - General,3,False,✅,❌,✅,✅,❌,1183.46,1292.65,8.4,0.84,15583.3,1.644,1.178,1.395
BCAX,Healthcare,Biotechnology,3,False,❌,✅,✅,✅,❌,19.21,30.99,38.0,1.19,80.6,1.64,1.178,1.393
SABS,Healthcare,Biotechnology,3,False,❌,✅,✅,✅,❌,3.29,5.15,36.1,1.45,11.6,1.637,1.178,1.389
CIX,Industrials,Security & Protection Services,3,False,✅,✅,✅,❌,❌,37.8,40.29,6.2,4.1,2.0,1.634,1.178,1.387
SU,Energy,Oil & Gas Integrated,3,False,✅,❌,✅,✅,❌,68.19,72.06,5.4,0.92,1335.4,1.633,1.178,1.387
TRGP,Energy,Oil & Gas Midstream,3,False,✅,❌,✅,✅,❌,277.84,307.94,9.8,0.92,1608.5,1.629,1.178,1.383
PBR,Energy,Oil & Gas Integrated,3,False,✅,❌,✅,✅,❌,20.37,21.99,7.4,1.21,1549.0,1.625,1.178,1.379
VATE,Industrials,Engineering & Construction,3,False,❌,✅,✅,✅,❌,7.77,21.3,63.5,0.32,15.8,1.622,1.178,1.377
GPRE,Basic Materials,Chemicals,3,False,❌,❌,✅,✅,✅,14.92,19.65,24.1,0.77,113.0,1.62,1.178,1.375
TGTX,Healthcare,Biotechnology,3,False,✅,❌,✅,✅,❌,57.43,59.3,3.2,0.82,549.1,1.618,1.178,1.373
GGB,Basic Materials,Steel,3,False,✅,❌,✅,✅,❌,4.85,5.17,6.2,0.73,326.9,1.617,1.178,1.373
MD,Healthcare,Medical Care Facilities,3,False,✅,❌,✅,✅,❌,26.31,27.94,5.8,0.76,95.7,1.614,1.178,1.37
ATLO,Financial Services,Banks - Regional,3,False,✅,✅,✅,❌,❌,31.82,32.86,3.2,0.36,8.0,1.613,1.178,1.369
CRSR,Technology,Computer Hardware,3,False,✅,❌,✅,✅,❌,13.66,14.98,8.8,0.49,120.2,1.613,1.178,1.369
NET,Technology,Software - Infrastructure,3,False,✅,❌,✅,✅,❌,349.02,367.43,5.0,0.95,4683.1,1.613,1.178,1.369
STT,Financial Services,Asset Management,3,False,✅,❌,✅,✅,❌,181.34,195.93,7.4,1.3,1737.6,1.608,1.178,1.365
BYFC,Financial Services,Banks - Regional,3,False,✅,✅,✅,❌,❌,11.91,12.35,3.6,0.42,0.2,1.607,1.178,1.364
VAL,Energy,Oil & Gas Drilling,3,False,❌,❌,✅,✅,✅,80.99,114.12,29.0,1.29,419.8,1.607,1.178,1.364
TECK,Basic Materials,Other Industrial Metals & Mining,3,False,✅,❌,✅,✅,❌,66.05,72.46,8.8,0.99,951.8,1.601,1.178,1.359
OPY,Financial Services,Capital Markets,3,False,✅,❌,✅,✅,❌,119.78,125.88,4.8,1.33,61.6,1.599,1.178,1.357
LQDT,Consumer Cyclical,Internet Retail,3,False,✅,❌,✅,✅,❌,43.61,44.09,1.1,0.96,39.9,1.597,1.178,1.356
NFXS,その他,,3,False,✅,✅,✅,❌,❌,21.19,23.13,8.4,0.61,2.5,1.59,1.178,1.35
CRS,Industrials,Metal Fabrication,3,False,❌,✅,✅,✅,❌,396.84,625.73,36.6,1.0,1839.1,1.586,1.178,1.346
TQQQ,その他,,3,False,✅,❌,✅,✅,❌,79.6,87.72,9.3,0.89,22309.2,1.584,1.178,1.345
ESCA,Consumer Cyclical,Leisure,3,False,✅,❌,✅,❌,✅,19.52,23.07,15.4,0.72,3.5,1.583,1.178,1.343
HUM,Healthcare,Healthcare Plans,3,False,✅,❌,✅,✅,❌,397.93,428.88,7.2,0.84,2378.3,1.578,1.178,1.339
ABOS,Healthcare,Biotechnology,3,False,✅,✅,✅,❌,❌,2.24,3.6,37.8,0.93,5.2,1.577,1.178,1.339
DXPE,Industrials,Industrial Distribution,3,False,✅,❌,✅,✅,❌,192.1,208.0,7.6,0.96,118.7,1.575,1.178,1.337
AAPB,その他,,3,False,✅,❌,✅,✅,❌,45.53,47.63,4.4,0.45,11.0,1.573,1.178,1.336
CELC,Healthcare,Biotechnology,3,False,❌,✅,✅,✅,❌,79.52,151.02,47.3,0.61,597.6,1.572,1.178,1.334
GLUE,Healthcare,Biotechnology,3,False,❌,✅,✅,✅,❌,11.77,25.77,54.3,0.88,110.9,1.571,1.178,1.334
OUST,Technology,Electronic Components,3,False,✅,❌,✅,✅,❌,43.72,63.79,31.5,0.68,788.8,1.571,1.178,1.334
ROST,Consumer Cyclical,Apparel Retail,3,False,✅,❌,✅,✅,❌,236.12,256.5,7.9,0.66,3168.3,1.571,1.178,1.334
AG,Basic Materials,Silver,3,False,✅,❌,✅,✅,❌,19.01,31.99,40.6,0.86,991.8,1.569,1.178,1.332
KELYB,Industrials,Staffing & Employment Services,3,False,✅,✅,✅,❌,❌,22.19,123.42,82.0,0.92,0.4,1.568,1.178,1.331
PYPD,Healthcare,Biotechnology,3,False,✅,✅,✅,❌,❌,5.22,5.73,8.9,0.38,4.2,1.565,1.178,1.329
AMG,Financial Services,Asset Management,3,False,✅,❌,✅,✅,❌,373.69,392.91,4.9,0.98,496.8,1.564,1.178,1.327
SMFG,Financial Services,Banks - Diversified,3,False,✅,❌,✅,✅,❌,26.61,27.62,3.7,0.77,210.6,1.562,1.178,1.326
AMGN,Healthcare,Drug Manufacturers - General,3,False,✅,❌,✅,✅,❌,414.61,447.03,7.3,1.05,4951.3,1.561,1.178,1.325
EXPD,Industrials,Integrated Freight & Logistics,3,False,✅,❌,✅,✅,❌,187.46,194.59,3.7,1.02,948.4,1.555,1.178,1.32
DAO,Consumer Defensive,Education & Training Services,3,False,✅,❌,✅,❌,✅,14.7,18.94,22.4,0.52,5.3,1.552,1.178,1.318
ITRN,Technology,Scientific & Technical Instruments,3,False,❌,❌,✅,✅,✅,51.69,67.76,23.7,0.76,38.8,1.548,1.178,1.314
AAPU,その他,,3,False,✅,❌,✅,✅,❌,46.42,48.69,4.7,0.54,345.0,1.545,1.178,1.312
RRBI,Financial Services,Banks - Regional,3,False,✅,❌,✅,✅,❌,101.0,104.87,3.7,0.83,36.6,1.545,1.178,1.312
ASC,Industrials,Marine Shipping,3,False,✅,❌,✅,✅,❌,17.85,19.37,7.8,0.91,50.7,1.544,1.178,1.311
HALO,Healthcare,Biotechnology,3,False,✅,❌,✅,✅,❌,113.9,116.85,2.5,1.49,887.4,1.544,1.178,1.311
OBK,Financial Services,Banks - Regional,3,False,✅,❌,✅,✅,❌,53.64,55.32,3.0,1.0,39.5,1.544,1.178,1.311
JNJ,Healthcare,Drug Manufacturers - General,3,False,✅,❌,✅,✅,❌,271.22,281.07,3.5,0.75,9159.7,1.543,1.178,1.31
TRST,Financial Services,Banks - Regional,3,False,✅,❌,✅,✅,❌,56.2,59.28,5.2,0.81,34.4,1.539,1.178,1.307
ACU,Consumer Defensive,Household & Personal Products,3,False,✅,✅,✅,❌,❌,62.75,64.17,2.2,1.19,8.1,1.537,1.178,1.304
TKNO,Healthcare,Drug Manufacturers - Specialty & Generic,3,False,✅,✅,✅,❌,❌,9.33,9.47,1.5,1.95,6.4,1.537,1.178,1.305
ADEA,Technology,Software - Application,3,False,❌,❌,✅,✅,✅,25.48,34.21,25.5,0.49,212.9,1.529,1.178,1.298
GCBC,Financial Services,Banks - Regional,3,False,✅,✅,✅,❌,❌,34.46,36.33,5.1,1.24,6.2,1.528,1.178,1.297
CALY,Consumer Cyclical,Leisure,3,False,❌,❌,✅,✅,✅,14.44,20.28,28.8,0.96,179.0,1.525,1.178,1.294
CEPU,Utilities,Utilities - Regulated Electric,3,False,❌,❌,✅,✅,✅,13.18,18.5,28.8,0.85,18.0,1.525,1.178,1.295
PAGP,Energy,Oil & Gas Midstream,3,False,✅,❌,✅,✅,❌,26.58,28.7,7.4,1.02,192.3,1.521,1.178,1.291
BBH,その他,,3,False,✅,✅,✅,❌,❌,245.36,245.36,0.0,2.13,7.5,1.52,1.178,1.291
IPDN,Industrials,Staffing & Employment Services,3,False,❌,✅,✅,✅,❌,4.5,7.7,41.6,1.39,13.0,1.515,1.178,1.286
KMT,Industrials,Tools & Accessories,3,False,❌,❌,✅,✅,✅,31.03,43.3,28.3,0.93,211.6,1.515,1.178,1.286
BBAR,Financial Services,Banks - Regional,3,False,❌,✅,✅,✅,❌,13.15,22.29,41.0,0.7,55.2,1.514,1.178,1.286
RBKB,Financial Services,Banks - Regional,3,False,✅,✅,✅,❌,❌,12.83,13.23,3.0,1.27,6.8,1.514,1.178,1.285
SBFG,Financial Services,Banks - Regional,3,False,✅,✅,✅,❌,❌,29.86,30.84,3.2,0.47,3.7,1.514,1.178,1.285
HSBC,Financial Services,Banks - Diversified,3,False,✅,❌,✅,✅,❌,100.95,107.43,6.0,0.98,661.9,1.513,1.178,1.284
VOD,Communication Services,Telecom Services,3,False,✅,❌,✅,✅,❌,16.62,17.71,6.2,0.78,280.1,1.512,1.178,1.283
SNEX,Financial Services,Capital Markets,3,False,❌,❌,✅,✅,✅,66.81,94.66,29.4,0.99,415.2,1.511,1.178,1.283
RGEN,Healthcare,Medical Instruments & Supplies,3,False,✅,❌,✅,✅,❌,189.68,192.49,1.5,1.11,799.1,1.51,1.178,1.282
CAC,Financial Services,Banks - Regional,3,False,✅,❌,✅,✅,❌,57.82,60.59,4.6,0.88,26.4,1.508,1.178,1.28
DE,Industrials,Farm & Heavy Construction Machinery,3,False,✅,❌,✅,✅,❌,690.46,721.22,4.3,1.05,3843.7,1.507,1.178,1.279
KODK,Industrials,Specialty Business Services,3,False,✅,❌,✅,✅,❌,9.51,14.87,36.0,0.68,43.0,1.507,1.178,1.279
NOV,Energy,Oil & Gas Equipment & Services,3,False,✅,❌,✅,✅,❌,19.86,21.93,9.4,0.77,347.1,1.507,1.178,1.279
IQV,Healthcare,Diagnostics & Research,3,False,✅,❌,✅,✅,❌,270.37,277.4,2.5,0.95,1606.3,1.506,1.178,1.278
ENTA,Healthcare,Biotechnology,3,False,❌,✅,✅,✅,❌,11.88,17.15,30.7,0.95,14.2,1.504,1.178,1.276
HRMY,Healthcare,Biotechnology,3,False,✅,❌,✅,✅,❌,41.26,43.49,5.1,0.96,151.5,1.5,1.178,1.273
AKAM,Technology,Software - Infrastructure,3,False,❌,✅,✅,✅,❌,113.94,165.45,31.1,2.43,2670.3,1.498,1.178,1.272
INCY,Healthcare,Biotechnology,3,False,✅,❌,✅,✅,❌,123.89,132.6,6.6,0.86,937.0,1.498,1.178,1.272
ESLT,Industrials,Aerospace & Defense,3,False,❌,❌,✅,✅,✅,735.0,1013.65,27.5,0.81,346.7,1.497,1.178,1.271
STRL,Industrials,Engineering & Construction,3,False,❌,✅,✅,✅,❌,512.29,1005.68,49.1,0.59,2332.3,1.497,1.178,1.271
KEEL,Technology,Information Technology Services,3,False,❌,✅,✅,✅,❌,3.8,7.37,48.4,0.68,931.0,1.496,1.178,1.27
BEN,Financial Services,Asset Management,3,False,✅,❌,✅,✅,❌,33.02,36.28,9.0,1.26,654.3,1.495,1.178,1.269
GEO,Industrials,Security & Protection Services,3,False,✅,❌,✅,✅,❌,31.22,33.15,5.8,1.4,288.8,1.494,1.178,1.268
BMY,Healthcare,Drug Manufacturers - General,3,False,✅,❌,✅,✅,❌,62.86,68.64,8.4,1.14,3329.3,1.493,1.178,1.267
CECO,Industrials,Pollution & Treatment Controls,3,False,❌,❌,✅,✅,✅,73.5,101.24,27.4,0.81,329.8,1.492,1.178,1.267
CNQ,Energy,Oil & Gas E&P,3,False,✅,❌,✅,✅,❌,47.41,52.31,9.4,0.73,1643.4,1.492,1.178,1.267
IBB,その他,,3,False,✅,❌,✅,✅,❌,209.77,217.11,3.4,1.06,1433.8,1.491,1.178,1.266
EXEL,Healthcare,Biotechnology,3,False,✅,❌,✅,✅,❌,58.16,59.72,2.6,0.77,651.0,1.49,1.178,1.265
RDIB,Communication Services,Entertainment,3,False,✅,✅,✅,❌,❌,16.37,24.0,31.8,0.55,9.6,1.488,1.178,1.263
BCH,Financial Services,Banks - Regional,3,False,✅,❌,✅,✅,❌,42.04,44.09,4.6,1.24,60.5,1.487,1.178,1.262
WAT,Healthcare,Diagnostics & Research,3,False,✅,❌,✅,✅,❌,433.54,436.34,0.6,0.94,1580.4,1.486,1.178,1.262
GSL,Industrials,Marine Shipping,3,False,✅,❌,✅,✅,❌,44.33,46.57,4.8,1.14,64.4,1.483,1.178,1.259
BNS,Financial Services,Banks - Diversified,3,False,✅,❌,✅,✅,❌,93.48,95.74,2.4,0.57,987.4,1.482,1.178,1.258
IXN,その他,,3,False,✅,❌,✅,✅,❌,148.96,149.65,0.5,0.56,301.8,1.48,1.178,1.256
SSRM,Basic Materials,Gold,3,False,✅,❌,✅,✅,❌,35.68,39.44,9.5,0.88,441.9,1.48,1.178,1.256
CRDO,Technology,Semiconductors,3,False,✅,❌,✅,✅,❌,210.97,308.67,31.7,1.18,8252.1,1.476,1.178,1.253
SYNA,Technology,Semiconductors,3,False,❌,✅,✅,✅,❌,102.72,149.11,31.1,0.53,509.9,1.476,1.178,1.253
IX,Financial Services,Financial Conglomerates,3,False,✅,❌,✅,✅,❌,39.19,42.39,7.5,1.23,55.3,1.471,1.178,1.249
WAB,Industrials,Railroads,3,False,✅,❌,✅,✅,❌,288.0,306.32,6.0,0.92,1220.9,1.471,1.178,1.249
ING,Financial Services,Banks - Diversified,3,False,✅,❌,✅,✅,❌,36.55,37.52,2.6,0.78,423.6,1.47,1.178,1.248
JBL,Technology,Electronic Components,3,False,❌,❌,✅,✅,✅,316.74,428.84,26.1,1.01,1956.9,1.469,1.178,1.247
PFIS,Financial Services,Banks - Regional,3,False,✅,❌,✅,✅,❌,69.8,73.34,4.8,0.81,19.9,1.468,1.178,1.246
GCTS,Technology,Semiconductors,3,False,✅,❌,✅,✅,❌,2.23,3.93,43.3,0.34,60.2,1.467,1.178,1.245
COCO,Consumer Defensive,Beverages - Non-Alcoholic,3,False,❌,✅,✅,✅,❌,58.59,85.83,31.7,0.94,381.9,1.466,1.178,1.245
MUFG,Financial Services,Banks - Diversified,3,False,✅,❌,✅,✅,❌,23.48,24.26,3.2,0.89,326.0,1.464,1.178,1.243
SLX,その他,,3,False,✅,❌,✅,✅,❌,104.8,114.0,8.1,0.32,21.5,1.464,1.178,1.243
CBNA,Financial Services,Banks - Regional,3,False,✅,✅,✅,❌,❌,47.76,49.71,3.9,1.23,3.7,1.463,1.178,1.242
FLNT,Communication Services,Advertising Agencies,3,False,✅,❌,✅,❌,✅,3.16,4.49,29.6,0.46,1.1,1.463,1.178,1.242
WTBA,Financial Services,Banks - Regional,3,False,✅,✅,✅,❌,❌,29.19,30.33,3.8,0.68,8.1,1.462,1.178,1.241
YANG,その他,,3,False,❌,❌,✅,✅,✅,32.15,41.84,23.2,0.78,122.8,1.461,1.178,1.24
TMO,Healthcare,Diagnostics & Research,3,False,✅,❌,✅,✅,❌,675.0,682.98,1.2,1.03,5814.2,1.459,1.178,1.239
IFS,Financial Services,Banks - Regional,3,False,✅,❌,✅,✅,❌,56.25,61.38,8.4,0.82,72.7,1.458,1.178,1.238
NVGS,Energy,Oil & Gas Midstream,3,False,✅,❌,✅,✅,❌,23.02,25.48,9.7,1.07,48.0,1.457,1.178,1.237
JILL,Consumer Cyclical,Apparel Retail,3,False,✅,✅,✅,❌,❌,24.63,24.73,0.4,1.8,9.4,1.456,1.178,1.236
IFRX,Healthcare,Biotechnology,3,False,✅,❌,✅,✅,❌,1.89,2.95,35.9,0.45,11.1,1.454,1.178,1.234
NDSN,Industrials,Specialty Industrial Machinery,3,False,✅,❌,✅,✅,❌,325.77,338.1,3.6,0.8,578.2,1.453,1.178,1.233
PLBC,Financial Services,Banks - Regional,3,False,✅,❌,✅,✅,❌,62.29,64.0,2.7,0.83,17.0,1.453,1.178,1.233
EPOL,その他,,3,False,✅,❌,✅,✅,❌,44.85,46.03,2.6,0.87,83.1,1.452,1.178,1.232
IFF,Basic Materials,Specialty Chemicals,3,False,✅,❌,✅,✅,❌,85.69,88.9,3.6,0.93,701.6,1.452,1.178,1.233
NRGV,Utilities,Utilities - Renewable,3,False,✅,❌,✅,✅,❌,4.4,6.64,33.8,0.75,104.9,1.452,1.178,1.233
VISN,Technology,Communication Equipment,3,False,✅,❌,✅,✅,❌,6.22,11.7,46.8,0.76,236.1,1.452,1.178,1.232
MNTK,Basic Materials,Specialty Chemicals,3,False,✅,✅,✅,❌,❌,2.93,3.04,3.6,4.89,3.0,1.45,1.178,1.231
UNFI,Consumer Defensive,Food Distribution,3,False,❌,❌,✅,✅,✅,45.85,57.02,19.6,0.99,146.2,1.45,1.178,1.231
ANET,Technology,Computer Hardware,3,False,✅,❌,✅,✅,❌,206.55,214.89,3.9,0.57,6447.8,1.449,1.178,1.23
IEX,Industrials,Specialty Industrial Machinery,3,False,✅,❌,✅,✅,❌,230.08,243.8,5.6,1.0,704.6,1.447,1.178,1.228
CFBK,Financial Services,Banks - Regional,3,False,✅,✅,✅,❌,❌,34.51,38.11,9.4,0.61,9.4,1.438,1.178,1.221
GEF,Consumer Cyclical,Packaging & Containers,3,False,✅,❌,✅,✅,❌,82.66,89.89,8.0,1.41,100.8,1.438,1.178,1.221
PFG,Financial Services,Asset Management,3,False,✅,❌,✅,✅,❌,114.77,121.18,5.3,1.0,720.4,1.437,1.178,1.22
TSHA,Healthcare,Biotechnology,3,False,❌,✅,✅,✅,❌,4.67,7.3,36.0,1.29,85.9,1.437,1.178,1.22
OSBC,Financial Services,Banks - Regional,3,False,✅,❌,✅,✅,❌,24.95,26.06,4.3,1.27,47.6,1.436,1.178,1.219
QLD,その他,,3,False,✅,❌,✅,✅,❌,96.95,101.09,4.1,0.89,1910.5,1.435,1.178,1.218
STNG,Energy,Oil & Gas Midstream,3,False,✅,❌,✅,✅,❌,81.49,90.06,9.5,1.24,321.3,1.434,1.178,1.218
FCFS,Financial Services,Credit Services,3,False,✅,❌,✅,✅,❌,217.45,238.93,9.0,0.78,454.7,1.431,1.178,1.215
CFFN,Financial Services,Banks - Regional,3,False,✅,❌,✅,✅,❌,8.68,9.26,6.3,1.22,33.7,1.43,1.178,1.214
MOD,Consumer Cyclical,Auto Parts,3,False,❌,✅,✅,✅,❌,198.07,323.25,38.7,0.96,1634.1,1.429,1.178,1.213
CVI,Energy,Oil & Gas Refining & Marketing,3,False,✅,❌,✅,✅,❌,51.52,55.19,6.6,1.17,178.4,1.428,1.178,1.212
JAKK,Consumer Cyclical,Leisure,3,False,✅,✅,✅,❌,❌,25.26,26.95,6.3,0.52,8.9,1.427,1.178,1.212
WSFS,Financial Services,Banks - Regional,3,False,✅,❌,✅,✅,❌,77.76,82.94,6.2,0.87,157.7,1.427,1.178,1.211
RFL,Real Estate,Real Estate Services,3,False,✅,✅,✅,❌,❌,1.94,3.96,51.0,1.03,1.9,1.426,1.178,1.211
WASH,Financial Services,Banks - Regional,3,False,✅,❌,✅,✅,❌,38.86,40.54,4.1,0.67,28.2,1.426,1.178,1.21
FCBC,Financial Services,Banks - Regional,3,False,✅,❌,✅,✅,❌,47.62,50.17,5.1,0.77,20.1,1.421,1.178,1.206
WST,Healthcare,Medical Instruments & Supplies,3,False,✅,❌,✅,✅,❌,370.44,385.75,4.0,0.97,1140.8,1.421,1.178,1.206
ALOY,Basic Materials,Other Industrial Metals & Mining,3,False,❌,✅,✅,✅,❌,8.9,26.9,66.9,0.78,146.7,1.42,1.178,1.205
SVRA,Healthcare,Biotechnology,3,False,❌,❌,✅,✅,✅,5.0,7.01,28.6,1.35,44.6,1.42,1.178,1.206
DC,Basic Materials,Gold,3,False,✅,❌,✅,✅,❌,6.61,7.25,8.8,1.53,38.3,1.418,1.178,1.204
JCI,Industrials,Building Products & Equipment,3,False,✅,❌,✅,✅,❌,150.2,156.62,4.1,0.74,2609.9,1.416,1.178,1.202
ST,Technology,Scientific & Technical Instruments,3,False,❌,❌,✅,✅,✅,42.19,53.75,21.5,0.79,406.3,1.415,1.178,1.201
XLK,その他,,3,False,✅,❌,✅,✅,❌,196.27,198.26,1.0,0.74,8869.2,1.415,1.178,1.201
A,Healthcare,Diagnostics & Research,3,False,✅,❌,✅,✅,❌,172.79,174.77,1.1,1.35,1594.9,1.412,1.178,1.198
FTGC,その他,,3,False,✅,❌,✅,✅,❌,31.0,31.58,1.9,0.77,95.6,1.412,1.178,1.198
NSIT,Technology,Electronics & Computer Distribution,3,False,✅,❌,✅,✅,❌,159.03,168.5,5.6,0.91,267.5,1.41,1.178,1.197
XOM,Energy,Oil & Gas Integrated,3,False,✅,❌,✅,✅,❌,160.59,174.09,7.8,0.87,11393.7,1.41,1.178,1.197
DXJ,その他,,3,False,✅,❌,✅,✅,❌,181.27,183.11,1.0,0.44,251.5,1.409,1.178,1.196
SPXL,その他,,3,False,✅,❌,✅,✅,❌,291.28,302.86,3.8,0.85,2407.9,1.409,1.178,1.196
INTT,Technology,Semiconductor Equipment & Materials,3,False,❌,✅,✅,✅,❌,11.57,20.0,42.2,0.58,17.2,1.408,1.178,1.195
SCL,Basic Materials,Specialty Chemicals,3,False,✅,❌,✅,✅,❌,64.53,66.55,3.0,0.93,39.9,1.408,1.178,1.196
RNXT,Healthcare,Biotechnology,3,False,✅,✅,✅,❌,❌,1.66,2.59,35.9,0.98,4.6,1.407,1.178,1.194
REGN,Healthcare,Biotechnology,3,False,✅,❌,✅,✅,❌,788.04,859.34,8.3,0.73,3030.3,1.405,1.178,1.192
BIO,Healthcare,Medical Devices,3,False,✅,❌,✅,✅,❌,381.0,396.23,3.8,0.94,511.0,1.404,1.178,1.192
IVZ,Financial Services,Asset Management,3,False,✅,❌,✅,✅,❌,30.92,33.66,8.1,1.19,672.7,1.404,1.178,1.192
UPRO,その他,,3,False,✅,❌,✅,✅,❌,152.2,158.35,3.9,0.81,1554.3,1.404,1.178,1.191
SRCE,Financial Services,Banks - Regional,3,False,✅,❌,✅,✅,❌,86.09,91.3,5.7,0.78,50.4,1.403,1.178,1.191
CCNE,Financial Services,Banks - Regional,3,False,✅,❌,✅,✅,❌,34.09,35.97,5.2,0.85,25.7,1.402,1.178,1.19
RY,Financial Services,Banks - Diversified,3,False,✅,❌,✅,✅,❌,201.98,218.11,7.4,0.86,1355.5,1.4,1.178,1.189
BPRN,Financial Services,Banks - Regional,3,False,✅,✅,✅,❌,❌,43.41,44.1,1.6,1.39,4.0,1.398,1.178,1.187
LSBK,Financial Services,Banks - Regional,3,False,✅,✅,✅,❌,❌,17.82,19.09,6.7,1.0,1.3,1.397,1.178,1.186
BNY,Financial Services,Banks - Diversified,3,False,✅,❌,✅,✅,❌,150.15,165.84,9.5,1.21,2579.6,1.396,1.178,1.185
DDI,Communication Services,Electronic Gaming & Multimedia,3,False,✅,✅,✅,❌,❌,13.0,13.28,2.1,1.29,7.1,1.395,1.178,1.184
SHBI,Financial Services,Banks - Regional,3,False,✅,❌,✅,✅,❌,23.01,24.74,7.0,0.92,22.5,1.395,1.178,1.184
MLR,Consumer Cyclical,Auto Parts,3,False,✅,❌,✅,✅,❌,54.04,59.48,9.1,1.01,22.3,1.394,1.178,1.184
CYCN,Healthcare,Biotechnology,3,False,✅,✅,✅,❌,❌,23.94,59.36,59.7,1.81,0.8,1.39,1.175,1.183
XLE,その他,,3,False,✅,❌,✅,✅,❌,62.04,65.78,5.7,1.21,9109.4,1.387,1.178,1.178
MSM,Industrials,Industrial Distribution,3,False,✅,❌,✅,✅,❌,121.22,130.46,7.1,1.07,419.2,1.383,1.178,1.174
WF,Financial Services,Banks - Regional,3,False,✅,❌,✅,✅,❌,78.03,84.71,7.9,0.37,45.0,1.383,1.178,1.174
SXI,Industrials,Specialty Industrial Machinery,3,False,❌,❌,✅,✅,✅,280.17,363.52,22.9,0.86,236.2,1.382,1.178,1.173
APH,Technology,Electronic Components,3,False,✅,❌,✅,✅,❌,84.09,89.12,5.6,0.77,5919.9,1.381,1.178,1.173
GILD,Healthcare,Drug Manufacturers - General,3,False,✅,❌,✅,✅,❌,150.93,154.51,2.3,0.81,4510.9,1.38,1.178,1.171
ADM,Consumer Defensive,Farm Products,3,False,✅,❌,✅,✅,❌,81.12,88.75,8.6,0.76,1429.2,1.378,1.178,1.169
NPCE,Healthcare,Medical Devices,3,False,❌,❌,✅,✅,✅,14.06,19.6,28.3,0.94,13.2,1.378,1.178,1.17
CASS,Industrials,Specialty Business Services,3,False,✅,❌,✅,✅,❌,54.13,59.29,8.7,1.22,21.2,1.377,1.178,1.169
SAIC,Technology,Information Technology Services,3,False,✅,❌,✅,✅,❌,132.61,142.66,7.0,0.85,291.6,1.377,1.178,1.169
VALE,Basic Materials,Other Industrial Metals & Mining,3,False,❌,❌,✅,✅,✅,13.61,17.44,22.0,1.04,1764.1,1.377,1.178,1.169
CEVA,Technology,Semiconductors,3,False,❌,❌,✅,✅,✅,36.2,51.6,29.8,0.8,150.3,1.376,1.178,1.168
REX,Basic Materials,Chemicals,3,False,❌,❌,✅,✅,✅,42.84,53.36,19.7,1.27,41.9,1.376,1.178,1.168
VDE,その他,,3,False,✅,❌,✅,✅,❌,173.71,185.11,6.2,1.12,480.2,1.376,1.178,1.168
VPL,その他,,3,False,✅,❌,✅,✅,❌,117.42,121.23,3.1,0.83,253.9,1.376,1.178,1.168
KMDA,Healthcare,Drug Manufacturers - Specialty & Generic,3,False,✅,✅,✅,❌,❌,8.72,8.96,2.7,1.29,3.4,1.375,1.178,1.167
LSTR,Industrials,Integrated Freight & Logistics,3,False,❌,❌,✅,✅,✅,163.77,227.94,28.2,0.66,430.4,1.374,1.178,1.166
XPO,Industrials,Trucking,3,False,❌,❌,✅,✅,✅,173.17,232.05,25.4,0.93,1227.8,1.374,1.178,1.166
KO,Consumer Defensive,Beverages - Non-Alcoholic,3,False,✅,❌,✅,✅,❌,87.81,91.94,4.5,0.91,6767.0,1.373,1.178,1.165
VGT,その他,,3,False,✅,❌,✅,✅,❌,126.17,126.62,0.4,1.15,2528.4,1.372,1.178,1.165
NTB,Financial Services,Banks - Diversified,3,False,✅,❌,✅,✅,❌,58.95,64.17,8.1,0.84,54.3,1.371,1.178,1.163
EGBN,Financial Services,Banks - Regional,3,False,✅,❌,✅,✅,❌,28.54,29.28,2.5,1.29,38.1,1.37,1.178,1.163
BSAC,Financial Services,Banks - Regional,3,False,✅,❌,✅,✅,❌,34.37,36.4,5.6,0.83,54.9,1.369,1.178,1.162
DCOM,Financial Services,Banks - Regional,3,False,✅,❌,✅,✅,❌,40.37,41.97,3.8,0.87,58.7,1.368,1.178,1.161
TSBK,Financial Services,Banks - Regional,3,False,✅,✅,✅,❌,❌,45.41,49.38,8.0,0.84,7.5,1.367,1.178,1.161
SMC,Energy,Oil & Gas Midstream,3,False,✅,❌,✅,❌,✅,30.8,36.47,15.5,1.21,9.5,1.366,1.178,1.159
HXL,Industrials,Aerospace & Defense,3,False,❌,❌,✅,✅,✅,85.8,111.55,23.1,0.93,436.3,1.365,1.178,1.159
BG,Consumer Defensive,Farm Products,3,False,❌,❌,✅,✅,✅,109.0,134.02,18.7,1.12,924.2,1.364,1.178,1.158
FFIV,Technology,Software - Infrastructure,3,False,✅,❌,✅,✅,❌,443.06,462.0,4.1,0.86,1199.6,1.364,1.178,1.158
SHOO,Consumer Cyclical,Footwear & Accessories,3,False,✅,❌,✅,✅,❌,45.06,49.45,8.9,1.0,220.9,1.362,1.178,1.156
GM,Consumer Cyclical,Auto Manufacturers,3,False,✅,❌,✅,✅,❌,82.63,91.66,9.9,0.97,2883.9,1.361,1.178,1.155
VCYT,Healthcare,Diagnostics & Research,3,False,❌,❌,✅,✅,✅,45.43,60.91,25.4,1.41,307.6,1.359,1.178,1.153
CZNC,Financial Services,Banks - Regional,3,False,✅,✅,✅,❌,❌,25.7,26.37,2.5,0.68,7.4,1.358,1.178,1.153
NWFL,Financial Services,Banks - Regional,3,False,✅,✅,✅,❌,❌,33.78,35.48,4.8,0.94,5.6,1.358,1.178,1.153
CLST,Financial Services,Banks - Regional,3,False,✅,❌,✅,❌,✅,17.9,20.5,12.7,0.9,0.3,1.356,1.178,1.151
FNWD,Financial Services,Banks - Regional,3,False,✅,✅,✅,❌,❌,43.24,45.77,5.5,0.64,3.6,1.356,1.178,1.151
OGN,Healthcare,Drug Manufacturers - General,3,False,✅,❌,✅,✅,❌,13.73,13.78,0.4,0.67,183.9,1.356,1.178,1.151
IBKR,Financial Services,Capital Markets,3,False,✅,❌,✅,✅,❌,89.24,98.66,9.5,0.83,1979.2,1.355,1.178,1.151
PCB,Financial Services,Banks - Regional,3,False,✅,✅,✅,❌,❌,27.71,30.6,9.4,0.89,4.7,1.355,1.178,1.15
AME,Industrials,Specialty Industrial Machinery,3,False,✅,❌,✅,✅,❌,250.74,260.78,3.8,1.24,1444.3,1.354,1.178,1.149
PEBO,Financial Services,Banks - Regional,3,False,✅,❌,✅,✅,❌,39.22,42.13,6.9,1.1,49.6,1.354,1.178,1.15
FLNG,Energy,Oil & Gas Midstream,3,False,✅,❌,✅,✅,❌,30.88,32.97,6.4,0.85,59.9,1.353,1.178,1.148
RDNW,Consumer Cyclical,Auto & Truck Dealerships,3,False,❌,✅,✅,❌,✅,6.06,8.55,29.1,0.64,3.1,1.353,1.178,1.148
SHEL,Energy,Oil & Gas Integrated,3,False,✅,❌,✅,✅,❌,95.78,99.15,3.4,0.87,2696.2,1.353,1.178,1.149
VTVT,Healthcare,Biotechnology,3,False,❌,✅,✅,✅,❌,30.21,44.0,31.3,0.33,10.0,1.353,1.178,1.148
MKTW,Financial Services,Financial Data & Stock Exchanges,3,False,✅,✅,✅,❌,❌,20.34,22.3,8.8,1.05,1.7,1.352,1.178,1.147
FUSB,Financial Services,Banks - Regional,3,False,✅,✅,✅,❌,❌,16.44,16.99,3.2,1.32,0.9,1.351,1.178,1.147
CLH,Industrials,Waste Management,3,False,✅,❌,✅,✅,❌,313.04,335.94,6.8,0.94,679.1,1.35,1.178,1.146
FNLC,Financial Services,Banks - Regional,3,False,✅,✅,✅,❌,❌,34.35,36.3,5.4,1.45,5.3,1.35,1.178,1.146
MBWM,Financial Services,Banks - Regional,3,False,✅,❌,✅,✅,❌,60.03,62.95,4.6,0.68,35.1,1.35,1.178,1.146
NKTX,Healthcare,Biotechnology,3,False,✅,❌,✅,❌,✅,2.75,3.72,26.1,1.14,8.4,1.348,1.178,1.144
BRUN,Technology,Software - Infrastructure,3,False,❌,✅,✅,✅,❌,16.77,42.0,60.1,0.71,240.0,1.346,1.178,1.142
FBLA,Financial Services,Banks - Regional,3,False,✅,✅,✅,❌,❌,16.47,16.48,0.1,0.98,6.6,1.346,1.178,1.142
NTRS,Financial Services,Asset Management,3,False,✅,❌,✅,✅,❌,175.73,194.86,9.8,0.91,901.4,1.346,1.178,1.143
STBA,Financial Services,Banks - Regional,3,False,✅,❌,✅,✅,❌,49.82,53.11,6.2,1.05,62.4,1.346,1.178,1.142
SFST,Financial Services,Banks - Regional,3,False,✅,❌,✅,✅,❌,60.62,65.09,6.9,0.81,35.4,1.344,1.178,1.14
FRAF,Financial Services,Banks - Regional,3,False,✅,❌,✅,✅,❌,62.65,65.41,4.2,1.24,10.1,1.343,1.178,1.14
MAR,Consumer Cyclical,Lodging,3,False,❌,❌,✅,✅,✅,352.03,410.15,14.2,0.93,2756.5,1.343,1.178,1.14
CPAY,Technology,Software - Infrastructure,3,False,✅,❌,✅,✅,❌,398.11,427.46,6.9,0.87,1006.8,1.342,1.178,1.139
AGIX,その他,,3,False,✅,❌,✅,✅,❌,48.1,49.67,3.2,0.41,63.4,1.341,1.178,1.138
ZBIO,Healthcare,Biotechnology,3,False,✅,❌,✅,✅,❌,26.95,44.6,39.6,0.84,100.5,1.341,1.178,1.139
BMO,Financial Services,Banks - Diversified,3,False,✅,❌,✅,✅,❌,172.3,187.22,8.0,1.01,644.3,1.339,1.178,1.137
CIBR,その他,,3,False,✅,❌,✅,✅,❌,100.95,104.25,3.2,1.09,720.0,1.339,1.178,1.136
BUD,Consumer Defensive,Beverages - Brewers,3,False,✅,❌,✅,✅,❌,78.0,86.6,9.9,1.0,792.4,1.338,1.178,1.136
CZFS,Financial Services,Banks - Regional,3,False,✅,✅,✅,❌,❌,79.85,84.14,5.1,1.25,8.8,1.338,1.178,1.136
GMED,Healthcare,Medical Devices,3,False,❌,❌,✅,✅,✅,74.52,101.4,26.5,0.98,639.8,1.338,1.178,1.136
HRTG,Financial Services,Insurance - Property & Casualty,3,False,✅,❌,✅,✅,❌,33.27,36.5,8.8,0.59,50.6,1.338,1.178,1.136
CNK,Communication Services,Entertainment,3,False,✅,❌,✅,✅,❌,37.77,38.89,2.9,1.17,376.6,1.337,1.178,1.135
KOF,Consumer Defensive,Beverages - Non-Alcoholic,3,False,✅,❌,✅,✅,❌,110.23,117.09,5.9,0.7,68.5,1.337,1.178,1.135
LYG,Financial Services,Banks - Regional,3,False,✅,❌,✅,✅,❌,5.77,6.25,7.7,0.83,500.6,1.337,1.178,1.135
LUV,Industrials,Airlines,3,False,❌,❌,✅,✅,✅,42.68,54.38,21.5,1.16,1238.0,1.335,1.178,1.134
WSBF,Financial Services,Banks - Regional,3,False,✅,✅,✅,❌,❌,20.39,21.66,5.9,1.16,7.3,1.335,1.178,1.133
RBRK,Technology,Software - Infrastructure,3,False,✅,❌,✅,✅,❌,109.55,116.12,5.7,0.86,1449.5,1.334,1.178,1.132
WSBK,Financial Services,Banks - Regional,3,False,✅,✅,✅,❌,❌,12.74,13.39,4.8,0.87,0.4,1.333,1.178,1.132
RAMP,Technology,Software - Infrastructure,3,False,✅,❌,✅,✅,❌,37.5,38.23,1.9,0.88,269.3,1.332,1.178,1.131
VIK,Consumer Cyclical,Travel Services,3,False,❌,❌,✅,✅,✅,80.3,110.09,27.1,1.98,1477.3,1.332,1.178,1.13
HAL,Energy,Oil & Gas Equipment & Services,3,False,❌,❌,✅,✅,✅,32.76,43.2,24.2,0.81,1961.0,1.331,1.178,1.13
HOPE,Financial Services,Banks - Regional,3,False,✅,❌,✅,✅,❌,13.83,14.59,5.2,0.92,63.4,1.331,1.178,1.129
WWD,Industrials,Aerospace & Defense,3,False,❌,❌,✅,✅,✅,330.31,450.52,26.7,0.88,1293.0,1.331,1.178,1.13
NECB,Financial Services,Banks - Regional,3,False,✅,✅,✅,❌,❌,26.77,28.68,6.7,0.82,5.4,1.33,1.178,1.129
IKT,Healthcare,Biotechnology,3,False,✅,❌,✅,❌,✅,2.06,2.61,21.1,0.63,7.2,1.329,1.178,1.128
HAFC,Financial Services,Banks - Regional,3,False,✅,❌,✅,✅,❌,32.1,33.21,3.3,1.08,36.3,1.328,1.178,1.127
HTO,Utilities,Utilities - Regulated Water,3,False,✅,❌,✅,✅,❌,62.27,66.62,6.5,0.94,131.3,1.328,1.178,1.127
CVX,Energy,Oil & Gas Integrated,3,False,✅,❌,✅,✅,❌,204.45,217.78,6.1,0.98,8288.1,1.327,1.178,1.126
TRV,Financial Services,Insurance - Property & Casualty,3,False,✅,❌,✅,✅,❌,363.04,397.34,8.6,0.75,2966.8,1.327,1.178,1.126
C,Financial Services,Banks - Diversified,3,False,✅,❌,✅,✅,❌,134.28,147.21,8.8,0.89,7129.5,1.326,1.178,1.125
CAAP,Industrials,Airports & Air Services,3,False,❌,❌,✅,✅,✅,23.88,29.35,18.6,0.79,24.2,1.326,1.178,1.125
NGVT,Basic Materials,Specialty Chemicals,3,False,✅,❌,✅,✅,❌,73.0,79.29,7.9,0.95,89.5,1.325,1.178,1.124
USCB,Financial Services,Banks - Regional,3,False,✅,✅,✅,❌,❌,22.63,23.89,5.3,0.68,6.5,1.325,1.178,1.125
CNI,Industrials,Railroads,3,False,✅,❌,✅,✅,❌,120.93,130.84,7.6,0.92,865.7,1.324,1.178,1.124
PXF,その他,,3,False,✅,❌,✅,✅,❌,77.81,80.08,2.8,1.15,38.3,1.324,1.178,1.124
RGA,Financial Services,Insurance - Reinsurance,3,False,✅,❌,✅,✅,❌,248.65,257.81,3.6,0.99,387.6,1.324,1.178,1.124
AVEM,その他,,3,False,✅,❌,✅,✅,❌,95.23,100.16,4.9,1.3,815.3,1.321,1.178,1.121
QCRH,Financial Services,Banks - Regional,3,False,✅,❌,✅,✅,❌,100.92,107.95,6.5,0.82,55.3,1.321,1.178,1.121
ESGE,その他,,3,False,✅,❌,✅,✅,❌,55.13,57.11,3.5,1.0,222.4,1.32,1.178,1.12
PLX,Healthcare,Biotechnology,3,False,✅,❌,✅,❌,✅,2.72,3.19,14.7,0.76,8.0,1.32,1.178,1.121
GASS,Industrials,Marine Shipping,3,False,✅,❌,✅,❌,✅,8.89,10.55,15.7,0.76,5.8,1.319,1.178,1.12
EEM,その他,,3,False,✅,❌,✅,✅,❌,67.98,71.57,5.0,0.88,7797.3,1.315,1.178,1.116
FXZ,その他,,3,False,✅,❌,✅,✅,❌,79.93,88.25,9.4,1.15,17.7,1.315,1.178,1.117
GFF,Industrials,Building Products & Equipment,3,False,✅,❌,✅,✅,❌,98.39,108.33,9.2,0.86,157.0,1.315,1.178,1.116
RBC,Industrials,Tools & Accessories,3,False,❌,❌,✅,✅,✅,506.1,667.69,24.2,1.17,741.1,1.315,1.178,1.116
VOYA,Financial Services,Financial Conglomerates,3,False,✅,❌,✅,✅,❌,97.27,105.64,7.9,0.95,506.1,1.315,1.178,1.116
RBCAA,Financial Services,Banks - Regional,3,False,✅,❌,✅,✅,❌,94.55,101.68,7.0,0.95,46.7,1.312,1.178,1.114
MUSA,Consumer Cyclical,Specialty Retail,3,False,❌,❌,✅,✅,✅,511.54,635.32,19.5,0.88,793.5,1.311,1.178,1.113
AYTU,Healthcare,Drug Manufacturers - Specialty & Generic,3,False,❌,✅,✅,❌,✅,2.28,3.07,25.7,3.38,0.4,1.31,1.178,1.112
DLX,Industrials,Conglomerates,3,False,❌,❌,✅,✅,✅,24.33,31.28,22.2,0.9,51.1,1.31,1.178,1.112
HLIO,Industrials,Specialty Industrial Machinery,3,False,❌,❌,✅,✅,✅,68.64,94.91,27.7,1.19,137.7,1.31,1.178,1.112
ESE,Technology,Scientific & Technical Instruments,3,False,❌,❌,✅,✅,✅,268.09,362.06,26.0,1.07,359.3,1.309,1.178,1.111
PLAB,Technology,Semiconductor Equipment & Materials,3,False,❌,✅,✅,✅,❌,30.4,56.0,45.7,0.52,219.3,1.309,1.178,1.111
PPH,その他,,3,False,✅,❌,✅,✅,❌,111.35,118.0,5.6,1.44,135.1,1.308,1.178,1.11
AGRO,Consumer Defensive,Farm Products,3,False,✅,❌,✅,✅,❌,10.43,15.75,33.8,0.68,43.6,1.307,1.178,1.109
HSIC,Healthcare,Medical Distribution,3,False,✅,❌,✅,✅,❌,86.37,92.18,6.3,0.97,528.5,1.307,1.178,1.11
KZIA,Healthcare,Biotechnology,3,False,❌,✅,✅,✅,❌,9.57,17.4,45.0,1.62,14.3,1.306,1.178,1.108
BUSE,Financial Services,Banks - Regional,3,False,✅,❌,✅,✅,❌,30.09,31.7,5.1,1.05,111.3,1.305,1.178,1.107
EMBJ,Industrials,Aerospace & Defense,3,False,✅,❌,✅,✅,❌,78.63,80.29,2.1,1.13,417.8,1.305,1.178,1.108
DVN,Energy,Oil & Gas E&P,3,False,✅,❌,✅,✅,❌,47.05,52.0,9.5,1.06,2784.0,1.304,1.178,1.107
IOSP,Basic Materials,Specialty Chemicals,3,False,✅,❌,✅,✅,❌,98.72,98.77,0.1,1.29,79.7,1.304,1.178,1.107
RNR,Financial Services,Insurance - Reinsurance,3,False,✅,❌,✅,✅,❌,325.6,339.82,4.2,0.95,506.8,1.304,1.178,1.107
TDC,Technology,Software - Infrastructure,3,False,❌,✅,✅,✅,❌,28.94,41.78,30.7,0.44,397.9,1.304,1.178,1.107
BATRA,Communication Services,Entertainment,3,False,✅,❌,✅,✅,❌,59.03,59.2,0.3,0.9,16.5,1.303,1.178,1.106
FDBC,Financial Services,Banks - Regional,3,False,✅,✅,✅,❌,❌,55.74,56.9,2.0,0.75,3.0,1.303,1.178,1.106
BIOA,Healthcare,Drug Manufacturers - Specialty & Generic,3,False,❌,✅,✅,✅,❌,7.05,25.95,72.8,1.13,51.9,1.301,1.178,1.104
BP,Energy,Oil & Gas Integrated,3,False,✅,❌,✅,✅,❌,44.15,47.14,6.4,1.26,1828.6,1.301,1.178,1.104
UBSI,Financial Services,Banks - Regional,3,False,✅,❌,✅,✅,❌,46.86,49.22,4.8,1.24,214.9,1.301,1.178,1.104
FFBC,Financial Services,Banks - Regional,3,False,✅,❌,✅,✅,❌,32.4,35.96,9.9,1.25,149.4,1.3,1.178,1.103
IHG,Consumer Cyclical,Lodging,3,False,✅,❌,✅,✅,❌,158.16,175.18,9.7,0.64,177.4,1.3,1.178,1.104
SPUU,その他,,3,False,✅,❌,✅,✅,❌,227.29,232.13,2.1,0.88,19.5,1.3,1.178,1.104
CATY,Financial Services,Banks - Regional,3,False,✅,❌,✅,✅,❌,61.45,64.86,5.3,1.15,139.8,1.299,1.178,1.103
IEMG,その他,,3,False,✅,❌,✅,✅,❌,82.55,86.49,4.6,1.94,4796.7,1.299,1.178,1.102
BDX,Healthcare,Medical Instruments & Supplies,3,False,✅,❌,✅,✅,❌,183.82,191.94,4.2,0.63,1736.8,1.298,1.178,1.102
FNWB,Financial Services,Banks - Regional,3,False,✅,❌,✅,❌,✅,10.05,12.52,19.7,1.11,1.4,1.297,1.178,1.101
NWBI,Financial Services,Banks - Regional,3,False,✅,❌,✅,✅,❌,15.31,16.09,4.8,0.89,77.8,1.297,1.178,1.101
RGLD,Basic Materials,Gold,3,False,✅,❌,❌,✅,✅,252.49,304.97,17.2,0.88,765.8,1.295,1.178,1.099
WTS,Industrials,Specialty Industrial Machinery,3,False,✅,✅,❌,✅,❌,357.79,393.86,9.2,0.53,507.9,1.294,1.178,1.099
RUSHA,Consumer Cyclical,Auto & Truck Dealerships,3,False,✅,❌,❌,✅,✅,47.97,55.58,13.7,0.78,170.2,1.293,1.178,1.098
RDI,Communication Services,Entertainment,3,False,✅,✅,❌,❌,✅,1.99,2.41,17.4,0.57,0.5,1.292,1.178,1.097
SWK,Industrials,Tools & Accessories,3,False,✅,❌,❌,✅,✅,91.4,103.78,11.9,0.83,739.4,1.291,1.178,1.096
XPRO,Energy,Oil & Gas Equipment & Services,3,False,✅,❌,❌,✅,✅,16.33,19.23,15.1,0.6,78.9,1.29,1.178,1.095
CGNX,Technology,Scientific & Technical Instruments,3,False,✅,❌,❌,✅,✅,58.66,72.78,19.4,0.88,644.8,1.289,1.178,1.094
MDB,Technology,Software - Infrastructure,3,False,✅,❌,❌,✅,✅,410.44,473.1,13.2,0.77,3302.2,1.289,1.178,1.094
AVTR,Healthcare,Medical Instruments & Supplies,3,False,✅,✅,❌,✅,❌,15.25,16.05,5.0,0.99,541.2,1.288,1.178,1.093
GDXJ,その他,,3,False,✅,❌,❌,✅,✅,121.11,157.49,23.1,0.75,2859.6,1.288,1.178,1.093
HCSG,Healthcare,Medical Care Facilities,3,False,✅,❌,❌,✅,✅,21.05,25.75,18.3,1.2,75.8,1.287,1.178,1.092
PRAA,Financial Services,Credit Services,3,False,✅,✅,❌,✅,❌,20.65,22.55,8.4,0.99,47.3,1.287,1.178,1.093
AIT,Industrials,Industrial Distribution,3,False,✅,❌,❌,✅,✅,333.39,374.8,11.0,0.94,438.5,1.284,1.178,1.09
KDP,Consumer Defensive,Beverages - Non-Alcoholic,3,False,✅,✅,❌,✅,❌,31.95,33.82,5.5,0.79,1884.1,1.284,1.178,1.09
LXRX,Healthcare,Biotechnology,3,False,✅,✅,❌,✅,❌,1.79,2.68,33.0,1.16,34.9,1.282,1.178,1.088
THD,その他,,3,False,✅,✅,❌,✅,❌,73.53,75.17,2.2,0.96,25.6,1.282,1.178,1.088
AGM,Financial Services,Credit Services,3,False,✅,❌,❌,✅,✅,214.01,246.53,13.2,0.9,119.6,1.281,1.178,1.088
ROK,Industrials,Specialty Industrial Machinery,3,False,✅,❌,❌,✅,✅,434.15,495.83,12.4,0.75,1685.6,1.281,1.178,1.087
SM,Energy,Oil & Gas E&P,3,False,✅,❌,❌,✅,✅,33.91,41.56,18.4,1.04,609.7,1.281,1.178,1.087
CMPR,Industrials,Specialty Business Services,3,False,❌,✅,❌,✅,✅,79.79,106.58,25.1,0.81,92.9,1.278,1.178,1.085
FLYW,Technology,Software - Infrastructure,3,False,✅,❌,❌,✅,✅,17.4,19.73,11.8,0.73,164.7,1.278,1.178,1.084
R,Industrials,Rental & Leasing Services,3,False,✅,❌,❌,✅,✅,235.57,283.1,16.8,0.63,418.4,1.277,1.178,1.084
KMX,Consumer Cyclical,Auto & Truck Dealerships,3,False,✅,❌,❌,✅,✅,57.21,65.28,12.4,1.24,715.4,1.275,1.178,1.083
RAPP,Healthcare,Biotechnology,3,False,✅,✅,❌,✅,❌,33.91,52.93,35.9,2.17,71.7,1.275,1.178,1.083
ABNB,Consumer Cyclical,Travel Services,3,False,✅,❌,❌,✅,✅,157.47,193.45,18.6,1.7,3360.7,1.273,1.178,1.081
TAYD,Industrials,Specialty Industrial Machinery,3,False,✅,✅,❌,✅,❌,63.23,90.37,30.0,1.43,11.1,1.273,1.178,1.081
GABC,Financial Services,Banks - Regional,3,False,✅,✅,❌,✅,❌,49.5,51.91,4.6,0.85,35.3,1.272,1.178,1.08
EBMT,Financial Services,Banks - Regional,3,False,✅,✅,❌,❌,✅,21.53,24.51,12.1,0.5,6.2,1.271,1.178,1.079
B,Basic Materials,Gold,3,False,✅,❌,❌,✅,✅,42.88,53.8,20.3,0.81,2134.4,1.27,1.178,1.078
CF,Basic Materials,Agricultural Inputs,3,False,✅,❌,❌,✅,✅,114.67,141.66,19.1,1.05,1511.4,1.27,1.178,1.078
NIC,Financial Services,Banks - Regional,3,False,✅,✅,❌,✅,❌,168.4,179.62,6.2,0.65,179.1,1.267,1.178,1.075
VLY,Financial Services,Banks - Regional,3,False,✅,❌,❌,✅,✅,13.08,15.08,13.3,1.08,439.3,1.267,1.178,1.076
SGC,Consumer Cyclical,Apparel Manufacturing,3,False,✅,✅,❌,❌,✅,12.88,14.43,10.8,0.83,3.0,1.266,1.178,1.074
CFG,Financial Services,Banks - Regional,3,False,✅,❌,❌,✅,✅,65.53,75.33,13.0,1.06,1348.3,1.265,1.178,1.073
OKE,Energy,Oil & Gas Midstream,3,False,✅,❌,❌,✅,✅,88.63,99.85,11.2,0.85,1617.2,1.265,1.178,1.073
UDOW,その他,,3,False,✅,❌,❌,✅,✅,66.36,79.09,16.1,1.08,620.7,1.265,1.178,1.074
IHS,Real Estate,Real Estate Services,3,False,✅,✅,❌,✅,❌,8.43,8.95,5.8,0.39,48.4,1.264,1.178,1.073
MCBS,Financial Services,Banks - Regional,3,False,✅,✅,❌,✅,❌,34.98,37.16,5.9,1.07,14.0,1.263,1.178,1.072
SMHI,Industrials,Marine Shipping,3,False,✅,✅,❌,❌,✅,8.73,10.0,12.7,0.9,4.7,1.263,1.178,1.072
ULCC,Industrials,Airlines,3,False,✅,❌,❌,✅,✅,6.19,8.4,26.4,0.69,112.2,1.263,1.178,1.072
DEM,その他,,3,False,✅,✅,❌,✅,❌,55.96,57.41,2.5,0.71,58.5,1.262,1.178,1.071
LCNB,Financial Services,Banks - Regional,3,False,✅,✅,❌,❌,✅,18.83,21.08,10.7,0.95,3.2,1.262,1.178,1.071
QLYS,Technology,Software - Infrastructure,3,False,✅,❌,❌,✅,✅,172.43,201.54,14.4,0.72,531.4,1.262,1.178,1.071
SLNG,Energy,Oil & Gas Integrated,3,False,✅,✅,❌,❌,✅,5.25,7.07,25.7,0.27,1.0,1.262,1.178,1.071
PAG,Consumer Cyclical,Auto & Truck Dealerships,3,False,✅,✅,❌,✅,❌,209.62,225.51,7.0,0.9,344.0,1.261,1.178,1.07
MUR,Energy,Oil & Gas E&P,3,False,✅,❌,❌,✅,✅,36.33,42.53,14.6,0.86,303.3,1.259,1.178,1.069
SWVL,Industrials,Railroads,3,False,✅,✅,❌,✅,❌,4.09,8.48,51.7,0.22,15.6,1.258,1.178,1.068
WABC,Financial Services,Banks - Regional,3,False,✅,✅,❌,✅,❌,60.67,63.1,3.9,1.4,55.2,1.256,1.178,1.066
MS,Financial Services,Capital Markets,3,False,✅,❌,❌,✅,✅,196.31,230.98,15.0,0.99,5501.6,1.254,1.178,1.064
NVDU,その他,,3,False,✅,❌,❌,✅,✅,141.71,171.15,17.2,0.5,260.1,1.254,1.178,1.065
GDX,その他,,3,False,✅,❌,❌,✅,✅,92.87,117.18,20.7,0.95,9434.7,1.253,1.178,1.063
EWZ,その他,,3,False,✅,❌,❌,✅,✅,36.82,41.62,11.5,1.15,4035.7,1.252,1.178,1.063
NVDL,その他,,3,False,✅,❌,❌,✅,✅,35.72,43.27,17.5,0.51,2793.1,1.252,1.178,1.063
FMX,Consumer Defensive,Beverages - Brewers,3,False,✅,❌,❌,✅,✅,119.62,141.47,15.4,0.84,285.5,1.251,1.178,1.062
UBS,Financial Services,Banks - Diversified,3,False,✅,❌,❌,✅,✅,49.67,55.99,11.3,1.77,480.7,1.25,1.178,1.061
GLNG,Energy,Oil & Gas Midstream,3,False,✅,❌,❌,✅,✅,49.61,57.22,13.3,1.33,330.3,1.248,1.178,1.06
NTR,Basic Materials,Agricultural Inputs,3,False,✅,❌,❌,✅,✅,72.23,83.98,14.0,1.23,904.1,1.248,1.178,1.059
USB,Financial Services,Banks - Regional,3,False,✅,❌,❌,✅,✅,59.33,66.08,10.2,0.97,2341.7,1.248,1.178,1.059
WSBC,Financial Services,Banks - Regional,3,False,✅,✅,❌,✅,❌,38.66,42.62,9.3,0.81,213.1,1.248,1.178,1.059
AIZ,Financial Services,Insurance - Property & Casualty,3,False,✅,❌,❌,✅,✅,265.0,303.0,12.5,1.37,513.5,1.247,1.178,1.058
DG,Consumer Defensive,Discount Stores,3,False,✅,❌,❌,✅,✅,124.84,156.68,20.3,0.72,1677.4,1.247,1.178,1.059
ROBO,その他,,3,False,✅,❌,❌,✅,✅,81.06,90.51,10.4,0.6,86.4,1.247,1.178,1.059
HURC,Industrials,Specialty Industrial Machinery,3,False,✅,✅,❌,❌,✅,21.65,24.49,11.6,0.52,3.3,1.245,1.178,1.057
ITGR,Healthcare,Medical Devices,3,False,✅,✅,❌,✅,❌,126.34,126.8,0.4,0.81,442.2,1.245,1.178,1.057
TILE,Consumer Cyclical,"Furnishings, Fixtures & Appliances",3,False,✅,❌,❌,✅,✅,35.2,40.47,13.0,0.69,86.3,1.245,1.178,1.056
CHCI,Real Estate,Real Estate Services,3,False,✅,✅,❌,❌,✅,19.33,22.07,12.4,1.31,2.9,1.244,1.178,1.056
KWR,Basic Materials,Specialty Chemicals,3,False,✅,❌,❌,✅,✅,163.45,181.7,10.0,0.84,115.5,1.244,1.178,1.056
GRMN,Technology,Scientific & Technical Instruments,3,False,✅,✅,❌,✅,❌,294.14,313.07,6.0,0.86,1125.0,1.243,1.178,1.055
NVAX,Healthcare,Biotechnology,3,False,✅,❌,❌,✅,✅,10.63,11.97,11.2,1.22,211.3,1.243,1.178,1.055
NVDG,その他,,3,False,✅,❌,❌,✅,✅,20.36,24.71,17.6,0.48,25.2,1.241,1.178,1.054
SXC,Basic Materials,Coking Coal,3,False,✅,❌,❌,✅,✅,9.57,10.68,10.4,0.64,62.2,1.241,1.178,1.053
KINS,Financial Services,Insurance - Property & Casualty,3,False,✅,❌,❌,✅,✅,18.25,20.83,12.4,0.75,10.5,1.24,1.178,1.052
PETZ,Consumer Cyclical,Restaurants,3,False,✅,✅,❌,❌,✅,1.35,1.83,26.0,0.03,3.3,1.239,1.178,1.051
SABR,Technology,Software - Infrastructure,3,False,✅,❌,❌,✅,✅,2.18,2.5,12.8,0.81,47.8,1.239,1.178,1.051
BOW,Financial Services,Insurance - Property & Casualty,3,False,✅,✅,❌,✅,❌,33.76,35.07,3.7,0.75,42.8,1.238,1.178,1.05
PFBC,Financial Services,Banks - Regional,3,False,✅,✅,❌,✅,❌,109.48,111.42,1.7,1.7,59.4,1.238,1.178,1.051
GNRC,Industrials,Specialty Industrial Machinery,3,False,❌,✅,❌,✅,✅,208.14,296.44,29.8,1.19,1188.4,1.237,1.178,1.05
WLYB,Communication Services,Publishing,3,False,✅,✅,❌,❌,✅,47.77,55.51,13.9,5.66,0.4,1.237,1.178,1.05
MRBK,Financial Services,Banks - Regional,3,False,✅,✅,❌,✅,❌,19.27,21.36,9.8,0.58,10.1,1.236,1.178,1.05
SOBO,Energy,Oil & Gas Midstream,3,False,✅,❌,❌,✅,✅,33.99,39.02,12.9,0.78,126.1,1.236,1.178,1.049
WLY,Communication Services,Publishing,3,False,✅,❌,❌,✅,✅,47.55,57.45,17.2,0.79,118.8,1.236,1.178,1.05
ABBV,Healthcare,Drug Manufacturers - General,3,False,✅,✅,❌,✅,❌,264.34,269.39,1.9,0.55,6922.1,1.235,1.178,1.049
HBNC,Financial Services,Banks - Regional,3,False,✅,✅,❌,✅,❌,19.28,21.04,8.4,0.95,54.6,1.235,1.178,1.048
IOO,その他,,3,False,✅,✅,❌,✅,❌,145.55,146.68,0.8,0.31,174.6,1.235,1.178,1.048
BCS,Financial Services,Banks - Diversified,3,False,✅,❌,❌,✅,✅,24.81,28.69,13.5,0.96,577.0,1.232,1.178,1.046
HPQ,Technology,Computer Hardware,3,False,✅,❌,❌,✅,✅,31.3,36.23,13.6,0.84,2295.2,1.232,1.178,1.045
VTWV,その他,,3,False,✅,✅,❌,✅,❌,188.19,199.9,5.9,2.71,30.5,1.231,1.178,1.045
AIRT,Industrials,Conglomerates,3,False,✅,✅,❌,❌,✅,29.03,35.0,17.1,4.41,2.4,1.23,1.178,1.044
FGI,Consumer Cyclical,"Furnishings, Fixtures & Appliances",3,False,✅,✅,❌,✅,❌,7.66,19.93,61.6,0.06,54.8,1.23,1.178,1.044
BFRI,Healthcare,Drug Manufacturers - Specialty & Generic,3,False,✅,✅,❌,❌,✅,1.18,1.66,28.9,0.99,2.8,1.229,1.178,1.043
DTIL,Healthcare,Biotechnology,3,False,✅,✅,❌,✅,❌,6.22,9.62,35.3,0.92,13.4,1.229,1.178,1.043
YETI,Consumer Cyclical,Leisure,3,False,❌,✅,❌,✅,✅,42.28,53.99,21.7,1.25,349.4,1.229,1.178,1.043
CSW,Industrials,Specialty Industrial Machinery,3,False,✅,❌,❌,✅,✅,296.8,355.48,16.5,0.81,205.3,1.228,1.178,1.042
OSUR,Healthcare,Medical Instruments & Supplies,3,False,✅,❌,❌,✅,✅,3.93,4.58,14.2,1.01,11.0,1.228,1.178,1.042
AAL,Industrials,Airlines,3,False,❌,✅,❌,✅,✅,13.87,18.79,26.2,0.83,6815.1,1.226,1.178,1.041
FXH,その他,,3,False,✅,✅,❌,✅,❌,131.46,135.82,3.2,0.87,30.7,1.226,1.178,1.041
TUSK,Industrials,Conglomerates,3,False,✅,✅,❌,❌,✅,2.98,3.92,24.0,0.36,4.3,1.226,1.178,1.041
ASTH,Healthcare,Medical Care Facilities,3,False,✅,❌,❌,✅,✅,36.37,51.6,29.5,0.83,104.5,1.225,1.178,1.04
CWI,その他,,3,False,✅,✅,❌,✅,❌,41.03,41.97,2.2,2.48,45.2,1.225,1.178,1.04
FTQI,その他,,3,False,✅,✅,❌,✅,❌,22.23,22.55,1.4,1.33,31.7,1.222,1.178,1.037
IXJ,その他,,3,False,✅,✅,❌,✅,❌,103.88,107.69,3.5,0.36,108.9,1.222,1.178,1.037
OXY,Energy,Oil & Gas E&P,3,False,✅,❌,❌,✅,✅,56.86,66.83,14.9,1.02,2516.6,1.222,1.178,1.037
WS,Basic Materials,Steel,3,False,❌,✅,❌,✅,✅,36.26,48.51,25.2,0.96,49.5,1.222,1.178,1.038
DHR,Healthcare,Diagnostics & Research,3,False,✅,✅,❌,✅,❌,224.49,241.78,7.2,1.07,4331.5,1.221,1.178,1.037
IART,Healthcare,Medical Devices,3,False,✅,❌,❌,✅,✅,16.12,20.49,21.3,0.85,74.3,1.221,1.178,1.037
MXI,その他,,3,False,✅,✅,❌,✅,❌,109.33,118.51,7.7,0.45,17.2,1.22,1.178,1.036
FAN,その他,,3,False,❌,✅,❌,✅,✅,22.97,27.2,15.6,0.3,10.6,1.219,1.178,1.035
PTRN,Consumer Cyclical,Internet Retail,3,False,✅,✅,❌,✅,❌,17.02,29.8,42.9,1.02,201.3,1.219,1.178,1.035
QCOM,Technology,Semiconductors,3,False,✅,❌,❌,✅,✅,201.97,257.56,21.6,0.81,15920.5,1.219,1.178,1.034
USFD,Consumer Defensive,Food Distribution,3,False,✅,❌,❌,✅,✅,93.33,111.42,16.2,1.02,1206.6,1.218,1.178,1.034
BSET,Consumer Cyclical,"Furnishings, Fixtures & Appliances",3,False,✅,✅,❌,❌,✅,18.28,22.03,17.0,0.36,4.3,1.217,1.178,1.033
CNH,Industrials,Farm & Heavy Construction Machinery,3,False,✅,✅,❌,✅,❌,13.09,14.46,9.5,1.05,880.7,1.215,1.178,1.031
CVS,Healthcare,Healthcare Plans,3,False,✅,❌,❌,✅,✅,89.13,110.68,19.5,1.28,3751.3,1.214,1.178,1.03
CACC,Financial Services,Credit Services,3,False,✅,❌,❌,✅,✅,555.68,668.86,16.9,1.03,413.4,1.212,1.178,1.029
EFSI,Financial Services,Banks - Regional,3,False,✅,✅,❌,✅,❌,45.72,48.17,5.1,0.63,10.9,1.211,1.178,1.028
MCY,Financial Services,Insurance - Property & Casualty,3,False,✅,❌,❌,✅,✅,99.41,112.7,11.8,0.87,143.7,1.211,1.178,1.028
AII,Financial Services,Insurance - Property & Casualty,3,False,✅,✅,❌,✅,❌,25.19,27.0,6.7,1.33,16.8,1.21,1.178,1.027
PNRG,Energy,Oil & Gas E&P,3,False,✅,❌,❌,✅,✅,208.67,278.9,25.2,1.84,74.2,1.21,1.178,1.027
BWB,Financial Services,Banks - Regional,3,False,✅,✅,❌,✅,❌,20.77,22.62,8.2,0.62,16.1,1.209,1.178,1.026
UTZ,Consumer Defensive,Packaged Foods,3,False,✅,✅,❌,✅,❌,14.24,14.27,0.2,0.34,169.5,1.208,1.178,1.026
DSGR,Industrials,Industrial Distribution,3,False,✅,✅,❌,✅,❌,34.96,35.06,0.3,1.16,28.3,1.207,1.178,1.024
KNTK,Energy,Oil & Gas Midstream,3,False,✅,❌,❌,✅,✅,51.21,56.92,10.0,1.14,257.8,1.207,1.178,1.025
MLI,Industrials,Metal Fabrication,3,False,❌,✅,❌,✅,✅,60.52,70.92,14.7,1.13,449.5,1.207,1.178,1.024
CLOU,その他,,3,False,✅,✅,❌,✅,❌,28.39,29.36,3.3,0.79,42.9,1.206,1.178,1.024
HWM,Industrials,Aerospace & Defense,3,False,❌,✅,❌,✅,✅,232.48,310.0,25.0,0.87,3628.6,1.206,1.178,1.024
HEZU,その他,,3,False,✅,✅,❌,✅,❌,49.08,51.68,5.0,3.05,11.3,1.205,1.178,1.023
UNM,Financial Services,Insurance - Life,3,False,✅,✅,❌,✅,❌,92.09,96.77,4.8,1.19,661.2,1.205,1.178,1.023
HLT,Consumer Cyclical,Lodging,3,False,❌,✅,❌,✅,✅,313.96,357.84,12.3,0.92,3057.7,1.202,1.178,1.02
AEM,Basic Materials,Gold,3,False,✅,❌,❌,✅,✅,194.48,254.05,23.4,0.58,2292.8,1.201,1.178,1.019
CBAN,Financial Services,Banks - Regional,3,False,✅,✅,❌,✅,❌,20.68,22.46,7.9,0.68,23.8,1.201,1.178,1.019
EBC,Financial Services,Banks - Regional,3,False,✅,✅,❌,✅,❌,21.42,23.61,9.3,0.77,293.8,1.201,1.178,1.02
DLTR,Consumer Defensive,Discount Stores,3,False,✅,❌,❌,✅,✅,114.07,142.4,19.9,0.77,1811.0,1.2,1.178,1.019
CCSI,Technology,Software - Infrastructure,3,False,✅,❌,❌,✅,✅,35.22,41.4,14.9,0.58,27.6,1.198,1.178,1.017
GENC,Industrials,Farm & Heavy Construction Machinery,3,False,✅,✅,❌,❌,✅,17.46,20.19,13.5,1.19,3.9,1.197,1.178,1.016
COLB,Financial Services,Banks - Regional,3,False,✅,❌,❌,✅,✅,29.64,33.27,10.9,0.86,431.1,1.196,1.178,1.015
EFIV,その他,,3,False,✅,✅,❌,✅,❌,74.63,76.07,1.9,0.92,15.0,1.196,1.178,1.015
EQBK,Financial Services,Banks - Regional,3,False,✅,✅,❌,✅,❌,48.36,52.27,7.5,0.87,27.5,1.196,1.178,1.016
CPA,Industrials,Airlines,3,False,✅,❌,❌,✅,✅,133.72,158.35,15.6,1.33,218.9,1.195,1.178,1.015
FLR,Industrials,Engineering & Construction,3,False,✅,❌,❌,✅,✅,50.38,58.35,13.7,0.83,636.4,1.195,1.178,1.014
JAVA,その他,,3,False,✅,✅,❌,✅,❌,80.93,83.82,3.4,1.1,159.5,1.195,1.178,1.015
HDV,その他,,3,False,✅,✅,❌,✅,❌,28.28,30.07,6.0,0.86,553.5,1.194,1.178,1.013
HFWA,Financial Services,Banks - Regional,3,False,✅,✅,❌,✅,❌,28.57,30.99,7.8,1.13,49.8,1.193,1.178,1.013
AZTA,Healthcare,Medical Instruments & Supplies,3,False,✅,❌,❌,✅,✅,34.02,41.73,18.5,1.04,111.4,1.191,1.178,1.011
BOKF,Financial Services,Banks - Regional,3,False,✅,❌,❌,✅,✅,131.77,146.84,10.3,0.93,169.6,1.191,1.178,1.011
SIRI,Communication Services,Entertainment,3,False,✅,❌,❌,✅,✅,25.85,32.37,20.1,1.16,628.6,1.191,1.178,1.011
CLDX,Healthcare,Biotechnology,3,False,✅,✅,❌,✅,❌,31.1,45.14,31.1,4.03,191.9,1.19,1.178,1.01
OVBC,Financial Services,Banks - Regional,3,False,✅,✅,❌,❌,✅,44.15,54.63,19.2,0.76,8.5,1.19,1.178,1.01
TRNS,Industrials,Specialty Business Services,3,False,✅,❌,❌,✅,✅,87.73,100.0,12.3,0.85,62.2,1.19,1.178,1.01
CENT,Consumer Defensive,Packaged Foods,3,False,✅,❌,❌,✅,✅,39.51,46.97,15.9,0.79,18.8,1.189,1.178,1.009
ESQ,Financial Services,Banks - Regional,3,False,✅,✅,❌,✅,❌,122.28,134.65,9.2,1.12,85.2,1.189,1.178,1.009
GS,Financial Services,Capital Markets,3,False,✅,❌,❌,✅,✅,935.45,1148.37,18.5,1.01,10363.2,1.189,1.178,1.009
KURA,Healthcare,Biotechnology,3,False,✅,❌,❌,✅,✅,10.76,13.9,22.6,1.01,99.3,1.189,1.178,1.009
UNP,Industrials,Railroads,3,False,✅,❌,❌,✅,✅,273.79,314.53,13.0,1.13,3788.6,1.189,1.178,1.009
NVDX,その他,,3,False,✅,❌,❌,✅,✅,20.11,24.72,18.6,0.56,685.6,1.188,1.178,1.009
CP,Industrials,Railroads,3,False,✅,❌,❌,✅,✅,86.91,96.9,10.3,1.18,1117.8,1.187,1.178,1.008
MCB,Financial Services,Banks - Regional,3,False,✅,❌,❌,✅,✅,89.6,101.66,11.9,0.99,59.5,1.187,1.178,1.008
FITB,Financial Services,Banks - Regional,3,False,✅,❌,❌,✅,✅,52.1,59.5,12.4,1.14,1651.0,1.186,1.178,1.006
PGNY,Healthcare,Healthcare Plans,3,False,✅,❌,❌,✅,✅,25.44,33.06,23.1,0.86,169.1,1.185,1.178,1.006
SLDB,Healthcare,Biotechnology,3,False,✅,✅,❌,✅,❌,7.29,11.45,36.3,0.9,60.5,1.185,1.178,1.006
ORIC,Healthcare,Biotechnology,3,False,✅,❌,❌,✅,✅,13.16,14.93,11.9,1.08,83.1,1.183,1.178,1.005
IDEV,その他,,3,False,✅,✅,❌,✅,❌,90.85,93.86,3.2,1.11,665.5,1.182,1.178,1.003
SOTK,Technology,Scientific & Technical Instruments,3,False,✅,✅,❌,❌,✅,5.01,6.24,19.7,0.9,1.1,1.182,1.178,1.003
AROC,Energy,Oil & Gas Equipment & Services,3,False,❌,✅,❌,✅,✅,30.43,41.95,27.5,0.64,322.6,1.18,1.178,1.002
SKY,Consumer Cyclical,Residential Construction,3,False,✅,❌,❌,✅,✅,87.72,99.17,11.5,0.69,289.2,1.18,1.178,1.002
AES,Utilities,Utilities - Diversified,3,False,✅,❌,❌,✅,✅,14.87,17.23,13.7,1.03,577.9,1.179,1.178,1.001
SPYM,その他,,3,False,✅,✅,❌,✅,❌,90.8,91.49,0.8,0.82,5251.1,1.179,1.178,1.001
RDVI,その他,,3,False,✅,✅,❌,✅,❌,28.18,30.08,6.3,1.86,111.1,1.178,1.178,1.0
ESEA,Industrials,Marine Shipping,3,False,✅,❌,❌,✅,✅,69.7,78.82,11.6,0.72,18.1,1.177,1.178,0.999
RHI,Industrials,Staffing & Employment Services,3,False,✅,❌,❌,✅,✅,36.89,46.7,21.0,0.78,375.6,1.177,1.178,0.999
RTX,Industrials,Aerospace & Defense,3,False,✅,❌,❌,✅,✅,189.4,226.88,16.5,0.8,4623.8,1.177,1.178,0.999
ITT,Industrials,Specialty Industrial Machinery,3,False,✅,❌,❌,✅,✅,206.26,229.88,10.3,1.11,834.3,1.176,1.178,0.998
KOID,その他,,3,False,❌,✅,❌,✅,✅,36.51,43.32,15.7,0.89,33.2,1.174,1.178,0.997
GIC,Industrials,Industrial Distribution,3,False,✅,✅,❌,✅,❌,41.5,42.4,2.1,1.52,22.4,1.173,1.178,0.996
AXTA,Basic Materials,Specialty Chemicals,3,False,✅,❌,❌,✅,✅,32.89,38.61,14.8,1.29,333.9,1.171,1.178,0.994
FPXI,その他,,3,False,❌,✅,❌,✅,✅,68.28,86.34,20.9,0.47,15.5,1.171,1.178,0.994
VONE,その他,,3,False,✅,✅,❌,✅,❌,348.41,352.34,1.1,2.49,148.0,1.171,1.178,0.994
CMCO,Industrials,Farm & Heavy Construction Machinery,3,False,✅,✅,❌,✅,❌,16.83,24.21,30.5,0.68,45.3,1.17,1.178,0.993
CBRL,Consumer Cyclical,Restaurants,3,False,✅,❌,❌,✅,✅,51.81,60.26,14.0,1.66,264.4,1.169,1.178,0.992
CCEP,Consumer Defensive,Beverages - Non-Alcoholic,3,False,✅,❌,❌,✅,✅,101.73,113.67,10.5,0.91,932.0,1.167,1.178,0.99
DPST,その他,,3,False,✅,❌,❌,✅,✅,119.74,158.35,24.4,0.62,184.9,1.167,1.178,0.99
BMRC,Financial Services,Banks - Regional,3,False,✅,✅,❌,✅,❌,27.91,30.65,9.0,0.98,19.6,1.166,1.178,0.99
BALL,Consumer Cyclical,Packaging & Containers,3,False,✅,❌,❌,✅,✅,56.83,67.62,16.0,0.92,671.2,1.165,1.178,0.989
EEMS,その他,,3,False,✅,✅,❌,✅,❌,75.89,78.94,3.9,0.19,24.8,1.165,1.178,0.989
GL,Financial Services,Insurance - Life,3,False,✅,❌,❌,✅,✅,167.04,191.55,12.8,0.9,483.3,1.165,1.178,0.989
TDVI,その他,,3,False,✅,❌,❌,✅,✅,31.0,34.86,11.1,1.31,19.7,1.165,1.178,0.989
CTVA,Basic Materials,Agricultural Inputs,3,False,✅,❌,❌,✅,✅,78.52,90.87,13.6,0.97,1693.0,1.164,1.178,0.988
UAL,Industrials,Airlines,3,False,✅,❌,❌,✅,✅,113.99,138.77,17.9,0.96,2535.2,1.164,1.178,0.988
BKR,Energy,Oil & Gas Equipment & Services,3,False,✅,❌,❌,✅,✅,57.83,69.92,17.3,0.99,2378.5,1.163,1.178,0.987
BKU,Financial Services,Banks - Regional,3,False,❌,✅,❌,✅,✅,43.64,51.39,15.1,0.91,193.7,1.163,1.178,0.988
FCCO,Financial Services,Banks - Regional,3,False,✅,✅,❌,✅,❌,32.95,35.56,7.4,1.94,12.3,1.163,1.178,0.988
VIOG,その他,,3,False,✅,✅,❌,✅,❌,140.1,154.43,9.3,0.75,22.4,1.163,1.178,0.987
AIN,Consumer Cyclical,Textile Manufacturing,3,False,❌,✅,❌,✅,✅,60.98,76.61,20.4,0.78,84.6,1.162,1.178,0.986
APPN,Technology,Software - Infrastructure,3,False,✅,❌,❌,✅,✅,36.01,46.06,21.8,0.78,125.2,1.162,1.178,0.987
COSO,Financial Services,Banks - Regional,3,False,✅,✅,❌,✅,❌,26.61,28.56,6.8,1.08,14.4,1.162,1.178,0.986
LECO,Industrials,Tools & Accessories,3,False,✅,❌,❌,✅,✅,271.7,308.07,11.8,1.03,512.6,1.162,1.178,0.987
IVOG,その他,,3,False,✅,✅,❌,✅,❌,138.03,148.72,7.2,6.04,21.2,1.161,1.178,0.985
SWKS,Technology,Semiconductors,3,False,✅,✅,❌,✅,❌,89.34,92.8,3.7,0.78,2092.3,1.16,1.178,0.985
WOR,Industrials,Metal Fabrication,3,False,✅,✅,❌,✅,❌,62.24,67.54,7.8,2.61,82.0,1.16,1.178,0.985
CNS,Financial Services,Asset Management,3,False,✅,❌,❌,✅,✅,74.2,86.56,14.3,1.14,102.9,1.159,1.178,0.984
MOO,その他,,3,False,✅,✅,❌,✅,❌,83.27,89.3,6.8,1.12,112.1,1.159,1.178,0.984
HTH,Financial Services,Financial Conglomerates,3,False,✅,✅,❌,✅,❌,38.56,40.37,4.5,1.08,53.2,1.158,1.178,0.983
NGS,Energy,Oil & Gas Equipment & Services,3,False,❌,✅,❌,✅,✅,32.8,44.43,26.2,0.87,23.9,1.156,1.178,0.981
ACNT,Basic Materials,Chemicals,3,False,✅,✅,❌,❌,✅,14.7,17.92,18.0,0.51,4.2,1.155,1.178,0.98
SJM,Consumer Defensive,Packaged Foods,3,False,✅,❌,❌,✅,✅,121.0,135.89,11.0,0.76,858.5,1.154,1.178,0.979
UMBF,Financial Services,Banks - Regional,3,False,✅,❌,❌,✅,✅,135.82,152.78,11.1,1.19,430.7,1.154,1.178,0.979
BHRB,Financial Services,Banks - Regional,3,False,✅,✅,❌,✅,❌,69.84,74.73,6.5,0.88,51.1,1.153,1.178,0.979
PBA,Energy,Oil & Gas Midstream,3,False,✅,❌,❌,✅,✅,44.66,51.01,12.4,0.95,255.2,1.152,1.178,0.978
PNC,Financial Services,Banks - Regional,3,False,✅,❌,❌,✅,✅,225.64,258.96,12.9,1.02,2157.3,1.146,1.178,0.973
ACHC,Healthcare,Medical Care Facilities,3,False,✅,❌,❌,✅,✅,28.09,35.83,21.6,0.79,337.1,1.145,1.178,0.972
IXG,その他,,3,False,✅,✅,❌,✅,❌,130.21,137.0,5.0,0.65,32.0,1.145,1.178,0.972
MCK,Healthcare,Medical Distribution,3,False,✅,❌,❌,✅,✅,866.64,996.84,13.1,0.7,4195.7,1.144,1.178,0.971
QSR,Consumer Cyclical,Restaurants,3,False,✅,❌,❌,✅,✅,71.64,81.15,11.7,0.91,1095.6,1.144,1.178,0.971
UGI,Utilities,Utilities - Regulated Gas,3,False,✅,✅,❌,✅,❌,36.51,40.08,8.9,0.91,326.7,1.144,1.178,0.971
ZION,Financial Services,Banks - Regional,3,False,✅,❌,❌,✅,✅,63.83,72.85,12.4,1.04,504.6,1.143,1.178,0.97
CR,Industrials,Specialty Industrial Machinery,3,False,✅,❌,❌,✅,✅,206.83,230.22,10.2,0.9,456.8,1.142,1.178,0.969
EXI,その他,,3,False,✅,✅,❌,✅,❌,193.47,207.79,6.9,1.17,50.0,1.142,1.178,0.969
FHI,Financial Services,Asset Management,3,False,✅,❌,❌,✅,✅,57.82,67.2,14.0,0.85,180.8,1.142,1.178,0.97
AZN,Healthcare,Drug Manufacturers - General,3,False,❌,✅,❌,✅,✅,166.58,212.71,21.7,0.92,2344.0,1.141,1.178,0.969
GCO,Consumer Cyclical,Apparel Retail,3,False,✅,❌,❌,✅,✅,34.54,43.6,20.8,0.7,35.7,1.141,1.178,0.969
HIFS,Financial Services,Banks - Regional,3,False,✅,❌,❌,✅,✅,299.18,336.51,11.1,1.2,52.8,1.141,1.178,0.969
PRTS,Consumer Cyclical,Auto Parts,3,False,✅,✅,❌,❌,✅,8.56,10.98,22.0,0.84,1.7,1.141,1.178,0.969
MCRI,Consumer Cyclical,Resorts & Casinos,3,False,✅,❌,❌,✅,✅,117.74,135.59,13.2,1.01,97.6,1.139,1.178,0.967
ELAN,Healthcare,Drug Manufacturers - Specialty & Generic,3,False,❌,✅,❌,✅,✅,22.31,27.98,20.3,1.0,696.5,1.138,1.178,0.966
ISPY,その他,,3,False,✅,✅,❌,✅,❌,48.35,49.01,1.4,0.73,22.9,1.138,1.178,0.966
OSPN,Technology,Software - Infrastructure,3,False,✅,✅,❌,✅,❌,17.81,18.34,2.9,1.2,34.7,1.138,1.178,0.966
LNG,Energy,Oil & Gas Midstream,3,False,✅,❌,❌,✅,✅,268.54,299.54,10.4,1.12,2501.7,1.137,1.178,0.965
MTB,Financial Services,Banks - Regional,3,False,✅,❌,❌,✅,✅,221.19,254.31,13.0,0.79,1203.0,1.137,1.178,0.965
KRNT,Industrials,Specialty Industrial Machinery,3,False,✅,❌,❌,✅,✅,15.56,19.78,21.3,1.65,21.7,1.136,1.178,0.964
KSS,Consumer Cyclical,Department Stores,3,False,✅,❌,❌,✅,✅,17.9,24.48,26.9,0.9,376.1,1.136,1.178,0.965
NIQ,その他,,3,False,✅,✅,❌,✅,❌,17.83,19.69,9.4,0.71,94.9,1.136,1.178,0.965
UBCP,Financial Services,Banks - Regional,3,False,✅,✅,❌,❌,✅,14.81,16.92,12.4,1.22,0.6,1.136,1.178,0.964
UNTY,Financial Services,Banks - Regional,3,False,✅,❌,❌,✅,✅,56.05,62.32,10.1,1.0,16.7,1.135,1.178,0.963
VTOL,Energy,Oil & Gas Equipment & Services,3,False,❌,✅,❌,✅,✅,42.62,50.1,14.9,1.03,51.3,1.135,1.178,0.964
PRK,Financial Services,Banks - Regional,3,False,✅,❌,❌,✅,✅,181.68,213.83,15.0,0.89,94.3,1.134,1.178,0.963
CHRW,Industrials,Integrated Freight & Logistics,3,False,❌,✅,❌,✅,✅,147.1,209.43,29.8,0.96,1372.0,1.133,1.178,0.962
ITIC,Financial Services,Insurance - Specialty,3,False,✅,✅,❌,✅,❌,286.06,309.07,7.4,1.11,74.0,1.133,1.178,0.961
PAYO,Technology,Software - Infrastructure,3,False,✅,✅,❌,✅,❌,7.17,7.19,0.3,0.51,186.5,1.133,1.178,0.961
EW,Healthcare,Medical Devices,3,False,✅,❌,❌,✅,✅,86.29,96.29,10.4,0.86,1816.3,1.132,1.178,0.961
EZA,その他,,3,False,✅,❌,❌,✅,✅,66.48,80.01,16.9,1.08,59.6,1.132,1.178,0.961
HGTY,Financial Services,Insurance - Property & Casualty,3,False,✅,✅,❌,✅,❌,13.59,14.17,4.1,1.08,15.9,1.132,1.178,0.961
OPK,Healthcare,Diagnostics & Research,3,False,✅,✅,❌,✅,❌,1.64,1.75,6.3,0.72,22.3,1.131,1.178,0.96
W,Consumer Cyclical,Internet Retail,3,False,✅,❌,❌,✅,✅,98.15,119.98,18.2,0.76,1413.9,1.13,1.178,0.96
ZVRA,Healthcare,Biotechnology,3,False,✅,❌,❌,✅,✅,11.04,15.03,26.6,0.47,82.1,1.13,1.178,0.959
BTG,Basic Materials,Gold,3,False,✅,❌,❌,✅,✅,5.48,6.23,12.0,0.81,544.7,1.128,1.178,0.957
DV,Communication Services,Advertising Agencies,3,False,✅,✅,❌,✅,❌,13.41,13.65,1.8,0.48,209.9,1.128,1.178,0.957
CCK,Consumer Cyclical,Packaging & Containers,3,False,✅,❌,❌,✅,✅,108.06,122.91,12.1,1.24,551.6,1.127,1.178,0.957
LUXE,Consumer Cyclical,Luxury Goods,3,False,✅,✅,❌,❌,✅,9.38,11.38,17.6,1.2,9.1,1.127,1.178,0.957
BCRX,Healthcare,Drug Manufacturers - Specialty & Generic,3,False,❌,✅,❌,✅,✅,8.59,11.22,23.4,0.91,202.5,1.126,1.178,0.956
CBIO,Healthcare,Biotechnology,3,False,✅,✅,❌,✅,❌,13.99,27.41,49.0,1.24,30.3,1.126,1.178,0.955
UNH,Healthcare,Healthcare Plans,3,False,✅,❌,❌,✅,✅,376.59,458.79,17.9,0.83,11001.3,1.124,1.178,0.954
FAUG,その他,,3,False,✅,✅,❌,✅,❌,58.03,58.17,0.2,5.67,17.7,1.123,1.178,0.953
SBSI,Financial Services,Banks - Regional,3,False,❌,✅,❌,✅,✅,31.09,35.79,13.1,1.23,19.8,1.122,1.178,0.952
AUB,Financial Services,Banks - Regional,3,False,✅,❌,❌,✅,✅,38.78,43.55,11.0,1.08,217.5,1.121,1.178,0.952
DLTH,Consumer Cyclical,Apparel Retail,3,False,✅,✅,❌,❌,✅,3.97,5.09,22.0,0.37,3.0,1.121,1.178,0.952
AMCR,Consumer Cyclical,Packaging & Containers,3,False,✅,❌,❌,✅,✅,42.51,49.4,13.9,0.93,741.2,1.12,1.178,0.951
JOB,Industrials,Staffing & Employment Services,3,False,✅,✅,❌,❌,✅,0.24,0.28,16.0,0.71,0.2,1.12,1.178,0.951
VAW,その他,,3,False,✅,✅,❌,✅,❌,223.62,242.67,7.9,0.96,62.0,1.12,1.178,0.951
BMRN,Healthcare,Biotechnology,3,False,✅,❌,❌,✅,✅,60.26,70.98,15.1,0.94,603.9,1.119,1.178,0.95
AM,Energy,Oil & Gas Midstream,3,False,✅,❌,❌,✅,✅,20.93,23.35,10.3,1.07,248.1,1.118,1.178,0.949
XP,Financial Services,Capital Markets,3,False,✅,❌,❌,✅,✅,20.51,22.83,10.2,1.22,501.8,1.117,1.178,0.949
KMTS,Healthcare,Medical Instruments & Supplies,3,False,✅,✅,❌,✅,❌,27.14,30.0,9.5,0.75,41.9,1.115,1.178,0.947
WMB,Energy,Oil & Gas Midstream,3,False,✅,❌,❌,✅,✅,69.26,78.92,12.2,0.78,2498.4,1.115,1.178,0.946
GE,Industrials,Aerospace & Defense,3,False,✅,❌,❌,✅,✅,327.09,388.84,15.9,0.93,7141.7,1.114,1.178,0.946
SPFI,Financial Services,Banks - Regional,3,False,✅,✅,❌,✅,❌,43.0,46.75,8.0,0.91,28.1,1.114,1.178,0.945
URI,Industrials,Rental & Leasing Services,3,False,✅,❌,❌,✅,✅,1047.06,1177.15,11.1,0.89,2439.3,1.114,1.178,0.946
BWIN,Financial Services,Insurance Brokers,3,False,✅,✅,❌,✅,❌,31.85,32.71,2.6,1.64,290.0,1.113,1.178,0.945
DDS,Consumer Cyclical,Department Stores,3,False,✅,❌,❌,✅,✅,664.07,740.8,10.4,1.11,412.7,1.113,1.178,0.944
FTLS,その他,,3,False,✅,✅,❌,✅,❌,77.02,77.52,0.6,1.66,46.6,1.112,1.178,0.944
MNPR,Healthcare,Biotechnology,3,False,✅,✅,❌,✅,❌,85.24,124.82,31.7,0.7,93.0,1.112,1.178,0.944
KOMP,その他,,3,False,✅,❌,❌,✅,✅,67.63,75.36,10.3,0.97,29.1,1.111,1.178,0.943
NYT,Communication Services,Publishing,3,False,❌,✅,❌,✅,✅,63.83,86.83,26.5,2.56,723.8,1.11,1.178,0.942
VO,その他,,3,False,✅,✅,❌,✅,❌,79.99,84.59,5.4,0.86,1061.6,1.11,1.178,0.942
BAC,Financial Services,Banks - Diversified,3,False,✅,❌,❌,✅,✅,56.7,64.9,12.6,1.1,9739.6,1.109,1.178,0.941
F,Consumer Cyclical,Auto Manufacturers,3,False,✅,❌,❌,✅,✅,12.71,17.59,27.7,0.79,3936.6,1.108,1.178,0.94
FMAY,その他,,3,False,✅,✅,❌,✅,❌,57.74,57.88,0.2,2.03,19.3,1.108,1.178,0.94
GCMG,Financial Services,Asset Management,3,False,✅,❌,❌,✅,✅,13.04,14.74,11.5,1.13,29.7,1.108,1.178,0.94
MTUS,Basic Materials,Steel,3,False,✅,❌,❌,✅,✅,18.84,22.58,16.6,0.85,34.1,1.108,1.178,0.94
ONC,Healthcare,Biotechnology,3,False,✅,✅,❌,✅,❌,360.85,385.22,6.3,1.32,543.7,1.107,1.178,0.939
RWR,その他,,3,False,✅,❌,❌,✅,✅,106.24,118.56,10.4,0.87,154.0,1.107,1.178,0.94
EL,Consumer Defensive,Household & Personal Products,3,False,✅,❌,❌,✅,✅,94.47,120.38,21.5,0.95,1413.6,1.106,1.178,0.939
FTDR,Consumer Cyclical,Personal Services,3,False,✅,❌,❌,✅,✅,73.99,93.43,20.8,1.36,204.1,1.105,1.178,0.938
SBCF,Financial Services,Banks - Regional,3,False,✅,✅,❌,✅,❌,33.03,36.07,8.4,0.85,146.1,1.105,1.178,0.938
FPX,その他,,3,False,✅,❌,❌,✅,✅,179.58,206.18,12.9,0.4,39.4,1.104,1.178,0.937
BANC,Financial Services,Banks - Regional,3,False,❌,✅,❌,✅,✅,17.94,21.79,17.7,0.79,269.4,1.102,1.178,0.936
IVOV,その他,,3,False,✅,✅,❌,✅,❌,109.04,117.42,7.1,1.63,11.2,1.102,1.178,0.935
NTRB,Healthcare,Biotechnology,3,False,✅,✅,❌,❌,✅,8.0,9.19,12.9,7.45,1.2,1.102,1.178,0.935
BBNX,Healthcare,Medical Devices,3,False,✅,✅,❌,✅,❌,21.51,32.71,34.2,0.9,94.0,1.101,1.178,0.935
SMTI,Healthcare,Medical Instruments & Supplies,3,False,✅,✅,❌,✅,❌,35.06,35.34,0.8,0.65,29.8,1.101,1.178,0.934
BRBS,Financial Services,Banks - Regional,3,False,✅,✅,❌,✅,❌,3.85,4.2,8.2,1.17,12.5,1.1,1.178,0.933
NJR,Utilities,Utilities - Regulated Gas,3,False,❌,✅,❌,✅,✅,50.61,60.28,16.0,1.31,176.6,1.1,1.178,0.933
SIGI,Financial Services,Insurance - Property & Casualty,3,False,✅,❌,❌,✅,✅,86.12,99.94,13.8,1.1,230.1,1.1,1.178,0.934
RDWR,Technology,Software - Infrastructure,3,False,✅,✅,❌,✅,❌,29.56,32.79,9.9,1.35,35.3,1.099,1.178,0.933
SDVD,その他,,3,False,✅,✅,❌,✅,❌,21.96,24.0,8.5,0.99,25.4,1.099,1.178,0.933
UTHR,Healthcare,Drug Manufacturers - Specialty & Generic,3,False,❌,✅,❌,✅,✅,475.45,609.35,22.0,1.24,1372.0,1.099,1.178,0.933
BRC,Industrials,Security & Protection Services,3,False,✅,❌,❌,✅,✅,84.02,99.25,15.3,0.82,123.3,1.098,1.178,0.932
CWEN,Utilities,Utilities - Renewable,3,False,❌,✅,❌,✅,✅,29.77,41.12,27.6,0.84,207.2,1.098,1.178,0.932
JGLO,その他,,3,False,✅,✅,❌,✅,❌,73.05,74.89,2.5,0.22,70.6,1.098,1.178,0.932
AUR,Consumer Cyclical,Auto Parts,3,False,✅,❌,❌,✅,✅,6.04,8.56,29.5,1.4,934.7,1.097,1.178,0.931
TCBX,Financial Services,Banks - Regional,3,False,✅,✅,❌,✅,❌,43.25,46.35,6.7,0.92,22.7,1.097,1.178,0.932
CAI,Healthcare,Biotechnology,3,False,✅,✅,❌,✅,❌,31.98,33.65,5.0,1.25,442.9,1.096,1.178,0.93
CHT,Communication Services,Telecom Services,3,False,✅,✅,❌,✅,❌,46.15,46.41,0.6,1.48,37.7,1.096,1.178,0.93
DRI,Consumer Cyclical,Restaurants,3,False,✅,❌,❌,✅,✅,199.75,229.76,13.1,1.45,1254.4,1.096,1.178,0.93
DTSQ,Financial Services,Shell Companies,3,False,✅,✅,❌,❌,✅,11.5,12.9,10.9,0.0,0.1,1.096,1.178,0.931
KYIV,Communication Services,Telecom Services,3,False,✅,❌,❌,✅,✅,13.05,16.55,21.1,0.57,36.1,1.095,1.178,0.929
FRI,その他,,3,False,✅,✅,❌,❌,✅,29.9,33.44,10.6,0.72,5.2,1.094,1.178,0.929
WYY,Technology,Information Technology Services,3,False,✅,✅,❌,✅,❌,5.47,24.3,77.5,3.13,16.8,1.094,1.178,0.929
DCI,Industrials,Specialty Industrial Machinery,3,False,✅,❌,❌,✅,✅,87.41,112.05,22.0,0.79,314.6,1.093,1.178,0.928
AVO,Consumer Defensive,Food Distribution,3,False,✅,❌,❌,✅,✅,13.14,15.53,15.4,0.85,66.7,1.092,1.178,0.927
ALL,Financial Services,Insurance - Property & Casualty,3,False,✅,❌,❌,✅,✅,227.6,276.07,17.6,1.88,2103.0,1.09,1.178,0.926
BCML,Financial Services,Banks - Regional,3,False,✅,✅,❌,❌,✅,30.87,34.63,10.9,0.99,9.9,1.09,1.178,0.925
IGLD,その他,,3,False,❌,✅,❌,✅,✅,20.91,26.12,19.9,1.15,35.3,1.09,1.178,0.925
FORR,Industrials,Consulting Services,3,False,✅,✅,❌,❌,✅,11.4,12.75,10.6,1.0,5.9,1.089,1.178,0.924
RNGR,Energy,Oil & Gas Equipment & Services,3,False,✅,❌,❌,✅,✅,15.51,18.67,16.9,0.71,15.8,1.088,1.178,0.924
IBEX,Technology,Information Technology Services,3,False,✅,✅,❌,✅,❌,44.53,45.28,1.7,1.32,20.6,1.086,1.178,0.922
MTDR,Energy,Oil & Gas E&P,3,False,✅,❌,❌,✅,✅,51.55,65.88,21.8,1.04,485.0,1.086,1.178,0.922
NODK,Financial Services,Insurance - Property & Casualty,3,False,✅,✅,❌,❌,✅,14.8,16.7,11.4,1.51,2.0,1.086,1.178,0.922
SWX,Utilities,Utilities - Regulated Gas,3,False,❌,✅,❌,✅,✅,82.44,93.81,12.1,1.22,236.8,1.086,1.178,0.922
MATV,Basic Materials,Specialty Chemicals,3,False,✅,❌,❌,✅,✅,11.92,15.02,20.6,0.94,25.6,1.085,1.178,0.921
MTX,Basic Materials,Specialty Chemicals,3,False,❌,✅,❌,✅,✅,66.98,84.07,20.3,0.73,81.4,1.085,1.178,0.921
APD,Basic Materials,Specialty Chemicals,3,False,✅,❌,❌,✅,✅,281.76,314.87,10.5,1.13,1713.5,1.084,1.178,0.92
AVY,Consumer Cyclical,Packaging & Containers,3,False,❌,✅,❌,✅,✅,170.34,196.15,13.2,0.8,678.7,1.084,1.178,0.92
SBS,Utilities,Utilities - Regulated Water,3,False,❌,✅,❌,✅,✅,5.18,7.16,27.6,0.98,192.5,1.084,1.178,0.92
IDT,Communication Services,Telecom Services,3,False,✅,✅,❌,✅,❌,67.46,72.13,6.5,1.56,61.7,1.083,1.178,0.92
MGNI,Communication Services,Advertising Agencies,3,False,✅,❌,❌,✅,✅,23.97,26.84,10.7,0.73,262.8,1.083,1.178,0.919
MSA,Industrials,Security & Protection Services,3,False,✅,❌,❌,✅,✅,182.46,207.68,12.1,0.89,251.2,1.081,1.178,0.917
CNR,Energy,Thermal Coal,3,False,✅,❌,❌,✅,✅,89.02,114.56,22.3,0.82,254.4,1.08,1.178,0.917
PLMR,Financial Services,Insurance - Property & Casualty,3,False,✅,❌,❌,✅,✅,123.99,147.11,15.7,0.92,160.1,1.08,1.178,0.917
TFC,Financial Services,Banks - Regional,3,False,✅,❌,❌,✅,✅,47.66,54.63,12.8,1.01,1968.7,1.08,1.178,0.917
GTES,Industrials,Specialty Industrial Machinery,3,False,✅,❌,❌,✅,✅,26.86,30.34,11.5,0.83,246.0,1.079,1.178,0.916
KNG,その他,,3,False,✅,✅,❌,✅,❌,48.71,52.18,6.7,1.15,69.6,1.079,1.178,0.916
RF,Financial Services,Banks - Regional,3,False,✅,❌,❌,✅,✅,27.62,32.14,14.1,1.0,1365.3,1.079,1.178,0.916
ASTL,Basic Materials,Steel,3,False,❌,✅,❌,✅,✅,4.26,5.9,27.8,0.56,24.2,1.078,1.178,0.915
AMZZ,その他,,3,False,✅,❌,❌,✅,✅,32.03,43.11,25.7,1.18,24.7,1.074,1.178,0.911
CNA,Financial Services,Insurance - Property & Casualty,3,False,✅,❌,❌,✅,✅,45.98,55.19,16.7,1.68,118.6,1.074,1.178,0.912
VOYG,その他,,3,False,✅,✅,❌,✅,❌,31.35,52.4,40.2,2.28,395.2,1.074,1.178,0.911
LNC,Financial Services,Insurance - Life,3,False,✅,❌,❌,✅,✅,41.69,47.67,12.5,0.86,373.7,1.073,1.178,0.911
SIG,Consumer Cyclical,Luxury Goods,3,False,✅,✅,❌,✅,❌,102.26,109.34,6.5,0.91,378.7,1.073,1.178,0.911
TROW,Financial Services,Asset Management,3,False,✅,❌,❌,✅,✅,105.51,120.5,12.4,0.75,985.2,1.073,1.178,0.911
LEGH,Consumer Cyclical,Residential Construction,3,False,✅,✅,❌,✅,❌,29.3,31.34,6.5,1.04,12.6,1.072,1.178,0.91
HLN,Healthcare,Drug Manufacturers - Specialty & Generic,3,False,❌,✅,❌,✅,✅,9.26,11.06,16.3,2.38,519.4,1.071,1.178,0.909
NSC,Industrials,Railroads,3,False,✅,❌,❌,✅,✅,313.0,357.19,12.4,0.85,1825.0,1.071,1.178,0.909
TUR,その他,,3,False,❌,✅,❌,✅,✅,36.38,43.45,16.3,0.74,37.9,1.07,1.178,0.908
AMX,Communication Services,Telecom Services,3,False,❌,✅,❌,✅,✅,22.03,28.12,21.7,1.09,237.3,1.069,1.178,0.907
UEIC,Technology,Consumer Electronics,3,False,✅,✅,❌,❌,✅,5.12,5.69,10.1,0.58,1.3,1.069,1.178,0.907
JLL,Real Estate,Real Estate Services,3,False,✅,❌,❌,✅,✅,321.91,393.84,18.3,1.0,574.2,1.068,1.178,0.906
PLTR,Technology,Software - Infrastructure,3,False,✅,✅,❌,✅,❌,189.67,207.52,8.6,0.65,27458.3,1.068,1.178,0.907
HMY,Basic Materials,Gold,3,False,✅,❌,❌,✅,✅,18.97,25.57,25.8,1.11,332.9,1.067,1.178,0.906
ETSY,Consumer Cyclical,Internet Retail,3,False,✅,❌,❌,✅,✅,68.44,87.97,22.2,1.27,1099.5,1.066,1.178,0.905
BAX,Healthcare,Medical Instruments & Supplies,3,False,✅,❌,❌,✅,✅,23.37,29.99,22.1,1.33,732.7,1.065,1.178,0.904
TDY,Technology,Scientific & Technical Instruments,3,False,❌,✅,❌,✅,✅,614.15,697.67,12.0,1.1,1012.2,1.064,1.178,0.903
UHAL,Industrials,Rental & Leasing Services,3,False,✅,❌,❌,✅,✅,60.97,76.45,20.2,0.63,63.1,1.064,1.178,0.904
CBU,Financial Services,Banks - Regional,3,False,❌,✅,❌,✅,✅,61.57,70.56,12.7,1.28,89.1,1.063,1.178,0.903
TCBS,Financial Services,Banks - Regional,3,False,✅,✅,❌,❌,✅,17.0,19.8,14.1,0.92,0.2,1.063,1.178,0.902
DB,Financial Services,Banks - Regional,3,False,✅,❌,❌,✅,✅,36.57,41.62,12.1,1.01,386.6,1.062,1.178,0.902
IMMR,Technology,Software - Application,3,False,✅,✅,❌,✅,❌,7.28,8.05,9.6,0.6,18.1,1.062,1.178,0.902
ZM,Technology,Software - Application,3,False,✅,❌,❌,✅,✅,89.71,114.74,21.8,0.8,1762.0,1.062,1.178,0.901
GVA,Industrials,Engineering & Construction,3,False,❌,✅,❌,✅,✅,115.08,161.95,28.9,0.83,508.3,1.06,1.178,0.9
NXPL,Technology,Software - Application,3,False,✅,✅,❌,❌,✅,9.01,11.1,18.8,0.21,1.3,1.06,1.178,0.9
CINF,Financial Services,Insurance - Property & Casualty,3,False,✅,❌,❌,✅,✅,162.54,193.71,16.1,0.85,603.9,1.059,1.178,0.899
LEMB,その他,,3,False,✅,✅,❌,✅,❌,42.45,43.46,2.3,0.61,29.0,1.058,1.178,0.898
FHN,Financial Services,Banks - Regional,3,False,❌,✅,❌,✅,✅,23.46,26.25,10.6,0.97,574.2,1.056,1.178,0.896
PB,Financial Services,Banks - Regional,3,False,✅,✅,❌,✅,❌,67.77,75.23,9.9,1.51,371.8,1.054,1.178,0.894
ICLR,Healthcare,Diagnostics & Research,3,False,✅,❌,❌,✅,✅,172.33,203.91,15.5,1.3,695.1,1.052,1.178,0.893
OMF,Financial Services,Credit Services,3,False,✅,❌,❌,✅,✅,57.36,68.16,15.8,1.16,291.2,1.052,1.178,0.893
SCHW,Financial Services,Capital Markets,3,False,✅,❌,❌,✅,✅,99.03,114.53,13.5,1.07,4554.9,1.051,1.178,0.892
NMIH,Financial Services,Insurance - Specialty,3,False,✅,❌,❌,✅,✅,41.23,46.74,11.8,1.05,106.9,1.05,1.178,0.891
HPK,Energy,Oil & Gas E&P,3,False,✅,❌,❌,✅,✅,7.56,9.13,17.2,0.86,21.7,1.048,1.178,0.889
FAF,Financial Services,Insurance - Specialty,3,False,✅,❌,❌,✅,✅,66.27,79.87,17.0,0.97,291.9,1.046,1.178,0.888
CBT,Basic Materials,Specialty Chemicals,3,False,❌,✅,❌,✅,✅,78.76,94.0,16.2,0.73,199.9,1.045,1.178,0.887
WAFD,Financial Services,Banks - Regional,3,False,❌,✅,❌,✅,✅,31.35,39.2,20.0,2.2,122.5,1.045,1.178,0.887
FHB,Financial Services,Banks - Regional,3,False,❌,✅,❌,✅,✅,25.25,30.29,16.6,1.25,263.7,1.044,1.178,0.886
FLRN,その他,,3,False,✅,✅,❌,✅,❌,30.83,30.86,0.1,1.64,193.1,1.044,1.178,0.886
HYEM,その他,,3,False,✅,✅,❌,✅,❌,19.66,20.09,2.1,0.58,17.6,1.044,1.178,0.886
AFL,Financial Services,Insurance - Life,3,False,✅,❌,❌,✅,✅,113.72,129.57,12.2,0.81,1321.1,1.043,1.178,0.885
CDE,Basic Materials,Gold,3,False,✅,✅,❌,✅,❌,19.22,27.74,30.7,1.1,2995.2,1.043,1.178,0.886
DEC,Energy,Oil & Gas Integrated,3,False,✅,❌,❌,✅,✅,13.79,18.17,24.1,0.81,63.4,1.043,1.178,0.886
NSP,Industrials,Staffing & Employment Services,3,False,✅,❌,❌,✅,✅,47.83,55.25,13.4,0.71,124.9,1.042,1.178,0.885
VOX,その他,,3,False,✅,✅,❌,✅,❌,194.15,199.44,2.7,1.03,259.2,1.041,1.178,0.884
AMZU,その他,,3,False,✅,❌,❌,✅,✅,34.23,46.64,26.6,0.99,490.4,1.04,1.178,0.882
CBZ,Industrials,Specialty Business Services,3,False,✅,✅,❌,✅,❌,54.68,56.93,4.0,0.59,252.7,1.04,1.178,0.883
CWT,Utilities,Utilities - Regulated Water,3,False,✅,❌,❌,✅,✅,46.17,53.46,13.6,0.81,118.5,1.04,1.178,0.883
LOB,Financial Services,Banks - Regional,3,False,✅,❌,❌,✅,✅,37.48,44.5,15.8,0.85,46.2,1.04,1.178,0.883
RRGB,Consumer Cyclical,Restaurants,3,False,✅,✅,❌,✅,❌,7.25,10.95,33.8,0.72,12.8,1.039,1.178,0.882
CLIP,その他,,3,False,✅,✅,❌,✅,❌,100.31,100.36,0.0,0.72,164.9,1.037,1.178,0.881
CUB,Financial Services,Shell Companies,3,False,✅,✅,❌,✅,❌,10.89,11.23,3.0,0.33,15.1,1.037,1.178,0.88
FTSL,その他,,3,False,✅,✅,❌,✅,❌,44.71,45.09,0.8,1.23,49.4,1.037,1.178,0.88
GD,Industrials,Aerospace & Defense,3,False,✅,❌,❌,✅,✅,336.72,400.0,15.8,1.15,1991.2,1.037,1.178,0.881
NOEM,Financial Services,Shell Companies,3,False,✅,✅,❌,❌,✅,10.58,12.62,16.2,0.0,0.2,1.037,1.178,0.88
OSK,Industrials,Farm & Heavy Construction Machinery,3,False,✅,❌,❌,✅,✅,132.75,178.55,25.6,1.36,506.0,1.037,1.178,0.881
TPCS,Industrials,Metal Fabrication,3,False,✅,✅,❌,❌,✅,5.26,6.31,16.6,0.24,1.0,1.037,1.178,0.881
XYZ,Technology,Software - Infrastructure,3,False,✅,❌,❌,✅,✅,76.42,86.92,12.1,0.8,1885.4,1.037,1.178,0.881
NPKI,Energy,Oil & Gas Equipment & Services,3,False,❌,✅,❌,✅,✅,11.72,16.5,29.0,1.11,62.4,1.036,1.178,0.88
RRC,Energy,Oil & Gas E&P,3,False,✅,❌,❌,✅,✅,38.61,48.07,19.7,0.99,528.2,1.036,1.178,0.879
VHI,Basic Materials,Chemicals,3,False,✅,✅,❌,❌,✅,15.99,19.11,16.3,0.81,1.1,1.035,1.178,0.879
URBN,Consumer Cyclical,Apparel Retail,3,False,✅,❌,❌,✅,✅,75.35,85.43,11.8,0.74,433.7,1.032,1.178,0.876
WEAV,Healthcare,Health Information Services,3,False,✅,✅,❌,✅,❌,7.35,7.7,4.5,0.75,71.1,1.032,1.178,0.876
OMC,Communication Services,Advertising Agencies,3,False,✅,❌,❌,✅,✅,76.15,88.66,14.1,0.82,1310.1,1.029,1.178,0.874
SRTA,Healthcare,Medical Care Facilities,3,False,✅,❌,❌,✅,✅,5.33,6.5,18.0,0.64,28.3,1.029,1.178,0.873
TFX,Healthcare,Medical Instruments & Supplies,3,False,✅,❌,❌,✅,✅,122.07,144.64,15.6,1.43,382.5,1.029,1.178,0.873
BOC,Industrials,Conglomerates,3,False,✅,❌,❌,✅,✅,13.47,15.22,11.5,0.91,11.3,1.028,1.178,0.873
DBX,Technology,Software - Infrastructure,3,False,✅,❌,❌,✅,✅,32.32,38.17,15.3,1.5,616.0,1.028,1.178,0.873
JXI,その他,,3,False,❌,✅,❌,✅,✅,77.34,88.89,13.0,0.83,15.8,1.028,1.178,0.873
AR,Energy,Oil & Gas E&P,3,False,✅,❌,❌,✅,✅,35.0,45.75,23.5,1.23,760.0,1.026,1.178,0.871
POLE,Financial Services,Shell Companies,3,False,✅,✅,❌,❌,✅,10.73,12.0,10.6,0.02,2.4,1.026,1.178,0.871
TTEK,Industrials,Engineering & Construction,3,False,✅,❌,❌,✅,✅,33.91,42.94,21.0,0.72,471.3,1.026,1.178,0.871
ZTO,Industrials,Integrated Freight & Logistics,3,False,❌,✅,❌,✅,✅,19.49,25.97,25.0,2.99,209.7,1.025,1.178,0.87
GAP,Consumer Cyclical,Apparel Retail,3,False,❌,✅,❌,✅,✅,21.82,28.88,24.5,0.62,797.3,1.023,1.178,0.868
PAYC,Technology,Software - Application,3,False,✅,❌,❌,✅,✅,220.46,244.98,10.0,0.68,741.6,1.023,1.178,0.868
SPHY,その他,,3,False,✅,✅,❌,✅,❌,22.78,23.35,2.4,0.99,558.0,1.023,1.178,0.868
SPSB,その他,,3,False,✅,✅,❌,✅,❌,29.63,29.93,1.0,2.12,672.5,1.023,1.178,0.868
TRC,Industrials,Conglomerates,3,False,❌,✅,❌,✅,✅,16.45,21.31,22.8,0.85,10.7,1.022,1.178,0.868
CART,Consumer Cyclical,Internet Retail,3,False,✅,❌,❌,✅,✅,43.19,52.68,18.0,1.13,915.7,1.021,1.178,0.866
CRCT,Technology,Computer Hardware,3,False,✅,✅,❌,✅,❌,6.14,6.27,2.1,1.03,15.9,1.021,1.178,0.867
PATH,Technology,Software - Infrastructure,3,False,✅,✅,❌,✅,❌,12.46,19.84,37.2,0.8,3847.5,1.02,1.178,0.866
SFBS,Financial Services,Banks - Regional,3,False,✅,❌,❌,✅,✅,41.31,46.04,10.3,1.37,118.9,1.02,1.178,0.866
MSFT,Technology,Software - Infrastructure,3,False,✅,✅,❌,✅,❌,516.17,549.2,6.0,0.74,71991.4,1.018,1.178,0.864
TEL,Technology,Electronic Components,3,False,✅,❌,❌,✅,✅,218.59,250.61,12.8,0.6,2410.0,1.018,1.178,0.864
AMC,Communication Services,Entertainment,3,False,✅,✅,❌,✅,❌,2.94,3.18,7.5,0.84,402.3,1.017,1.178,0.864
ENSG,Healthcare,Medical Care Facilities,3,False,❌,✅,❌,✅,✅,175.18,217.84,19.6,0.5,510.2,1.017,1.178,0.863
SPTS,その他,,3,False,✅,✅,❌,✅,❌,28.68,28.94,0.9,1.86,268.9,1.017,1.178,0.864
SRPT,Healthcare,Biotechnology,3,False,❌,✅,❌,✅,✅,18.67,25.32,26.3,0.8,279.6,1.017,1.178,0.863
VGSH,その他,,3,False,✅,✅,❌,✅,❌,57.59,58.07,0.8,1.63,1208.8,1.017,1.178,0.863
PI,Technology,Semiconductors,3,False,✅,❌,❌,✅,✅,178.28,247.06,27.8,1.15,310.9,1.016,1.178,0.863
MMI,Real Estate,Real Estate Services,3,False,✅,❌,❌,✅,✅,29.75,33.28,10.6,0.95,26.5,1.015,1.178,0.862
QGEN,Healthcare,Diagnostics & Research,3,False,❌,✅,❌,✅,✅,44.18,57.3,22.9,0.75,505.0,1.015,1.178,0.862
CCS,Real Estate,Real Estate - Development,3,False,✅,❌,❌,✅,✅,62.66,74.85,16.3,0.6,93.9,1.014,1.178,0.86
BWMN,Industrials,Engineering & Construction,3,False,✅,✅,❌,✅,❌,42.57,45.83,7.1,1.53,47.1,1.012,1.178,0.859
MTG,Financial Services,Insurance - Specialty,3,False,✅,❌,❌,✅,✅,28.48,31.71,10.2,1.11,250.1,1.012,1.178,0.859
PERF,Technology,Software - Application,3,False,✅,✅,❌,❌,✅,1.9,2.15,11.6,0.52,2.0,1.011,1.178,0.858
CSL,Industrials,Building Products & Equipment,3,False,❌,✅,❌,✅,✅,326.37,428.8,23.9,1.2,856.7,1.01,1.178,0.857
PRI,Financial Services,Insurance - Life,3,False,✅,❌,❌,✅,✅,275.59,325.96,15.5,1.24,270.7,1.01,1.178,0.857
WMK,Consumer Defensive,Grocery Stores,3,False,❌,✅,❌,✅,✅,72.02,83.35,13.6,1.28,62.8,1.008,1.178,0.856
COR,Healthcare,Medical Distribution,3,False,✅,❌,❌,✅,✅,306.92,375.33,18.2,0.69,2165.0,1.007,1.178,0.855
EFTY,Industrials,Consulting Services,3,False,✅,✅,❌,❌,✅,15.02,18.2,17.5,0.0,0.0,1.007,1.178,0.855
HYLS,その他,,3,False,✅,✅,❌,✅,❌,39.61,41.46,4.5,1.0,33.9,1.007,1.178,0.855
PNFP,Financial Services,Banks - Regional,3,False,✅,❌,❌,✅,✅,94.97,110.33,13.9,0.82,549.8,1.007,1.178,0.855
GIII,Consumer Cyclical,Apparel Manufacturing,3,False,❌,✅,❌,✅,✅,27.12,37.41,27.5,1.05,95.7,1.005,1.178,0.853
SKYW,Industrials,Airlines,3,False,✅,❌,❌,✅,✅,102.29,117.72,13.1,0.79,182.5,1.005,1.178,0.853
BNTX,Healthcare,Biotechnology,3,False,❌,✅,❌,✅,✅,98.52,124.0,20.5,0.82,514.9,1.004,1.178,0.853
IXP,その他,,3,False,✅,✅,❌,✅,❌,120.38,125.91,4.4,0.64,24.1,1.004,1.178,0.852
GRND,Technology,Software - Application,3,False,✅,❌,❌,✅,✅,15.77,18.5,14.8,0.89,115.0,1.003,1.178,0.852
AMP,Financial Services,Asset Management,3,False,✅,❌,❌,✅,✅,493.0,572.56,13.9,1.43,1477.1,1.001,1.178,0.849
EML,Industrials,Tools & Accessories,3,False,✅,✅,❌,❌,✅,24.1,29.78,19.1,0.22,3.0,1.001,1.178,0.85
FERG,Industrials,Industrial Distribution,3,False,❌,✅,❌,✅,✅,222.74,268.59,17.1,0.67,2293.7,1.001,1.178,0.85
LGL,Technology,Scientific & Technical Instruments,3,False,✅,✅,❌,❌,✅,6.7,7.88,15.0,1.06,0.6,1.0,1.178,0.849
SMIN,その他,,3,False,✅,✅,❌,✅,❌,70.17,74.41,5.7,0.48,41.7,0.999,1.178,0.848
VIV,Communication Services,Telecom Services,3,False,❌,✅,❌,✅,✅,11.6,16.37,29.1,1.03,80.0,0.999,1.178,0.848
ASO,Consumer Cyclical,Specialty Retail,3,False,❌,✅,❌,✅,✅,49.14,61.9,20.6,0.75,396.9,0.998,1.178,0.847
SR,Utilities,Utilities - Regulated Gas,3,False,❌,✅,❌,✅,✅,77.21,93.38,17.3,1.11,208.4,0.998,1.178,0.847
WFC,Financial Services,Banks - Diversified,3,False,✅,❌,❌,✅,✅,82.97,96.18,13.7,0.86,6016.8,0.997,1.178,0.847
OCFC,Financial Services,Banks - Regional,3,False,❌,✅,❌,✅,✅,17.1,20.12,15.0,1.19,90.9,0.996,1.178,0.845
PCRX,Healthcare,Drug Manufacturers - Specialty & Generic,3,False,✅,✅,❌,✅,❌,25.12,27.66,9.2,0.91,64.2,0.995,1.178,0.845
RYTM,Healthcare,Biotechnology,3,False,✅,❌,❌,✅,✅,98.66,122.2,19.3,0.98,353.8,0.995,1.178,0.845
SYF,Financial Services,Credit Services,3,False,✅,❌,❌,✅,✅,72.94,87.67,16.8,0.81,1280.0,0.995,1.178,0.844
FSUN,Financial Services,Banks - Regional,3,False,✅,✅,❌,✅,❌,39.74,42.34,6.1,1.24,53.7,0.994,1.178,0.844
TRSG,Industrials,Metal Fabrication,3,False,✅,✅,❌,❌,✅,1.38,1.75,21.0,0.63,0.1,0.994,1.178,0.844
ABEO,Healthcare,Biotechnology,3,False,❌,✅,❌,✅,✅,5.4,7.65,29.4,0.74,39.0,0.993,1.178,0.843
SKYH,Real Estate,Real Estate - Development,3,False,✅,✅,❌,❌,✅,10.01,11.7,14.4,0.8,8.3,0.993,1.178,0.843
AXS,Financial Services,Insurance - Specialty,3,False,❌,✅,❌,✅,✅,94.45,119.99,21.3,0.86,336.5,0.992,1.178,0.842
CAAS,Consumer Cyclical,Auto Parts,3,False,✅,✅,❌,❌,✅,4.86,5.64,13.8,0.41,0.7,0.992,1.178,0.842
MCO,Financial Services,Financial Data & Stock Exchanges,3,False,✅,❌,❌,✅,✅,468.7,543.25,13.7,0.81,2000.4,0.992,1.178,0.842
MSCI,Financial Services,Financial Data & Stock Exchanges,3,False,❌,✅,❌,✅,✅,551.36,642.47,14.2,0.88,1830.5,0.989,1.178,0.84
PLTW,その他,,3,False,✅,❌,❌,✅,✅,25.55,30.93,17.4,0.82,16.6,0.986,1.178,0.837
TNET,Industrials,Staffing & Employment Services,3,False,✅,❌,❌,✅,✅,65.11,73.08,10.9,0.75,105.2,0.986,1.178,0.837
OPRA,Communication Services,Internet Content & Information,3,False,✅,❌,❌,✅,✅,17.65,20.78,15.1,1.04,31.4,0.983,1.178,0.835
CPK,Utilities,Utilities - Regulated Gas,3,False,✅,✅,❌,✅,❌,128.77,140.03,8.0,1.2,112.6,0.982,1.178,0.834
GHC,Consumer Defensive,Education & Training Services,3,False,✅,✅,❌,✅,❌,1154.89,1262.35,8.5,1.3,141.8,0.981,1.178,0.833
MTN,Consumer Cyclical,Resorts & Casinos,3,False,✅,❌,❌,✅,✅,136.11,160.49,15.2,1.46,505.1,0.981,1.178,0.833
UG,Consumer Defensive,Household & Personal Products,3,False,✅,✅,❌,❌,✅,7.08,8.45,16.2,0.63,0.3,0.981,1.178,0.833
HOOD,Financial Services,Capital Markets,3,False,✅,❌,❌,✅,✅,119.4,153.86,22.4,0.78,11950.1,0.98,1.178,0.832
MGY,Energy,Oil & Gas E&P,3,False,❌,✅,❌,✅,✅,24.11,32.33,25.4,1.15,504.0,0.98,1.178,0.832
IDCC,Technology,Software - Application,3,False,✅,❌,❌,✅,✅,334.21,409.73,18.4,0.72,415.7,0.977,1.178,0.83
GPC,Consumer Cyclical,Auto Parts,3,False,✅,❌,❌,✅,✅,129.61,147.43,12.1,0.52,872.1,0.975,1.178,0.828
MANH,Technology,Software - Application,3,False,✅,✅,❌,✅,❌,206.03,227.03,9.2,0.67,621.2,0.974,1.178,0.827
MHK,Consumer Cyclical,"Furnishings, Fixtures & Appliances",3,False,✅,❌,❌,✅,✅,125.16,140.3,10.8,1.43,509.1,0.973,1.178,0.826
SHW,Basic Materials,Specialty Chemicals,3,False,❌,✅,❌,✅,✅,329.1,375.09,12.3,0.95,3395.1,0.972,1.178,0.825
U,Technology,Software - Application,3,False,✅,❌,❌,✅,✅,41.55,52.15,20.3,1.56,1667.7,0.972,1.178,0.825
BOX,Technology,Software - Infrastructure,3,False,✅,❌,❌,✅,✅,31.39,36.34,13.6,0.98,398.2,0.97,1.178,0.823
GDYN,Technology,Information Technology Services,3,False,❌,✅,❌,✅,✅,7.75,10.21,24.1,0.4,61.6,0.97,1.178,0.823
CRM,Technology,Software - Application,3,False,✅,❌,❌,✅,✅,234.02,267.8,12.6,0.78,13972.8,0.969,1.178,0.823
CLW,Basic Materials,Paper & Paper Products,3,False,✅,❌,❌,✅,✅,20.34,23.59,13.8,0.72,16.6,0.967,1.178,0.821
PHG,Healthcare,Medical Devices,3,False,❌,✅,❌,✅,✅,24.96,32.19,22.5,0.76,131.9,0.967,1.178,0.821
PRCH,Financial Services,Insurance - Property & Casualty,3,False,✅,❌,❌,✅,✅,16.53,18.37,10.0,1.1,114.5,0.967,1.178,0.821
PAY,Technology,Software - Infrastructure,3,False,✅,✅,❌,✅,❌,30.17,45.31,33.4,1.57,170.9,0.965,1.178,0.82
SCI,Consumer Cyclical,Personal Services,3,False,✅,❌,❌,✅,✅,77.84,90.59,14.1,0.76,461.9,0.965,1.178,0.819
MDT,Healthcare,Medical Devices,3,False,✅,❌,❌,✅,✅,88.64,103.76,14.6,1.25,3731.8,0.964,1.178,0.818
TR,Consumer Defensive,Confectioners,3,False,❌,✅,❌,✅,✅,38.04,44.95,15.4,0.97,38.5,0.961,1.178,0.816
ALV,Consumer Cyclical,Auto Parts,3,False,✅,❌,❌,✅,✅,117.52,131.23,10.5,1.15,399.6,0.96,1.178,0.815
TDS,Communication Services,Telecom Services,3,False,❌,✅,❌,✅,✅,35.85,49.02,26.9,1.24,215.1,0.96,1.178,0.815
ARHS,Consumer Cyclical,Specialty Retail,3,False,❌,✅,❌,✅,✅,9.71,11.51,15.7,1.3,52.9,0.959,1.178,0.814
ASMB,Healthcare,Biotechnology,3,False,✅,✅,❌,✅,❌,23.67,39.71,40.4,1.5,35.2,0.959,1.178,0.814
GSM,Basic Materials,Other Industrial Metals & Mining,3,False,❌,✅,❌,✅,✅,4.07,5.66,28.1,0.55,29.6,0.958,1.178,0.813
INMD,Healthcare,Medical Devices,3,False,✅,❌,❌,✅,✅,14.26,16.74,14.8,0.59,46.8,0.957,1.178,0.812
BHF,Financial Services,Insurance - Life,3,False,❌,✅,❌,✅,✅,53.24,66.8,20.3,1.89,210.8,0.955,1.178,0.811
EPHE,その他,,3,False,❌,✅,❌,✅,✅,23.35,27.85,16.2,0.7,18.5,0.955,1.178,0.811
FBK,Financial Services,Banks - Regional,3,False,❌,✅,❌,✅,✅,52.74,62.65,15.8,1.47,111.3,0.955,1.178,0.811
YJ,Consumer Cyclical,Internet Retail,3,False,✅,✅,❌,✅,❌,1.82,13.97,87.0,0.06,36.2,0.953,1.178,0.809
MHO,Consumer Cyclical,Residential Construction,3,False,✅,❌,❌,✅,✅,138.75,163.66,15.2,0.92,159.7,0.952,1.178,0.808
MRDN,Communication Services,Electronic Gaming & Multimedia,3,False,✅,✅,❌,❌,✅,13.36,16.09,17.0,0.56,4.3,0.952,1.178,0.808
NWS,Communication Services,Entertainment,3,False,✅,❌,❌,✅,✅,31.75,35.65,10.9,0.68,213.5,0.95,1.178,0.807
LOGI,Technology,Computer Hardware,3,False,❌,✅,❌,✅,✅,101.09,127.54,20.7,0.87,500.6,0.949,1.178,0.806
ACIW,Technology,Software - Infrastructure,3,False,✅,❌,❌,✅,✅,49.51,61.08,18.9,0.65,230.4,0.947,1.178,0.804
J,Industrials,Engineering & Construction,3,False,✅,❌,❌,✅,✅,138.37,166.66,17.0,0.76,663.2,0.946,1.178,0.803
ULTY,その他,,3,False,✅,❌,❌,✅,✅,25.75,28.8,10.6,0.9,64.3,0.946,1.178,0.803
FSS,Industrials,Pollution & Treatment Controls,3,False,✅,❌,❌,✅,✅,114.75,134.35,14.6,0.83,272.6,0.944,1.178,0.801
CKX,Energy,Oil & Gas E&P,3,False,✅,✅,❌,❌,✅,10.81,12.44,13.1,0.68,0.4,0.943,1.178,0.8
NWSA,Communication Services,Entertainment,3,False,✅,✅,❌,✅,❌,28.49,31.55,9.7,1.04,612.3,0.943,1.178,0.8
HCI,Financial Services,Insurance - Property & Casualty,3,False,✅,❌,❌,✅,✅,174.94,208.47,16.1,0.88,143.5,0.942,1.178,0.799
REM,その他,,3,False,❌,✅,❌,✅,✅,18.9,22.75,16.9,2.95,51.6,0.942,1.178,0.8
SAIL,Technology,Software - Infrastructure,3,False,✅,❌,❌,✅,✅,20.64,24.0,14.0,1.5,360.9,0.942,1.178,0.799
T,Communication Services,Telecom Services,3,False,❌,✅,❌,✅,✅,25.38,28.75,11.7,0.66,6029.8,0.939,1.178,0.797
XOS,Industrials,Farm & Heavy Construction Machinery,3,False,✅,✅,❌,✅,❌,2.62,8.27,68.3,0.04,69.4,0.939,1.178,0.797
FAS,その他,,3,False,✅,❌,❌,✅,✅,152.29,186.1,18.2,1.17,360.9,0.938,1.178,0.796
GTIM,Consumer Cyclical,Restaurants,3,False,✅,✅,❌,❌,✅,1.51,2.09,27.8,0.73,0.3,0.938,1.178,0.796
GRPN,Communication Services,Internet Content & Information,3,False,✅,❌,❌,✅,✅,21.3,29.9,28.8,0.95,160.5,0.937,1.178,0.795
SF,Financial Services,Capital Markets,3,False,✅,❌,❌,✅,✅,70.35,88.61,20.6,1.41,468.4,0.937,1.178,0.795
OZK,Financial Services,Banks - Regional,3,False,✅,❌,❌,✅,✅,46.89,53.18,11.8,1.05,266.6,0.936,1.178,0.795
VPU,その他,,3,False,❌,✅,❌,✅,✅,171.48,203.03,15.5,1.67,242.0,0.936,1.178,0.795
ZBH,Healthcare,Medical Devices,3,False,✅,❌,❌,✅,✅,91.04,106.03,14.1,1.0,982.4,0.936,1.178,0.795
CLMB,Technology,Electronics & Computer Distribution,3,False,✅,❌,❌,✅,✅,31.65,36.2,12.6,1.47,18.9,0.935,1.178,0.794
OR,Basic Materials,Gold,3,False,✅,❌,❌,✅,✅,35.78,47.89,25.3,0.6,158.1,0.935,1.178,0.793
RDNT,Healthcare,Diagnostics & Research,3,False,✅,❌,❌,✅,✅,70.79,85.84,17.5,0.88,256.6,0.933,1.178,0.792
WRLD,Financial Services,Credit Services,3,False,✅,❌,❌,✅,✅,171.99,227.68,24.5,0.66,99.9,0.933,1.178,0.792
GGG,Industrials,Specialty Industrial Machinery,3,False,❌,✅,❌,✅,✅,77.86,94.99,18.0,0.92,626.3,0.932,1.178,0.791
STRA,Consumer Defensive,Education & Training Services,3,False,✅,❌,❌,✅,✅,76.83,89.07,13.7,0.97,109.2,0.931,1.178,0.79
RJET,Industrials,Airlines,3,False,❌,✅,❌,✅,✅,18.7,26.7,30.0,0.53,13.1,0.93,1.178,0.79
RLI,Financial Services,Insurance - Property & Casualty,3,False,✅,❌,❌,✅,✅,55.69,66.81,16.6,0.94,238.6,0.93,1.178,0.79
MKTX,Financial Services,Capital Markets,3,False,❌,✅,❌,✅,✅,164.19,193.96,15.3,0.98,669.3,0.929,1.178,0.789
HEAL,その他,,3,False,✅,✅,❌,❌,✅,29.32,33.51,12.5,0.96,1.1,0.927,1.178,0.787
LPLA,Financial Services,Capital Markets,3,False,✅,❌,❌,✅,✅,314.36,399.03,21.2,1.37,1313.7,0.927,1.178,0.786
MH,Consumer Defensive,Education & Training Services,3,False,❌,✅,❌,✅,✅,12.73,18.0,29.3,0.98,37.8,0.926,1.178,0.786
XRX,Industrials,Business Equipment & Supplies,3,False,✅,❌,❌,✅,✅,3.32,3.82,13.2,0.52,58.8,0.926,1.178,0.786
RJF,Financial Services,Asset Management,3,False,✅,❌,❌,✅,✅,159.87,182.73,12.5,1.16,1045.3,0.922,1.178,0.783
BCO,Industrials,Security & Protection Services,3,False,✅,❌,❌,✅,✅,106.82,135.75,21.3,0.72,252.2,0.921,1.178,0.782
SRI,Consumer Cyclical,Auto Parts,3,False,✅,✅,❌,❌,✅,6.93,9.71,28.6,0.96,6.9,0.92,1.178,0.781
NEXN,Communication Services,Advertising Agencies,3,False,✅,❌,❌,✅,✅,8.7,11.3,23.0,0.82,19.4,0.919,1.178,0.78
RXI,その他,,3,False,❌,✅,❌,✅,✅,187.32,212.57,11.9,1.06,15.5,0.919,1.178,0.781
TXT,Industrials,Aerospace & Defense,3,False,❌,✅,❌,✅,✅,76.59,101.5,24.5,1.14,668.2,0.918,1.178,0.779
HQY,Healthcare,Health Information Services,3,False,✅,❌,❌,✅,✅,88.25,107.62,18.0,1.13,410.2,0.914,1.178,0.776
SGHC,Consumer Cyclical,Gambling,3,False,✅,❌,❌,✅,✅,11.97,15.8,24.2,0.97,195.9,0.914,1.178,0.776
HOG,Consumer Cyclical,Recreational Vehicles,3,False,✅,❌,❌,✅,✅,25.45,28.66,11.2,0.83,289.4,0.913,1.178,0.775
SFBC,Financial Services,Banks - Regional,3,False,✅,✅,❌,❌,✅,42.72,49.21,13.2,0.2,2.4,0.912,1.178,0.774
FWONA,Communication Services,Entertainment,3,False,✅,❌,❌,✅,✅,86.46,99.52,13.1,1.21,68.5,0.91,1.178,0.773
APAM,Financial Services,Asset Management,3,False,✅,❌,❌,✅,✅,36.16,44.7,19.1,0.91,151.2,0.908,1.178,0.771
SSNC,Technology,Software - Application,3,False,✅,❌,❌,✅,✅,78.61,88.93,11.6,0.78,689.1,0.908,1.178,0.77
COF,Financial Services,Credit Services,3,False,✅,❌,❌,✅,✅,200.2,256.64,22.0,0.91,4045.3,0.907,1.178,0.77
GFL,Industrials,Waste Management,3,False,❌,✅,❌,✅,✅,42.27,47.62,11.2,1.05,507.5,0.907,1.178,0.77
SHLD,その他,,3,False,❌,✅,❌,✅,✅,61.46,78.24,21.4,2.42,453.0,0.907,1.178,0.77
SUPN,Healthcare,Drug Manufacturers - Specialty & Generic,3,False,❌,✅,❌,✅,✅,42.66,59.68,28.5,0.82,170.4,0.907,1.178,0.77
ICFI,Industrials,Consulting Services,3,False,✅,❌,❌,✅,✅,83.56,97.47,14.3,0.76,92.4,0.905,1.178,0.768
PERI,Communication Services,Internet Content & Information,3,False,❌,✅,❌,✅,✅,8.59,11.27,23.8,0.5,21.4,0.905,1.178,0.768
ENR,Industrials,Electrical Equipment & Parts,3,False,✅,❌,❌,✅,✅,22.0,24.56,10.4,0.87,103.6,0.904,1.178,0.767
FWONK,Communication Services,Entertainment,3,False,✅,❌,❌,✅,✅,94.61,109.36,13.5,1.55,946.9,0.902,1.178,0.765
PMVP,Healthcare,Biotechnology,3,False,✅,✅,❌,❌,✅,1.33,1.88,29.3,0.89,2.8,0.899,1.178,0.763
PRMB,Consumer Defensive,Beverages - Non-Alcoholic,3,False,❌,✅,❌,✅,✅,19.5,26.07,25.2,0.98,416.3,0.899,1.178,0.763
CNNE,Consumer Cyclical,Restaurants,3,False,✅,❌,❌,✅,✅,15.74,18.22,13.6,1.18,34.3,0.897,1.178,0.761
TWFG,Financial Services,Insurance Brokers,3,False,✅,❌,❌,✅,✅,24.15,31.3,22.8,1.33,21.9,0.894,1.178,0.759
ALLE,Industrials,Security & Protection Services,3,False,✅,❌,❌,✅,✅,154.47,181.03,14.7,0.86,866.3,0.893,1.178,0.758
PD,Technology,Software - Application,3,False,✅,❌,❌,✅,✅,14.38,16.91,15.0,0.92,91.6,0.892,1.178,0.757
CARS,Communication Services,Internet Content & Information,3,False,✅,❌,❌,✅,✅,10.9,13.69,20.4,1.02,37.4,0.891,1.178,0.756
WEBL,その他,,3,False,✅,❌,❌,✅,✅,29.28,34.45,15.0,0.29,24.0,0.89,1.178,0.756
EPAC,Industrials,Specialty Industrial Machinery,3,False,❌,✅,❌,✅,✅,35.7,45.0,20.7,0.89,79.3,0.889,1.178,0.755
MED,Consumer Cyclical,Personal Services,3,False,❌,✅,❌,✅,✅,12.17,14.15,14.0,0.68,10.5,0.888,1.178,0.753
OC,Industrials,Building Products & Equipment,3,False,✅,❌,❌,✅,✅,123.91,159.88,22.5,0.99,709.2,0.888,1.178,0.754
TKC,Communication Services,Telecom Services,3,False,❌,✅,❌,✅,✅,5.17,7.18,28.0,0.74,56.5,0.887,1.178,0.753
FIZZ,Consumer Defensive,Beverages - Non-Alcoholic,3,False,❌,✅,❌,✅,✅,29.67,34.54,14.1,0.9,65.8,0.885,1.178,0.751
GME,Consumer Cyclical,Specialty Retail,3,False,❌,✅,❌,✅,✅,23.39,28.1,16.8,1.95,666.9,0.885,1.178,0.751
CCEL,Healthcare,Medical Care Facilities,3,False,✅,✅,❌,❌,✅,4.24,4.9,13.5,0.56,0.3,0.883,1.178,0.75
HRB,Consumer Cyclical,Personal Services,3,False,✅,❌,❌,✅,✅,42.19,58.14,27.4,1.01,459.2,0.882,1.178,0.749
NTNX,Technology,Software - Infrastructure,3,False,✅,❌,❌,✅,✅,68.03,78.45,13.3,0.67,925.5,0.882,1.178,0.749
LEVI,Consumer Cyclical,Apparel Manufacturing,3,False,❌,✅,❌,✅,✅,19.73,25.7,23.2,0.94,278.6,0.88,1.178,0.747
BHC,Healthcare,Drug Manufacturers - Specialty & Generic,3,False,❌,✅,❌,✅,✅,5.69,8.0,28.9,0.59,84.2,0.878,1.178,0.745
LOVE,Consumer Cyclical,"Furnishings, Fixtures & Appliances",3,False,❌,✅,❌,✅,✅,15.19,19.25,21.1,1.23,17.5,0.877,1.178,0.744
AFYA,Consumer Defensive,Education & Training Services,3,False,❌,✅,❌,✅,✅,13.0,16.16,19.6,2.74,10.6,0.876,1.178,0.743
PCTY,Technology,Software - Application,3,False,✅,❌,❌,✅,✅,143.35,164.27,12.7,1.01,455.9,0.876,1.178,0.743
RPM,Basic Materials,Specialty Chemicals,3,False,❌,✅,❌,✅,✅,100.44,120.52,16.7,0.81,535.2,0.876,1.178,0.743
FUL,Basic Materials,Specialty Chemicals,3,False,❌,✅,❌,✅,✅,50.06,68.05,26.4,1.79,212.9,0.875,1.178,0.743
RACE,Consumer Cyclical,Auto Manufacturers,3,False,✅,❌,❌,✅,✅,411.33,498.73,17.5,0.78,925.4,0.875,1.178,0.743
VSTM,Healthcare,Biotechnology,3,False,✅,❌,❌,✅,✅,7.74,10.82,28.5,0.92,65.7,0.871,1.178,0.739
WTW,Financial Services,Insurance Brokers,3,False,✅,❌,❌,✅,✅,293.99,351.51,16.4,0.87,862.4,0.871,1.178,0.739
LKFT,Healthcare,Biotechnology,3,False,❌,✅,❌,✅,✅,29.38,37.78,22.2,1.83,30.9,0.87,1.178,0.738
SLM,Financial Services,Credit Services,3,False,✅,❌,❌,✅,✅,23.66,30.52,22.5,0.86,291.7,0.867,1.178,0.736
ACIC,Financial Services,Insurance - Property & Casualty,3,False,❌,✅,❌,✅,✅,9.4,12.82,26.7,1.25,14.4,0.863,1.178,0.733
GDOT,Financial Services,Credit Services,3,False,✅,❌,❌,✅,✅,12.25,14.46,15.3,1.36,26.5,0.863,1.178,0.732
NPB,Financial Services,Banks - Regional,3,False,❌,✅,❌,✅,✅,15.37,19.68,21.9,1.42,16.7,0.863,1.178,0.733
OMDA,Healthcare,Health Information Services,3,False,✅,❌,❌,✅,✅,19.66,26.92,27.0,0.71,129.8,0.863,1.178,0.733
SLGN,Consumer Cyclical,Packaging & Containers,3,False,❌,✅,❌,✅,✅,35.91,48.78,26.4,1.76,225.3,0.863,1.178,0.732
NU,Financial Services,Banks - Regional,3,False,❌,✅,❌,✅,✅,13.59,18.98,28.4,0.82,4839.4,0.861,1.178,0.731
USLM,Basic Materials,Building Materials,3,False,❌,✅,❌,✅,✅,111.4,141.29,21.2,0.79,102.3,0.86,1.178,0.73
VG,Energy,Oil & Gas Midstream,3,False,✅,❌,❌,✅,✅,12.62,17.55,28.1,1.17,979.8,0.858,1.178,0.728
GALT,Healthcare,Biotechnology,3,False,✅,✅,❌,✅,❌,3.9,7.13,45.3,0.37,10.4,0.857,1.178,0.728
INTA,Technology,Software - Application,3,False,✅,❌,❌,✅,✅,36.1,47.93,24.7,0.57,121.8,0.857,1.178,0.728
MSFL,その他,,3,False,✅,❌,❌,✅,✅,26.71,36.1,26.0,0.27,123.7,0.857,1.178,0.728
CAG,Consumer Defensive,Packaged Foods,3,False,❌,✅,❌,✅,✅,14.32,19.6,26.9,0.68,1039.3,0.85,1.178,0.722
HHH,Real Estate,Real Estate - Development,3,False,❌,✅,❌,✅,✅,68.43,91.07,24.9,2.0,152.7,0.85,1.178,0.721
RRR,Consumer Cyclical,Resorts & Casinos,3,False,❌,✅,❌,✅,✅,50.76,67.79,25.1,2.11,238.2,0.85,1.178,0.721
AVPT,Technology,Software - Infrastructure,3,False,✅,❌,❌,✅,✅,13.0,15.58,16.6,0.78,122.6,0.847,1.178,0.719
AWI,Industrials,Building Products & Equipment,3,False,❌,✅,❌,✅,✅,162.81,204.83,20.5,0.75,344.0,0.846,1.178,0.718
BANF,Financial Services,Banks - Regional,3,False,❌,✅,❌,✅,✅,108.71,129.64,16.1,0.96,83.9,0.846,1.178,0.718
GTN,Communication Services,Broadcasting,3,False,✅,❌,❌,✅,✅,4.58,6.21,26.2,0.83,25.6,0.846,1.178,0.718
MSFU,その他,,3,False,✅,❌,❌,✅,✅,39.82,54.49,26.9,0.6,872.2,0.846,1.178,0.718
APOG,Industrials,Building Products & Equipment,3,False,❌,✅,❌,✅,✅,37.15,50.53,26.5,1.05,46.5,0.843,1.178,0.716
CDW,Technology,Information Technology Services,3,False,✅,❌,❌,✅,✅,135.43,163.67,17.3,0.8,1254.6,0.841,1.178,0.714
SEER,Healthcare,Biotechnology,3,False,✅,✅,❌,❌,✅,1.91,2.41,20.7,0.36,7.6,0.841,1.178,0.714
GRNT,Energy,Oil & Gas E&P,3,False,❌,✅,❌,✅,✅,4.44,5.88,24.5,1.1,25.2,0.84,1.178,0.713
AGIO,Healthcare,Biotechnology,3,False,✅,❌,❌,✅,✅,32.58,46.0,29.2,1.03,169.0,0.837,1.178,0.71
VTEX,Technology,Software - Application,3,False,❌,✅,❌,✅,✅,3.61,4.62,21.9,0.68,21.3,0.836,1.178,0.709
CARG,Consumer Cyclical,Auto & Truck Dealerships,3,False,✅,❌,❌,✅,✅,31.3,41.22,24.1,1.27,194.9,0.835,1.178,0.709
PJT,Financial Services,Capital Markets,3,False,✅,❌,❌,✅,✅,151.77,194.71,22.1,1.1,334.4,0.835,1.178,0.709
SWIM,Industrials,Building Products & Equipment,3,False,✅,✅,❌,✅,❌,6.24,8.97,30.3,0.93,25.0,0.83,1.178,0.705
TBCH,Technology,Consumer Electronics,3,False,❌,✅,❌,✅,✅,12.74,17.39,26.7,0.86,20.7,0.829,1.178,0.704
DOCU,Technology,Software - Application,3,False,✅,❌,❌,✅,✅,67.5,82.44,18.1,0.92,963.6,0.828,1.178,0.703
PYPL,Financial Services,Credit Services,3,False,❌,✅,❌,✅,✅,55.04,78.34,29.7,1.04,3700.8,0.827,1.178,0.702
PAYX,Technology,Software - Application,3,False,✅,❌,❌,✅,✅,101.37,127.98,20.8,1.53,1655.5,0.825,1.178,0.701
CHPT,Consumer Cyclical,Specialty Retail,3,False,❌,✅,❌,✅,✅,8.93,12.61,29.2,1.15,56.5,0.824,1.178,0.699
INGR,Consumer Defensive,Packaged Foods,3,False,❌,✅,❌,✅,✅,96.72,121.53,20.4,0.81,375.7,0.824,1.178,0.699
STC,Financial Services,Insurance - Property & Casualty,3,False,❌,✅,❌,✅,✅,59.19,76.16,22.3,1.37,72.7,0.822,1.178,0.698
BILL,Technology,Software - Application,3,False,✅,❌,❌,✅,✅,44.25,57.21,22.7,0.64,498.2,0.817,1.178,0.693
AVS,その他,,3,False,❌,✅,❌,✅,✅,8.19,10.84,24.4,0.81,441.3,0.808,1.178,0.686
UVV,Consumer Defensive,Tobacco,3,False,❌,✅,❌,✅,✅,42.47,57.51,26.2,1.23,68.8,0.803,1.178,0.682
EDIT,Healthcare,Biotechnology,3,False,✅,✅,❌,✅,❌,2.58,4.54,43.1,1.2,38.7,0.796,1.178,0.676
IIIN,Industrials,Metal Fabrication,3,False,❌,✅,❌,✅,✅,29.48,38.34,23.1,0.49,37.9,0.794,1.178,0.674
CVSA,Consumer Defensive,Education & Training Services,3,False,✅,❌,❌,✅,✅,120.75,156.26,22.7,1.14,207.8,0.793,1.178,0.674
IMXI,Technology,Software - Infrastructure,3,False,❌,✅,❌,✅,✅,11.25,15.95,29.5,1.55,42.3,0.792,1.178,0.672
AIRJ,Industrials,Building Products & Equipment,3,False,✅,✅,❌,✅,❌,4.09,6.75,39.4,0.55,34.7,0.788,1.178,0.669
EVER,Communication Services,Internet Content & Information,3,False,✅,✅,❌,✅,❌,18.64,28.73,35.1,2.6,79.4,0.788,1.178,0.669
LBTYK,Communication Services,Telecom Services,3,False,❌,✅,❌,✅,✅,9.26,13.12,29.4,1.37,70.4,0.782,1.178,0.664
AQST,Healthcare,Drug Manufacturers - Specialty & Generic,3,False,✅,✅,❌,✅,❌,4.68,7.55,38.0,0.99,52.1,0.781,1.178,0.663
VRNS,Technology,Software - Infrastructure,3,False,✅,❌,❌,✅,✅,46.25,63.9,27.6,0.77,384.3,0.777,1.178,0.659
KBH,Consumer Cyclical,Residential Construction,3,False,❌,✅,❌,✅,✅,48.01,66.94,28.3,2.1,326.5,0.772,1.178,0.655
RM,Financial Services,Credit Services,3,False,❌,✅,❌,✅,✅,30.82,43.91,29.8,0.93,13.3,0.772,1.178,0.655
PRGO,Healthcare,Drug Manufacturers - Specialty & Generic,3,False,❌,✅,❌,✅,✅,15.42,21.16,27.1,1.14,177.9,0.77,1.178,0.653
AN,Consumer Cyclical,Auto & Truck Dealerships,3,False,❌,✅,❌,✅,✅,166.98,235.81,29.2,1.25,408.6,0.767,1.178,0.651
GEN,Technology,Software - Infrastructure,3,False,✅,✅,❌,✅,❌,21.62,31.65,31.7,2.69,872.2,0.766,1.178,0.65
CVLT,Technology,Software - Application,3,False,✅,❌,❌,✅,✅,145.54,196.88,26.1,0.78,438.4,0.765,1.178,0.649
CXT,Industrials,Specialty Industrial Machinery,3,False,❌,✅,❌,✅,✅,47.72,67.99,29.8,0.84,180.8,0.744,1.178,0.632
NTSK,Technology,Software - Infrastructure,3,False,❌,✅,❌,✅,✅,17.67,24.98,29.3,1.17,366.2,0.729,1.178,0.619
TASK,Technology,Information Technology Services,3,False,❌,✅,❌,✅,✅,8.2,11.69,29.9,0.94,20.3,0.706,1.178,0.6
CLPT,Healthcare,Medical Devices,3,False,✅,✅,❌,✅,❌,14.83,30.1,50.7,0.93,50.3,0.688,1.178,0.584
SVV,Consumer Cyclical,Specialty Retail,3,False,✅,✅,❌,✅,❌,9.34,13.88,32.7,1.19,61.5,0.681,1.178,0.578
TMCI,Healthcare,Medical Devices,3,False,✅,✅,❌,✅,❌,4.5,7.08,36.4,0.49,11.6,0.676,1.178,0.574
ARCT,Healthcare,Biotechnology,3,False,✅,✅,❌,✅,❌,13.85,24.17,42.7,1.44,40.8,0.625,1.178,0.53
VOR,Healthcare,Biotechnology,3,False,✅,✅,❌,✅,❌,18.52,49.95,62.9,1.82,102.8,0.551,1.178,0.468
ENGS,Industrials,Waste Management,3,False,✅,✅,❌,✅,❌,2.94,12.48,76.4,3.38,14.4,0.446,1.178,0.379
GTBP,Healthcare,Biotechnology,2,False,✅,❌,✅,❌,❌,6.89,11.98,42.5,0.06,2.9,8.971,1.178,7.615
OPTX,Technology,Electronic Components,2,False,❌,❌,✅,✅,❌,7.4,14.92,50.4,0.72,33.1,4.774,1.178,4.053
SOXL,その他,,2,False,❌,❌,✅,✅,❌,151.45,301.8,49.8,1.04,48276.9,4.455,1.178,3.781
AAOI,Technology,Communication Equipment,2,False,❌,❌,✅,✅,❌,101.4,233.67,56.6,0.63,7289.1,3.935,1.178,3.34
ANTX,Healthcare,Biotechnology,2,False,✅,❌,✅,❌,❌,4.88,7.19,32.1,0.94,6.6,3.904,1.178,3.314
RLYB,Healthcare,Biotechnology,2,False,✅,❌,✅,❌,❌,16.62,17.57,5.4,0.18,3.1,3.777,1.178,3.206
VELO,Technology,Computer Hardware,2,False,❌,❌,✅,✅,❌,11.29,31.75,64.4,0.37,245.1,3.751,1.178,3.184
AP,Industrials,Metal Fabrication,2,False,❌,✅,✅,❌,❌,8.64,12.81,32.6,0.77,6.8,3.57,1.178,3.031
HYMC,Basic Materials,Gold,2,False,❌,❌,✅,✅,❌,21.48,58.73,63.4,0.91,254.0,3.545,1.178,3.009
ALTO,Basic Materials,Specialty Chemicals,2,False,❌,❌,✅,✅,❌,3.73,6.11,39.0,0.47,50.5,3.422,1.178,2.905
ICHR,Technology,Semiconductor Equipment & Materials,2,False,❌,❌,✅,✅,❌,57.94,113.58,49.0,0.66,366.4,3.353,1.178,2.846
NFE,Energy,Oil & Gas Midstream,2,False,✅,❌,✅,❌,❌,6.82,14.46,52.8,0.41,9.9,3.232,1.178,2.744
UCTT,Technology,Semiconductor Equipment & Materials,2,False,❌,❌,✅,✅,❌,77.69,144.22,46.1,0.65,533.7,2.912,1.178,2.472
COHR,Technology,Scientific & Technical Instruments,2,False,❌,❌,✅,✅,❌,295.83,440.0,32.8,1.03,9797.0,2.765,1.178,2.347
NDLS,Consumer Cyclical,Restaurants,2,False,✅,❌,✅,❌,❌,12.61,19.0,33.6,0.67,3.3,2.542,1.178,2.158
CIEN,Technology,Communication Equipment,2,False,❌,❌,✅,✅,❌,356.91,637.51,44.0,0.81,5405.8,2.515,1.178,2.135
AIP,Technology,Semiconductors,2,False,❌,❌,✅,✅,❌,23.89,50.26,52.5,0.74,141.2,2.468,1.178,2.095
MRAM,Technology,Semiconductors,2,False,❌,❌,✅,✅,❌,18.47,51.5,64.1,0.44,319.5,2.247,1.178,1.907
NOK,Technology,Communication Equipment,2,False,❌,❌,✅,✅,❌,10.39,17.45,40.5,0.82,5611.2,2.23,1.178,1.893
VPG,Technology,Scientific & Technical Instruments,2,False,❌,❌,✅,✅,❌,71.63,151.78,52.8,0.66,276.1,2.225,1.178,1.889
MTSI,Technology,Semiconductors,2,False,❌,❌,✅,✅,❌,285.57,418.9,31.8,0.8,2404.5,2.207,1.178,1.873
TRT,Technology,Semiconductor Equipment & Materials,2,False,❌,❌,✅,✅,❌,6.22,21.38,70.9,1.68,40.1,2.177,1.178,1.848
MKSI,Technology,Scientific & Technical Instruments,2,False,❌,❌,✅,✅,❌,260.82,447.2,41.7,1.01,2045.8,2.15,1.178,1.825
SIDU,Industrials,Aerospace & Defense,2,False,❌,❌,✅,✅,❌,2.12,6.79,68.8,0.31,215.1,2.099,1.178,1.782
BNR,Healthcare,Diagnostics & Research,2,False,❌,✅,✅,❌,❌,18.6,41.72,55.4,1.82,1.5,2.083,1.178,1.768
BNAI,Technology,Software - Infrastructure,2,False,❌,❌,✅,✅,❌,6.17,86.28,92.8,0.4,30.4,2.064,1.178,1.752
KOD,Healthcare,Biotechnology,2,False,❌,❌,✅,✅,❌,32.35,47.84,32.4,1.79,128.3,2.047,1.178,1.738
ROLR,Consumer Cyclical,Gambling,2,False,✅,❌,✅,❌,❌,5.9,33.68,82.5,0.13,7.9,2.034,1.178,1.726
GLW,Technology,Electronic Components,2,False,❌,❌,✅,✅,❌,156.74,271.27,42.2,0.52,10799.4,1.993,1.178,1.691
DGXX,Utilities,Utilities - Independent Power Producers,2,False,❌,❌,✅,✅,❌,4.59,9.2,50.1,0.48,190.7,1.978,1.178,1.679
POWL,Industrials,Electrical Equipment & Parts,2,False,❌,❌,✅,✅,❌,189.53,327.74,42.2,0.7,780.3,1.958,1.178,1.662
NVTS,Technology,Semiconductors,2,False,❌,❌,✅,✅,❌,12.2,34.17,64.3,0.49,1933.2,1.897,1.178,1.611
STM,Technology,Semiconductors,2,False,❌,❌,✅,✅,❌,51.93,81.19,36.0,0.85,3231.2,1.872,1.178,1.589
SVRN,Industrials,Marine Shipping,2,False,❌,✅,✅,❌,❌,47.26,52.0,9.1,6.15,6.5,1.846,1.178,1.567
RHLD,Industrials,Specialty Business Services,2,False,❌,❌,✅,✅,❌,125.38,236.19,46.9,0.67,102.2,1.84,1.178,1.562
SATL,Industrials,Aerospace & Defense,2,False,❌,❌,✅,✅,❌,6.17,12.0,48.6,0.82,224.3,1.839,1.178,1.561
NVA,Basic Materials,Other Industrial Metals & Mining,2,False,❌,✅,✅,❌,❌,5.6,16.28,65.6,1.36,9.8,1.83,1.178,1.553
VRT,Industrials,Electrical Equipment & Parts,2,False,❌,❌,✅,✅,❌,253.28,379.76,33.3,0.71,8165.4,1.829,1.178,1.553
VRTL,その他,,2,False,❌,❌,✅,✅,❌,25.02,73.0,65.7,0.86,43.4,1.826,1.178,1.55
BWAY,Healthcare,Medical Devices,2,False,❌,❌,✅,❌,✅,13.31,17.4,23.5,0.79,8.8,1.816,1.178,1.541
KLAC,Technology,Semiconductor Equipment & Materials,2,False,❌,❌,✅,✅,❌,187.92,307.02,38.8,0.76,11652.5,1.775,1.178,1.507
WATT,Technology,Communication Equipment,2,False,❌,❌,✅,✅,❌,13.95,36.98,62.3,0.84,23.1,1.762,1.178,1.496
GLSI,Healthcare,Biotechnology,2,False,❌,❌,✅,✅,❌,18.22,34.1,46.6,0.81,13.5,1.752,1.178,1.487
ZNTL,Healthcare,Biotechnology,2,False,❌,❌,✅,✅,❌,2.7,6.95,61.2,0.97,21.9,1.742,1.178,1.479
PUMP,Energy,Oil & Gas Equipment & Services,2,False,❌,❌,✅,✅,❌,9.59,18.5,48.2,0.92,274.9,1.737,1.178,1.475
DHX,Technology,Software - Application,2,False,✅,❌,✅,❌,❌,4.73,5.19,8.9,1.11,4.5,1.726,1.178,1.465
TE,Industrials,Electrical Equipment & Parts,2,False,❌,❌,✅,✅,❌,3.78,12.49,69.7,0.63,1141.5,1.718,1.178,1.458
DBI,Consumer Cyclical,Footwear & Accessories,2,False,❌,❌,✅,✅,❌,6.13,9.02,32.1,1.02,19.3,1.71,1.178,1.451
VECO,Technology,Semiconductor Equipment & Materials,2,False,❌,❌,✅,✅,❌,49.67,86.63,42.7,0.67,319.9,1.663,1.178,1.412
LGN,Industrials,Engineering & Construction,2,False,❌,❌,✅,✅,❌,52.52,107.24,51.0,0.49,454.5,1.658,1.178,1.408
OSS,Technology,Computer Hardware,2,False,❌,❌,✅,✅,❌,9.28,20.88,55.6,0.5,78.5,1.651,1.178,1.402
GHM,Industrials,Specialty Industrial Machinery,2,False,❌,❌,✅,✅,❌,87.21,125.82,30.7,0.67,117.7,1.63,1.178,1.383
PALI,Healthcare,Biotechnology,2,False,❌,❌,✅,✅,❌,1.45,2.86,49.3,1.42,27.1,1.611,1.178,1.368
GGLL,その他,,2,False,❌,❌,✅,✅,❌,99.53,151.33,34.2,1.19,759.6,1.608,1.178,1.365
ELA,Consumer Cyclical,Luxury Goods,2,False,❌,❌,✅,✅,❌,12.54,29.68,57.7,0.62,12.6,1.606,1.178,1.363
NERV,Healthcare,Biotechnology,2,False,❌,✅,✅,❌,❌,3.4,12.46,72.7,0.61,4.8,1.604,1.178,1.361
RKLB,Industrials,Aerospace & Defense,2,False,❌,❌,✅,✅,❌,73.95,151.0,51.0,1.0,10272.5,1.599,1.178,1.357
RDZN,Technology,Software - Application,2,False,❌,✅,✅,❌,❌,1.4,2.56,45.3,0.93,3.4,1.587,1.178,1.347
DWSN,Energy,Oil & Gas Equipment & Services,2,False,❌,✅,✅,❌,❌,2.89,7.85,63.2,0.28,3.5,1.579,1.178,1.341
HBNB,Real Estate,Real Estate Services,2,False,❌,✅,✅,❌,❌,4.72,10.43,54.7,1.64,0.1,1.579,1.178,1.34
BMA,Financial Services,Banks - Regional,2,False,❌,❌,✅,✅,❌,68.86,103.0,33.1,0.95,111.8,1.578,1.178,1.34
CRVS,Healthcare,Biotechnology,2,False,❌,❌,✅,✅,❌,11.62,26.95,56.9,0.81,79.8,1.572,1.178,1.335
PKBK,Financial Services,Banks - Regional,2,False,✅,❌,✅,❌,❌,33.77,35.7,5.4,0.53,9.6,1.572,1.178,1.335
LAR,Basic Materials,Other Industrial Metals & Mining,2,False,❌,❌,✅,✅,❌,5.52,12.05,54.2,0.6,74.7,1.559,1.178,1.324
SQM,Basic Materials,Specialty Chemicals,2,False,❌,❌,✅,✅,❌,66.89,96.16,30.4,0.92,374.0,1.558,1.178,1.323
TECX,Healthcare,Biotechnology,2,False,❌,❌,✅,✅,❌,23.67,39.53,40.1,0.87,30.2,1.557,1.178,1.322
LION,その他,,2,False,❌,❌,✅,✅,❌,10.85,16.7,35.0,1.12,202.6,1.55,1.178,1.316
LUNR,Industrials,Aerospace & Defense,2,False,❌,❌,✅,✅,❌,15.61,46.75,66.6,0.75,1327.5,1.549,1.178,1.315
CIFR,Technology,Information Technology Services,2,False,❌,❌,✅,✅,❌,17.73,30.14,41.2,1.11,2865.7,1.546,1.178,1.312
NXTG,その他,,2,False,✅,❌,✅,❌,❌,156.57,166.28,5.8,0.4,7.8,1.543,1.178,1.31
ON,Technology,Semiconductors,2,False,❌,❌,✅,✅,❌,77.2,134.92,42.8,1.02,5048.3,1.539,1.178,1.306
CVLG,Industrials,Trucking,2,False,❌,❌,✅,✅,❌,32.47,49.78,34.8,0.74,38.8,1.517,1.178,1.288
TDAY,Communication Services,Publishing,2,False,❌,❌,✅,✅,❌,6.42,9.21,30.3,0.85,69.3,1.514,1.178,1.285
PFAI,Consumer Defensive,Farm Products,2,False,❌,✅,✅,❌,❌,2.99,4.93,39.4,0.07,0.1,1.512,1.178,1.283
LBRT,Energy,Oil & Gas Equipment & Services,2,False,❌,❌,✅,✅,❌,18.94,34.23,44.7,1.07,440.3,1.51,1.178,1.281
DIBS,Communication Services,Internet Content & Information,2,False,❌,✅,✅,❌,❌,3.97,6.62,40.1,0.72,4.2,1.504,1.178,1.276
MTLS,Technology,Software - Application,2,False,✅,❌,✅,❌,❌,8.43,8.54,1.3,1.9,4.5,1.5,1.178,1.273
FSEA,Financial Services,Banks - Regional,2,False,✅,❌,✅,❌,❌,17.24,17.24,0.0,0.45,1.2,1.499,1.178,1.273
LWLG,Basic Materials,Specialty Chemicals,2,False,❌,❌,✅,✅,❌,5.31,18.71,71.6,0.63,187.0,1.483,1.178,1.259
ASTI,Technology,Solar,2,False,❌,❌,✅,✅,❌,2.92,9.87,70.4,0.26,29.0,1.482,1.178,1.258
SVCO,Technology,Software - Application,2,False,❌,❌,✅,✅,❌,8.36,14.39,41.9,1.17,22.3,1.474,1.178,1.252
MYRG,Industrials,Engineering & Construction,2,False,❌,❌,✅,✅,❌,292.58,503.57,41.9,0.93,523.6,1.473,1.178,1.25
DGRE,その他,,2,False,✅,❌,✅,❌,❌,41.48,43.24,4.1,1.73,2.1,1.471,1.178,1.249
KGS,Energy,Oil & Gas Equipment & Services,2,False,❌,❌,✅,✅,❌,52.91,77.1,31.4,1.03,611.4,1.471,1.178,1.248
GSIT,Technology,Semiconductors,2,False,❌,❌,✅,✅,❌,5.61,18.15,69.1,0.33,47.0,1.461,1.178,1.24
ABX,Financial Services,Insurance - Life,2,False,❌,❌,✅,✅,❌,8.29,12.44,33.4,1.74,27.9,1.456,1.178,1.236
NKSH,Financial Services,Banks - Regional,2,False,✅,❌,✅,❌,❌,42.37,43.31,2.2,0.72,6.4,1.453,1.178,1.233
WULF,Financial Services,Capital Markets,2,False,❌,❌,✅,✅,❌,15.74,29.84,47.3,0.88,2973.8,1.453,1.178,1.234
CV,Healthcare,Medical Devices,2,False,❌,✅,✅,❌,❌,6.65,15.37,56.7,1.62,5.3,1.452,1.178,1.232
GPCR,Healthcare,Biotechnology,2,False,❌,❌,✅,✅,❌,35.93,94.9,62.1,1.69,175.6,1.437,1.178,1.22
ASTC,Technology,Scientific & Technical Instruments,2,False,❌,❌,✅,✅,❌,7.16,68.85,89.6,0.02,617.7,1.431,1.178,1.215
PL,Industrials,Aerospace & Defense,2,False,❌,❌,✅,✅,❌,17.43,51.76,66.3,1.05,1472.3,1.429,1.178,1.213
PEBK,Financial Services,Banks - Regional,2,False,✅,❌,✅,❌,❌,43.24,45.56,5.1,0.64,7.2,1.423,1.178,1.208
ATEN,Technology,Software - Infrastructure,2,False,❌,❌,✅,✅,❌,25.73,38.41,33.0,0.7,176.7,1.42,1.178,1.206
FIEE,Technology,Communication Equipment,2,False,❌,✅,✅,❌,❌,3.85,10.59,63.6,0.03,4.9,1.415,1.178,1.201
HLF,Consumer Defensive,Packaged Foods,2,False,❌,❌,✅,✅,❌,12.55,20.4,38.5,0.9,96.7,1.415,1.178,1.201
CAMT,Technology,Semiconductor Equipment & Materials,2,False,❌,❌,✅,✅,❌,147.05,215.99,31.9,0.69,370.9,1.405,1.178,1.193
ECG,Industrials,Engineering & Construction,2,False,❌,❌,✅,✅,❌,116.94,171.58,31.8,0.66,376.4,1.403,1.178,1.191
ASIC,Financial Services,Insurance - Property & Casualty,2,False,✅,❌,✅,❌,❌,27.15,29.0,6.4,1.2,8.4,1.391,1.178,1.181
SLV,その他,,2,False,❌,❌,✅,✅,❌,58.14,109.83,47.1,0.79,5330.2,1.389,1.178,1.179
HYDR,その他,,2,False,❌,❌,✅,✅,❌,44.63,74.22,39.9,0.27,19.2,1.388,1.178,1.178
LASR,Technology,Semiconductors,2,False,❌,❌,✅,✅,❌,40.33,86.95,53.6,0.52,359.3,1.384,1.178,1.175
BWMX,Consumer Cyclical,Specialty Retail,2,False,❌,❌,✅,❌,✅,16.74,18.89,11.4,0.8,6.1,1.383,1.178,1.174
GFS,Technology,Semiconductors,2,False,❌,❌,✅,✅,❌,49.0,92.19,46.8,1.01,1332.7,1.382,1.178,1.173
DAN,Consumer Cyclical,Auto Parts,2,False,❌,❌,✅,✅,❌,27.14,39.25,30.9,0.96,218.0,1.376,1.178,1.168
AGX,Industrials,Engineering & Construction,2,False,❌,❌,✅,✅,❌,364.29,805.09,54.8,1.28,975.0,1.372,1.178,1.165
CENX,Basic Materials,Aluminum,2,False,❌,❌,✅,✅,❌,38.39,70.43,45.5,0.58,479.2,1.372,1.178,1.164
USAS,Basic Materials,Other Industrial Metals & Mining,2,False,❌,❌,✅,✅,❌,4.83,10.5,54.0,0.91,110.6,1.372,1.178,1.165
PDLB,Financial Services,Banks - Regional,2,False,✅,❌,✅,❌,❌,20.34,21.1,3.6,1.05,7.5,1.369,1.178,1.162
GGAL,Financial Services,Banks - Regional,2,False,❌,❌,✅,✅,❌,38.74,60.3,35.7,0.8,236.4,1.368,1.178,1.161
SGML,Basic Materials,Other Industrial Metals & Mining,2,False,❌,❌,✅,✅,❌,9.58,24.48,60.9,0.88,143.1,1.363,1.178,1.157
SSP,Communication Services,Broadcasting,2,False,❌,❌,✅,✅,❌,2.76,5.39,48.8,0.72,10.6,1.355,1.178,1.15
AMYY,その他,,2,False,✅,❌,✅,❌,❌,13.53,14.48,6.5,1.94,1.5,1.35,1.178,1.146
CODA,Industrials,Aerospace & Defense,2,False,❌,✅,✅,❌,❌,10.78,17.28,37.6,0.79,6.1,1.346,1.178,1.142
SUPV,Financial Services,Banks - Regional,2,False,❌,❌,✅,✅,❌,7.24,13.55,46.6,0.93,28.3,1.341,1.178,1.138
PACB,Healthcare,Medical Devices,2,False,❌,❌,✅,✅,❌,1.62,2.73,40.7,1.33,43.1,1.339,1.178,1.136
QQQS,その他,,2,False,✅,❌,✅,❌,❌,43.05,45.42,5.2,0.8,1.6,1.337,1.178,1.135
OIS,Energy,Oil & Gas Equipment & Services,2,False,❌,❌,✅,✅,❌,8.28,14.5,42.9,0.75,28.1,1.335,1.178,1.134
BKD,Healthcare,Medical Care Facilities,2,False,❌,❌,✅,✅,❌,11.11,17.09,35.0,0.72,302.7,1.332,1.178,1.131
POWI,Technology,Semiconductors,2,False,❌,❌,✅,✅,❌,52.22,90.8,42.5,0.76,312.7,1.328,1.178,1.127
HTLD,Industrials,Trucking,2,False,❌,❌,✅,✅,❌,11.3,16.62,32.0,1.17,45.8,1.327,1.178,1.127
RXO,Industrials,Trucking,2,False,❌,❌,✅,✅,❌,19.79,29.9,33.8,0.82,233.9,1.325,1.178,1.124
AA,Basic Materials,Aluminum,2,False,❌,❌,✅,✅,❌,42.85,84.22,49.1,0.75,1337.4,1.32,1.178,1.121
ALLO,Healthcare,Biotechnology,2,False,❌,❌,✅,✅,❌,1.65,4.46,63.0,0.83,67.3,1.32,1.178,1.12
RDW,Industrials,Aerospace & Defense,2,False,❌,❌,✅,✅,❌,11.62,26.64,56.4,0.49,2071.6,1.316,1.178,1.117
CAMP,Healthcare,Biotechnology,2,False,❌,✅,✅,❌,❌,3.92,7.75,49.4,1.1,4.8,1.315,1.178,1.117
TNDM,Healthcare,Medical Devices,2,False,❌,❌,✅,✅,❌,15.72,29.65,47.0,1.22,188.5,1.31,1.178,1.112
ALGT,Industrials,Airlines,2,False,❌,❌,✅,✅,❌,79.09,123.63,36.0,0.82,254.9,1.306,1.178,1.108
ACTG,Industrials,Business Equipment & Supplies,2,False,❌,❌,✅,❌,✅,4.27,5.27,19.0,0.91,5.2,1.298,1.178,1.102
PUSA,Consumer Cyclical,Leisure,2,False,❌,❌,✅,✅,❌,3.72,8.25,54.9,0.57,22.3,1.296,1.178,1.1
TTC,Industrials,Tools & Accessories,2,False,✅,❌,❌,✅,❌,97.15,104.29,6.8,1.0,373.8,1.296,1.178,1.1
NPK,Industrials,Aerospace & Defense,2,False,✅,❌,❌,✅,❌,144.66,158.17,8.5,0.99,73.0,1.294,1.178,1.098
KELYA,Industrials,Staffing & Employment Services,2,False,✅,❌,❌,✅,❌,16.48,17.67,6.7,0.61,25.8,1.292,1.178,1.096
SSO,その他,,2,False,✅,❌,❌,✅,❌,70.98,72.68,2.3,1.27,1039.5,1.292,1.178,1.097
VABK,Financial Services,Banks - Regional,2,False,✅,✅,❌,❌,❌,48.33,49.65,2.7,1.53,1.6,1.292,1.178,1.097
DXCM,Healthcare,Medical Devices,2,False,✅,❌,❌,✅,❌,86.62,92.59,6.4,0.73,1980.9,1.291,1.178,1.096
PFE,Healthcare,Drug Manufacturers - General,2,False,✅,❌,❌,✅,❌,28.67,29.21,1.8,0.8,4857.1,1.291,1.178,1.096
XSOE,その他,,2,False,✅,❌,❌,✅,❌,47.72,51.38,7.1,0.87,27.2,1.289,1.178,1.094
ECBK,Financial Services,Banks - Regional,2,False,✅,✅,❌,❌,❌,20.7,21.78,5.0,0.66,1.1,1.288,1.178,1.093
KVHI,Communication Services,Telecom Services,2,False,❌,✅,❌,✅,❌,7.39,13.0,43.2,0.44,10.3,1.287,1.178,1.093
THC,Healthcare,Medical Care Facilities,2,False,✅,❌,❌,✅,❌,259.71,283.05,8.2,0.6,1214.6,1.286,1.178,1.091
CYTK,Healthcare,Biotechnology,2,False,❌,❌,❌,✅,✅,64.66,88.31,26.8,0.96,752.8,1.283,1.178,1.089
VHT,その他,,2,False,✅,❌,❌,✅,❌,319.61,329.75,3.1,0.83,339.6,1.283,1.178,1.089
BPOP,Financial Services,Banks - Regional,2,False,✅,❌,❌,✅,❌,160.48,178.26,10.0,0.95,398.6,1.282,1.178,1.088
FDD,その他,,2,False,✅,❌,❌,✅,❌,19.73,20.8,5.1,1.88,13.4,1.281,1.178,1.087
LARK,Financial Services,Banks - Regional,2,False,✅,✅,❌,❌,❌,31.97,34.6,7.6,0.56,1.8,1.281,1.178,1.088
NVII,その他,,2,False,✅,❌,❌,✅,❌,24.53,25.42,3.5,0.49,14.6,1.281,1.178,1.088
XLV,その他,,2,False,✅,❌,❌,✅,❌,170.7,175.93,3.0,0.8,7371.4,1.281,1.178,1.087
TAK,Healthcare,Drug Manufacturers - Specialty & Generic,2,False,✅,❌,❌,✅,❌,18.86,19.1,1.3,0.78,253.6,1.28,1.178,1.086
GSK,Healthcare,Drug Manufacturers - General,2,False,❌,❌,❌,✅,✅,49.24,60.59,18.7,0.93,893.0,1.279,1.178,1.086
PLUS,Technology,Software - Application,2,False,✅,❌,❌,✅,❌,90.51,97.83,7.5,0.74,102.5,1.279,1.178,1.086
ISTR,Financial Services,Banks - Regional,2,False,✅,❌,❌,✅,❌,29.37,31.51,6.8,0.6,22.2,1.277,1.178,1.084
FULT,Financial Services,Banks - Regional,2,False,✅,❌,❌,✅,❌,23.23,25.23,7.9,0.97,201.7,1.276,1.178,1.083
CMI,Industrials,Specialty Industrial Machinery,2,False,❌,❌,❌,✅,✅,525.06,735.02,28.6,1.1,3123.3,1.274,1.178,1.082
WERN,Industrials,Trucking,2,False,❌,✅,❌,✅,❌,32.89,47.49,30.7,0.95,204.8,1.274,1.178,1.082
CACI,Technology,Information Technology Services,2,False,✅,❌,❌,✅,❌,618.32,683.5,9.5,0.75,748.8,1.273,1.178,1.081
DGX,Healthcare,Diagnostics & Research,2,False,✅,❌,❌,✅,❌,236.32,248.84,5.0,1.41,1009.8,1.272,1.178,1.08
MPB,Financial Services,Banks - Regional,2,False,✅,❌,❌,✅,❌,36.31,38.92,6.7,0.51,25.1,1.271,1.178,1.079
BVFL,Financial Services,Banks - Regional,2,False,✅,✅,❌,❌,❌,20.87,22.17,5.9,0.89,1.9,1.27,1.178,1.078
CRON,Healthcare,Drug Manufacturers - Specialty & Generic,2,False,✅,❌,❌,✅,❌,3.34,3.61,7.4,0.57,17.2,1.27,1.178,1.078
EWJ,その他,,2,False,✅,❌,❌,✅,❌,97.93,99.01,1.1,0.9,2150.2,1.27,1.178,1.078
EBF,Industrials,Business Equipment & Supplies,2,False,✅,❌,❌,✅,❌,22.13,22.94,3.5,1.29,15.4,1.269,1.178,1.077
NBN,Financial Services,Banks - Regional,2,False,✅,❌,❌,✅,❌,130.24,142.3,8.5,0.97,80.0,1.269,1.178,1.077
ELV,Healthcare,Healthcare Plans,2,False,✅,❌,❌,✅,❌,396.09,434.35,8.8,0.81,2737.4,1.268,1.178,1.076
QRVO,Technology,Semiconductors,2,False,✅,❌,❌,✅,❌,117.97,121.09,2.6,0.87,602.7,1.268,1.178,1.077
NVDA,Technology,Semiconductors,2,False,✅,❌,❌,✅,❌,225.07,236.0,4.6,0.69,142405.5,1.266,1.178,1.075
MEC,Industrials,Metal Fabrication,2,False,❌,✅,❌,✅,❌,17.16,38.76,55.7,0.94,78.3,1.265,1.178,1.073
BUG,その他,,2,False,✅,❌,❌,✅,❌,44.71,47.31,5.5,1.2,242.7,1.264,1.178,1.073
DFJ,その他,,2,False,✅,❌,❌,✅,❌,117.45,117.96,0.4,0.7,18.3,1.264,1.178,1.073
NBBK,Financial Services,Banks - Regional,2,False,✅,❌,❌,✅,❌,22.6,23.47,3.7,0.87,29.5,1.264,1.178,1.073
CNOB,Financial Services,Banks - Regional,2,False,✅,❌,❌,✅,❌,31.06,33.94,8.5,0.9,63.3,1.263,1.178,1.072
QQQJ,その他,,2,False,✅,❌,❌,✅,❌,44.47,46.73,4.8,1.49,31.3,1.262,1.178,1.071
VONV,その他,,2,False,✅,❌,❌,✅,❌,110.51,113.65,2.8,1.27,414.0,1.262,1.178,1.072
BGC,Financial Services,Capital Markets,2,False,✅,❌,❌,✅,❌,11.84,12.87,8.0,1.2,180.3,1.26,1.178,1.07
PEN,Healthcare,Medical Devices,2,False,❌,❌,❌,✅,✅,318.89,362.41,12.0,1.23,575.4,1.259,1.178,1.068
ILF,その他,,2,False,✅,❌,❌,✅,❌,34.75,38.02,8.6,0.74,407.8,1.258,1.178,1.068
PAM,Industrials,Conglomerates,2,False,❌,❌,❌,✅,✅,77.82,94.5,17.7,0.86,75.9,1.258,1.178,1.068
CFR,Financial Services,Banks - Regional,2,False,✅,❌,❌,✅,❌,157.42,169.71,7.2,0.84,427.8,1.257,1.178,1.067
MAMA,Consumer Defensive,Packaged Foods,2,False,❌,✅,❌,✅,❌,13.35,21.0,36.4,0.99,51.6,1.257,1.178,1.067
MTD,Healthcare,Diagnostics & Research,2,False,✅,❌,❌,✅,❌,1511.64,1541.02,1.9,1.11,1273.6,1.255,1.178,1.065
QQQ,その他,,2,False,✅,❌,❌,✅,❌,744.5,748.35,0.5,0.93,137054.7,1.255,1.178,1.065
QQQM,その他,,2,False,✅,❌,❌,✅,❌,306.54,308.13,0.5,0.82,5018.5,1.255,1.178,1.066
MCHP,Technology,Semiconductors,2,False,❌,❌,❌,✅,✅,78.69,104.75,24.9,0.84,4338.6,1.254,1.178,1.064
NBTB,Financial Services,Banks - Regional,2,False,✅,❌,❌,✅,❌,51.57,54.08,4.6,1.0,83.4,1.254,1.178,1.064
SOLV,Healthcare,Medical Instruments & Supplies,2,False,✅,❌,❌,✅,❌,89.5,94.16,4.9,0.5,551.3,1.254,1.178,1.064
NVDW,その他,,2,False,✅,❌,❌,✅,❌,36.84,39.83,7.5,0.63,10.9,1.253,1.178,1.064
BBJP,その他,,2,False,✅,❌,❌,✅,❌,78.97,79.79,1.0,0.42,530.1,1.252,1.178,1.063
BBY,Consumer Cyclical,Specialty Retail,2,False,✅,❌,❌,✅,❌,90.51,96.53,6.2,0.81,1554.1,1.252,1.178,1.063
NVDY,その他,,2,False,✅,❌,❌,✅,❌,12.59,13.03,3.4,0.55,138.7,1.252,1.178,1.063
LIT,その他,,2,False,❌,❌,❌,✅,✅,69.02,91.59,24.6,0.33,123.5,1.251,1.178,1.062
COM,その他,,2,False,✅,❌,❌,✅,❌,35.08,35.69,1.7,0.86,20.3,1.25,1.178,1.061
EMR,Industrials,Specialty Industrial Machinery,2,False,✅,❌,❌,✅,❌,158.23,166.35,4.9,0.84,1878.9,1.25,1.178,1.061
GORO,Basic Materials,Other Precious Metals & Mining,2,False,❌,✅,❌,✅,❌,3.5,6.56,46.6,1.52,13.8,1.25,1.178,1.061
LYB,Basic Materials,Specialty Chemicals,2,False,❌,❌,❌,✅,✅,58.14,82.22,29.3,0.71,1363.0,1.25,1.178,1.061
AIPI,その他,,2,False,✅,❌,❌,✅,❌,37.62,37.78,0.4,1.77,30.4,1.248,1.178,1.059
SEIC,Financial Services,Asset Management,2,False,✅,❌,❌,✅,❌,105.65,112.15,5.8,1.37,345.7,1.248,1.178,1.059
RYAM,Basic Materials,Chemicals,2,False,❌,❌,❌,✅,✅,8.57,11.85,27.7,0.93,37.6,1.247,1.178,1.059
MEDP,Healthcare,Diagnostics & Research,2,False,✅,❌,❌,✅,❌,618.88,677.9,8.7,0.93,758.5,1.246,1.178,1.057
AZZ,Industrials,Specialty Business Services,2,False,❌,❌,❌,✅,✅,137.17,161.93,15.3,0.87,190.9,1.245,1.178,1.057
ORRF,Financial Services,Banks - Regional,2,False,✅,❌,❌,✅,❌,41.77,43.81,4.7,1.24,23.8,1.245,1.178,1.057
HHS,Industrials,Conglomerates,2,False,✅,✅,❌,❌,❌,4.6,4.67,1.5,0.44,2.1,1.243,1.178,1.055
HWBK,Financial Services,Banks - Regional,2,False,✅,✅,❌,❌,❌,38.16,40.38,5.5,1.23,2.7,1.243,1.178,1.055
BFC,Financial Services,Banks - Regional,2,False,✅,❌,❌,✅,❌,152.13,158.47,4.0,0.79,63.4,1.242,1.178,1.054
SD,Energy,Oil & Gas E&P,2,False,❌,❌,❌,✅,✅,13.87,17.78,22.0,1.07,22.9,1.242,1.178,1.054
SPDW,その他,,2,False,✅,❌,❌,✅,❌,51.07,52.43,2.6,1.0,693.1,1.242,1.178,1.055
CPF,Financial Services,Banks - Regional,2,False,✅,❌,❌,✅,❌,36.85,40.66,9.4,1.04,27.9,1.241,1.178,1.053
FBP,Financial Services,Banks - Regional,2,False,✅,❌,❌,✅,❌,27.06,29.67,8.8,0.86,184.9,1.241,1.178,1.054
VEA,その他,,2,False,✅,❌,❌,✅,❌,71.84,73.86,2.7,0.87,3561.6,1.241,1.178,1.054
LEA,Consumer Cyclical,Auto Parts,2,False,❌,❌,❌,✅,✅,122.71,149.41,17.9,0.95,411.9,1.24,1.178,1.053
EOG,Energy,Oil & Gas E&P,2,False,✅,❌,❌,✅,❌,140.35,154.16,9.0,0.87,2234.3,1.238,1.178,1.051
FCF,Financial Services,Banks - Regional,2,False,✅,❌,❌,✅,❌,20.91,22.19,5.8,1.43,78.6,1.238,1.178,1.051
ALGM,Technology,Semiconductors,2,False,❌,✅,❌,✅,❌,36.76,71.77,48.8,1.15,591.1,1.237,1.178,1.05
IRMD,Healthcare,Medical Devices,2,False,❌,❌,❌,✅,✅,85.76,107.2,20.0,1.07,57.4,1.237,1.178,1.05
MVBF,Financial Services,Banks - Regional,2,False,✅,✅,❌,❌,❌,30.12,31.86,5.5,0.8,7.2,1.237,1.178,1.05
THG,Financial Services,Insurance - Property & Casualty,2,False,✅,❌,❌,✅,❌,217.44,235.07,7.5,1.03,324.8,1.237,1.178,1.05
WFRD,Energy,Oil & Gas Equipment & Services,2,False,❌,❌,❌,✅,✅,85.08,112.79,24.6,0.83,515.4,1.237,1.178,1.05
QYLD,その他,,2,False,✅,❌,❌,✅,❌,18.55,18.57,0.1,0.91,416.1,1.236,1.178,1.049
EWS,その他,,2,False,✅,❌,❌,✅,❌,33.53,34.6,3.1,1.21,160.9,1.234,1.178,1.047
ZBRA,Technology,Communication Equipment,2,False,✅,❌,❌,✅,❌,370.04,386.23,4.2,0.67,1208.1,1.234,1.178,1.048
AFRI,Consumer Defensive,Farm Products,2,False,✅,✅,❌,❌,❌,10.97,11.91,7.9,1.18,1.1,1.233,1.178,1.046
NWE,Utilities,Utilities - Regulated Electric,2,False,✅,❌,❌,✅,❌,68.84,73.78,6.7,1.28,154.8,1.233,1.178,1.047
S,Technology,Software - Infrastructure,2,False,✅,❌,❌,✅,❌,22.38,24.4,8.3,1.01,745.1,1.233,1.178,1.047
HBCP,Financial Services,Banks - Regional,2,False,✅,❌,❌,✅,❌,67.6,74.5,9.3,0.68,28.1,1.232,1.178,1.046
RES,Energy,Oil & Gas Equipment & Services,2,False,❌,❌,❌,✅,✅,5.84,8.06,27.5,1.53,48.4,1.232,1.178,1.046
MET,Financial Services,Insurance - Life,2,False,✅,❌,❌,✅,❌,97.7,100.93,3.2,0.86,1549.3,1.231,1.178,1.045
IMKTA,Consumer Defensive,Grocery Stores,2,False,❌,❌,❌,✅,✅,83.77,95.45,12.2,0.72,55.0,1.229,1.178,1.043
INFU,Healthcare,Medical Devices,2,False,✅,✅,❌,❌,❌,12.71,13.2,3.7,0.74,9.7,1.229,1.178,1.043
FGD,その他,,2,False,✅,❌,❌,✅,❌,33.78,36.08,6.4,0.74,28.1,1.228,1.178,1.042
SFNC,Financial Services,Banks - Regional,2,False,✅,❌,❌,✅,❌,23.23,24.1,3.6,1.08,147.9,1.228,1.178,1.043
ACT,Financial Services,Insurance - Specialty,2,False,✅,❌,❌,✅,❌,46.97,50.56,7.1,0.88,79.1,1.227,1.178,1.041
LOMA,Basic Materials,Building Materials,2,False,❌,❌,❌,✅,✅,9.35,13.2,29.2,0.96,21.4,1.227,1.178,1.042
RLY,その他,,2,False,✅,❌,❌,✅,❌,36.78,38.38,4.2,1.13,36.7,1.227,1.178,1.041
VLGEA,Consumer Defensive,Grocery Stores,2,False,✅,❌,❌,✅,❌,45.37,47.93,5.3,0.79,11.8,1.227,1.178,1.042
NL,Industrials,Security & Protection Services,2,False,✅,❌,❌,❌,✅,7.02,8.33,15.7,0.35,1.7,1.226,1.178,1.041
SKYY,その他,,2,False,✅,❌,❌,✅,❌,164.68,169.41,2.8,0.69,220.5,1.224,1.178,1.039
VEU,その他,,2,False,✅,❌,❌,✅,❌,84.38,86.32,2.2,1.23,1038.4,1.224,1.178,1.039
FLOW,その他,,2,False,✅,✅,❌,❌,❌,41.93,45.39,7.6,1.6,0.6,1.223,1.178,1.038
MUX,Basic Materials,Other Precious Metals & Mining,2,False,❌,✅,❌,✅,❌,19.02,29.7,36.0,0.76,102.1,1.223,1.178,1.038
AER,Industrials,Rental & Leasing Services,2,False,✅,❌,❌,✅,❌,149.21,158.38,5.8,0.99,799.4,1.222,1.178,1.037
FLOC,Energy,Oil & Gas Equipment & Services,2,False,❌,✅,❌,✅,❌,19.14,27.97,31.6,0.76,70.1,1.222,1.178,1.037
MRTN,Industrials,Trucking,2,False,❌,❌,❌,✅,✅,12.87,18.34,29.8,1.02,57.8,1.221,1.178,1.037
MGV,その他,,2,False,✅,❌,❌,✅,❌,164.64,169.84,3.1,0.86,192.2,1.22,1.178,1.035
DYN,Healthcare,Biotechnology,2,False,❌,✅,❌,✅,❌,16.03,27.31,41.3,1.17,241.7,1.219,1.178,1.035
VMI,Industrials,Conglomerates,2,False,❌,❌,❌,✅,✅,466.83,585.71,20.3,0.99,518.9,1.219,1.178,1.035
CPBI,Financial Services,Banks - Regional,2,False,✅,✅,❌,❌,❌,19.8,21.83,9.3,2.77,0.3,1.218,1.178,1.034
VXUS,その他,,2,False,✅,❌,❌,✅,❌,86.35,88.46,2.4,1.02,2320.5,1.218,1.178,1.034
DUOT,Technology,Software - Application,2,False,❌,✅,❌,✅,❌,9.14,15.28,40.2,0.57,44.3,1.217,1.178,1.033
ETN,Industrials,Specialty Industrial Machinery,2,False,✅,❌,❌,✅,❌,439.98,478.0,8.0,0.78,4537.1,1.217,1.178,1.033
PFS,Financial Services,Banks - Regional,2,False,✅,❌,❌,✅,❌,22.84,25.25,9.5,0.85,105.9,1.217,1.178,1.033
TGS,Energy,Oil & Gas Integrated,2,False,❌,❌,❌,✅,✅,26.62,36.35,26.8,0.69,38.6,1.216,1.178,1.032
GMAB,Healthcare,Biotechnology,2,False,✅,❌,❌,✅,❌,35.32,35.66,1.0,1.2,312.0,1.215,1.178,1.031
GRID,その他,,2,False,✅,❌,❌,✅,❌,179.57,198.79,9.7,0.65,585.7,1.215,1.178,1.031
HCHL,Consumer Cyclical,Restaurants,2,False,✅,❌,❌,❌,✅,3.96,5.0,20.8,0.0,5.3,1.215,1.178,1.031
FBNC,Financial Services,Banks - Regional,2,False,✅,❌,❌,✅,❌,63.5,66.78,4.9,0.84,71.6,1.214,1.178,1.031
AVUV,その他,,2,False,✅,❌,❌,✅,❌,120.41,128.63,6.4,1.07,741.9,1.213,1.178,1.03
APLM,Healthcare,Biotechnology,2,False,✅,✅,❌,❌,❌,22.35,42.12,46.9,0.76,1.8,1.212,1.178,1.029
DRIV,その他,,2,False,❌,❌,❌,✅,✅,33.65,42.67,21.1,0.71,10.2,1.212,1.178,1.029
NVS,Healthcare,Drug Manufacturers - General,2,False,❌,❌,❌,✅,✅,145.46,165.43,12.1,0.93,1408.5,1.212,1.178,1.029
CVBF,Financial Services,Banks - Regional,2,False,✅,❌,❌,✅,❌,22.53,23.41,3.8,0.94,153.8,1.21,1.178,1.027
AVUS,その他,,2,False,✅,❌,❌,✅,❌,129.72,132.51,2.1,0.9,197.0,1.209,1.178,1.026
LAUR,Consumer Defensive,Education & Training Services,2,False,✅,❌,❌,✅,❌,37.4,40.92,8.6,0.77,194.2,1.209,1.178,1.026
HOFT,Consumer Cyclical,"Furnishings, Fixtures & Appliances",2,False,❌,✅,❌,❌,✅,13.14,17.94,26.8,0.54,4.2,1.208,1.178,1.025
VTV,その他,,2,False,✅,❌,❌,✅,❌,220.81,228.57,3.4,1.0,2851.6,1.208,1.178,1.026
AVDE,その他,,2,False,✅,❌,❌,✅,❌,91.78,94.49,2.9,1.42,452.1,1.207,1.178,1.024
CRML,Basic Materials,Other Industrial Metals & Mining,2,False,❌,✅,❌,✅,❌,7.83,32.15,75.6,3.12,307.7,1.206,1.178,1.024
QQQE,その他,,2,False,✅,❌,❌,✅,❌,121.02,124.82,3.0,0.97,106.9,1.206,1.178,1.023
RSVR,Communication Services,Entertainment,2,False,❌,✅,❌,❌,✅,9.49,13.39,29.1,0.65,3.3,1.206,1.178,1.024
AFK,その他,,2,False,✅,✅,❌,❌,❌,28.66,30.85,7.1,0.55,8.7,1.205,1.178,1.022
IPAR,Consumer Defensive,Household & Personal Products,2,False,✅,❌,❌,✅,❌,117.93,128.37,8.1,0.74,141.6,1.205,1.178,1.022
PRU,Financial Services,Insurance - Life,2,False,✅,❌,❌,✅,❌,119.45,126.26,5.4,0.78,965.8,1.205,1.178,1.023
BSVN,Financial Services,Banks - Regional,2,False,✅,✅,❌,❌,❌,55.85,57.36,2.6,1.39,8.2,1.204,1.178,1.022
EWBC,Financial Services,Banks - Regional,2,False,✅,❌,❌,✅,❌,127.23,137.47,7.4,0.76,519.0,1.204,1.178,1.022
EXK,Basic Materials,Silver,2,False,✅,❌,❌,✅,❌,9.39,15.15,38.0,1.12,337.3,1.204,1.178,1.022
UTMD,Healthcare,Medical Instruments & Supplies,2,False,✅,✅,❌,❌,❌,74.18,76.89,3.5,1.43,8.5,1.204,1.178,1.022
MFIN,Financial Services,Credit Services,2,False,✅,✅,❌,❌,❌,11.96,12.26,2.4,1.04,3.9,1.203,1.178,1.021
MNSB,Financial Services,Banks - Regional,2,False,✅,✅,❌,❌,❌,24.83,25.87,4.0,0.68,4.4,1.203,1.178,1.021
SPYG,その他,,2,False,✅,❌,❌,✅,❌,124.06,124.58,0.4,1.27,1385.7,1.203,1.178,1.021
VIOV,その他,,2,False,✅,❌,❌,✅,❌,112.05,120.53,7.0,1.81,23.9,1.203,1.178,1.021
ERIC,Technology,Communication Equipment,2,False,❌,✅,❌,✅,❌,9.53,13.77,30.8,0.67,568.3,1.202,1.178,1.021
VOOG,その他,,2,False,✅,❌,❌,✅,❌,86.14,86.6,0.5,0.88,545.0,1.202,1.178,1.021
HWC,Financial Services,Banks - Regional,2,False,✅,❌,❌,✅,❌,73.85,79.6,7.2,1.04,309.5,1.201,1.178,1.02
DEW,その他,,2,False,✅,✅,❌,❌,❌,70.08,73.51,4.7,0.32,2.0,1.2,1.178,1.018
JEPQ,その他,,2,False,✅,❌,❌,✅,❌,61.24,61.28,0.1,0.9,1811.3,1.2,1.178,1.019
CB,Financial Services,Insurance - Property & Casualty,2,False,✅,❌,❌,✅,❌,333.37,364.81,8.6,0.82,2840.0,1.199,1.178,1.017
EBAY,Consumer Cyclical,Internet Retail,2,False,✅,❌,❌,✅,❌,107.9,118.62,9.0,0.92,2356.4,1.199,1.178,1.018
QQQU,その他,,2,False,✅,❌,❌,✅,❌,63.94,65.0,1.6,0.65,13.3,1.199,1.178,1.017
CCBG,Financial Services,Banks - Regional,2,False,✅,❌,❌,✅,❌,49.86,53.32,6.5,0.9,20.2,1.198,1.178,1.017
PM,Consumer Defensive,Tobacco,2,False,✅,❌,❌,✅,❌,190.48,207.76,8.3,1.17,4364.9,1.197,1.178,1.016
MLPA,その他,,2,False,✅,❌,❌,✅,❌,54.55,58.0,5.9,1.04,49.9,1.196,1.178,1.015
TFIN,Financial Services,Banks - Regional,2,False,❌,❌,❌,✅,✅,61.45,83.52,26.4,0.89,84.0,1.196,1.178,1.015
UPS,Industrials,Integrated Freight & Logistics,2,False,❌,❌,❌,✅,✅,93.96,116.86,19.6,1.28,2543.5,1.196,1.178,1.015
FIBK,Financial Services,Banks - Regional,2,False,✅,❌,❌,✅,❌,36.91,40.11,8.0,1.1,200.8,1.194,1.178,1.014
REI,Energy,Oil & Gas E&P,2,False,✅,❌,❌,✅,❌,1.36,2.0,32.0,0.59,31.1,1.193,1.178,1.013
EME,Industrials,Engineering & Construction,2,False,❌,❌,❌,✅,✅,762.21,951.47,19.9,0.78,1560.9,1.192,1.178,1.012
FNV,Basic Materials,Gold,2,False,✅,❌,❌,✅,❌,257.87,284.12,9.2,0.66,915.4,1.192,1.178,1.012
IQQQ,その他,,2,False,✅,❌,❌,✅,❌,49.13,50.69,3.1,1.18,12.5,1.192,1.178,1.012
ACWI,その他,,2,False,✅,❌,❌,✅,❌,161.05,162.8,1.1,0.76,2037.2,1.191,1.178,1.011
DIN,Consumer Cyclical,Restaurants,2,False,❌,❌,❌,✅,✅,28.17,38.92,27.6,1.68,55.0,1.191,1.178,1.011
PROV,Financial Services,Banks - Regional,2,False,✅,✅,❌,❌,❌,18.42,18.99,3.0,1.44,0.9,1.191,1.178,1.011
QQQI,その他,,2,False,✅,❌,❌,✅,❌,55.76,55.89,0.2,0.82,1436.0,1.191,1.178,1.011
RDVY,その他,,2,False,✅,❌,❌,✅,❌,79.36,83.86,5.4,1.06,408.6,1.191,1.178,1.011
MGC,その他,,2,False,✅,❌,❌,✅,❌,286.19,287.52,0.5,0.85,121.4,1.189,1.178,1.01
NVMI,Technology,Semiconductor Equipment & Materials,2,False,❌,✅,❌,✅,❌,368.23,615.99,40.2,0.69,1124.8,1.189,1.178,1.009
OFG,Financial Services,Banks - Regional,2,False,✅,❌,❌,✅,❌,51.94,54.47,4.6,0.81,74.7,1.189,1.178,1.01
SON,Consumer Cyclical,Packaging & Containers,2,False,❌,❌,❌,✅,✅,50.06,60.11,16.7,0.91,300.2,1.189,1.178,1.01
VT,その他,,2,False,✅,❌,❌,✅,❌,160.03,162.29,1.4,1.15,2116.7,1.189,1.178,1.009
ESML,その他,,2,False,✅,❌,❌,✅,❌,52.89,56.59,6.5,1.22,45.4,1.188,1.178,1.008
SONO,Technology,Consumer Electronics,2,False,✅,❌,❌,✅,❌,18.17,19.82,8.3,0.97,138.6,1.188,1.178,1.008
FCVT,その他,,2,False,✅,✅,❌,❌,❌,49.48,54.75,9.6,0.61,6.9,1.187,1.178,1.008
NATL,Technology,Software - Application,2,False,✅,❌,❌,✅,❌,46.08,48.5,5.0,0.61,154.2,1.187,1.178,1.007
XYLD,その他,,2,False,✅,❌,❌,✅,❌,41.66,41.69,0.1,0.84,128.4,1.185,1.178,1.006
XYLG,その他,,2,False,✅,✅,❌,❌,❌,29.72,29.91,0.7,1.32,2.6,1.185,1.178,1.006
SPSM,その他,,2,False,✅,❌,❌,✅,❌,53.77,58.36,7.9,0.96,450.4,1.184,1.178,1.005
AEG,Financial Services,Insurance - Diversified,2,False,✅,❌,❌,✅,❌,8.89,9.35,5.0,1.12,195.2,1.183,1.178,1.004
VIOO,その他,,2,False,✅,❌,❌,✅,❌,128.61,139.7,7.9,1.25,48.8,1.183,1.178,1.004
WTM,Financial Services,Insurance - Property & Casualty,2,False,❌,❌,❌,✅,✅,2028.62,2333.0,13.0,0.67,211.9,1.183,1.178,1.004
FDL,その他,,2,False,✅,❌,❌,✅,❌,49.76,53.76,7.4,0.9,183.9,1.182,1.178,1.003
IJR,その他,,2,False,✅,❌,❌,✅,❌,138.29,150.15,7.9,0.7,2343.3,1.182,1.178,1.004
INDB,Financial Services,Banks - Regional,2,False,✅,❌,❌,✅,❌,81.2,87.5,7.2,0.93,142.5,1.182,1.178,1.003
IWMI,その他,,2,False,✅,❌,❌,✅,❌,49.6,52.95,6.3,1.33,94.1,1.182,1.178,1.003
PSO,Communication Services,Publishing,2,False,✅,❌,❌,✅,❌,16.13,17.63,8.5,0.91,58.2,1.182,1.178,1.003
VTWO,その他,,2,False,✅,❌,❌,✅,❌,113.88,122.96,7.4,0.81,921.9,1.182,1.178,1.003
CMRE,Industrials,Marine Shipping,2,False,❌,❌,❌,✅,✅,14.53,17.79,18.3,0.75,30.8,1.18,1.178,1.002
COMP,Real Estate,Real Estate Services,2,False,✅,❌,❌,✅,❌,9.38,13.95,32.8,1.43,667.3,1.18,1.178,1.002
IWM,その他,,2,False,✅,❌,❌,✅,❌,281.97,304.39,7.4,1.06,32564.8,1.18,1.178,1.002
CAPR,Healthcare,Biotechnology,2,False,❌,✅,❌,✅,❌,8.36,40.37,79.3,0.55,212.8,1.179,1.178,1.001
EFA,その他,,2,False,✅,❌,❌,✅,❌,105.56,108.89,3.1,1.14,5984.1,1.179,1.178,1.0
IVV,その他,,2,False,✅,❌,❌,✅,❌,774.83,780.83,0.8,1.42,28198.1,1.179,1.178,1.001
ONB,Financial Services,Banks - Regional,2,False,✅,❌,❌,✅,❌,25.49,27.21,6.3,1.12,484.3,1.179,1.178,1.001
VOO,その他,,2,False,✅,❌,❌,✅,❌,710.79,716.39,0.8,1.51,26669.1,1.179,1.178,1.001
NXDR,Communication Services,Internet Content & Information,2,False,✅,❌,❌,✅,❌,2.51,3.72,32.5,1.03,28.4,1.178,1.178,1.0
OEF,その他,,2,False,✅,❌,❌,✅,❌,386.16,388.13,0.5,0.94,477.5,1.178,1.178,1.0
SPY,その他,,2,False,✅,❌,❌,✅,❌,771.35,777.44,0.8,0.94,175220.3,1.178,1.178,1.0
ESGU,その他,,2,False,✅,❌,❌,✅,❌,168.7,170.46,1.0,1.24,330.4,1.177,1.178,0.999
FEPI,その他,,2,False,✅,❌,❌,✅,❌,43.19,43.6,0.9,1.25,39.5,1.177,1.178,0.999
NVST,Healthcare,Medical Instruments & Supplies,2,False,❌,❌,❌,✅,✅,23.95,30.42,21.3,1.1,365.3,1.177,1.178,0.999
SUSA,その他,,2,False,✅,❌,❌,✅,❌,157.22,160.0,1.7,1.14,27.7,1.177,1.178,0.999
QCLN,その他,,2,False,❌,❌,❌,✅,✅,49.31,69.2,28.7,0.43,55.0,1.176,1.178,0.998
SPTM,その他,,2,False,✅,❌,❌,✅,❌,93.19,94.36,1.2,0.9,212.4,1.176,1.178,0.998
VV,その他,,2,False,✅,❌,❌,✅,❌,356.76,359.22,0.7,0.89,408.6,1.176,1.178,0.998
ESGD,その他,,2,False,✅,❌,❌,✅,❌,104.72,108.0,3.0,1.65,145.5,1.175,1.178,0.997
AWR,Utilities,Utilities - Regulated Water,2,False,✅,❌,❌,✅,❌,82.8,91.72,9.7,0.88,115.6,1.174,1.178,0.997
VTI,その他,,2,False,✅,❌,❌,✅,❌,379.77,385.12,1.4,0.89,5728.5,1.174,1.178,0.997
BBUS,その他,,2,False,✅,❌,❌,✅,❌,139.21,140.35,0.8,1.19,138.7,1.173,1.178,0.996
IBCP,Financial Services,Banks - Regional,2,False,✅,❌,❌,✅,❌,35.83,39.24,8.7,1.25,31.7,1.173,1.178,0.996
MGK,その他,,2,False,✅,❌,❌,✅,❌,93.37,93.76,0.4,0.98,614.2,1.173,1.178,0.996
VTHR,その他,,2,False,✅,❌,❌,✅,❌,339.23,343.67,1.3,1.46,47.4,1.172,1.178,0.995
KROP,その他,,2,False,✅,✅,❌,❌,❌,36.25,39.99,9.4,0.49,1.2,1.171,1.178,0.994
DT,Technology,Software - Application,2,False,✅,❌,❌,✅,❌,57.95,59.41,2.5,1.46,1423.4,1.17,1.178,0.994
HNVR,Financial Services,Banks - Regional,2,False,✅,✅,❌,❌,❌,26.51,27.94,5.1,0.73,6.8,1.17,1.178,0.993
IWB,その他,,2,False,✅,❌,❌,✅,❌,421.23,425.89,1.1,0.66,1096.4,1.17,1.178,0.993
TOK,その他,,2,False,✅,✅,❌,❌,❌,154.48,156.78,1.5,1.13,2.8,1.17,1.178,0.993
TRMK,Financial Services,Banks - Regional,2,False,✅,❌,❌,✅,❌,46.04,48.73,5.5,0.92,89.9,1.17,1.178,0.993
WCMI,その他,,2,False,✅,❌,❌,✅,❌,19.36,20.24,4.3,1.44,80.6,1.17,1.178,0.993
AMPL,Technology,Software - Application,2,False,✅,❌,❌,✅,❌,13.3,14.76,9.9,0.7,104.0,1.169,1.178,0.992
COFS,Financial Services,Banks - Regional,2,False,✅,❌,❌,✅,❌,33.06,34.7,4.7,0.62,13.6,1.169,1.178,0.992
DHS,その他,,2,False,✅,❌,❌,✅,❌,114.0,120.39,5.3,1.55,16.0,1.169,1.178,0.992
DOGG,その他,,2,False,✅,✅,❌,❌,❌,21.26,22.85,6.9,0.65,3.1,1.169,1.178,0.992
PKX,Basic Materials,Steel,2,False,❌,✅,❌,✅,❌,56.95,92.4,38.4,0.59,93.8,1.169,1.178,0.992
VOE,その他,,2,False,✅,❌,❌,✅,❌,199.85,211.07,5.3,1.45,278.4,1.169,1.178,0.992
RYLD,その他,,2,False,✅,❌,❌,✅,❌,15.55,16.2,4.0,1.23,40.5,1.168,1.178,0.992
UNCY,Healthcare,Biotechnology,2,False,❌,✅,❌,✅,❌,4.7,8.74,46.3,0.49,36.0,1.168,1.178,0.991
WSM,Consumer Cyclical,Specialty Retail,2,False,✅,❌,❌,✅,❌,231.9,254.89,9.0,0.84,1230.3,1.168,1.178,0.991
ASB,Financial Services,Banks - Regional,2,False,✅,❌,❌,✅,❌,29.37,32.21,8.8,1.05,282.3,1.167,1.178,0.991
FUNC,Financial Services,Banks - Regional,2,False,✅,✅,❌,❌,❌,43.29,46.18,6.3,1.55,5.0,1.167,1.178,0.99
GBTG,Consumer Cyclical,Travel Services,2,False,✅,❌,❌,✅,❌,9.5,9.56,0.6,1.1,104.4,1.167,1.178,0.991
SBUX,Consumer Cyclical,Restaurants,2,False,❌,❌,❌,✅,✅,94.86,110.51,14.2,1.09,3583.8,1.167,1.178,0.99
SPEM,その他,,2,False,✅,❌,❌,✅,❌,52.54,53.47,1.7,0.76,477.8,1.166,1.178,0.99
WHG,Financial Services,Asset Management,2,False,✅,✅,❌,❌,❌,19.03,20.81,8.5,0.68,2.0,1.166,1.178,0.99
DES,その他,,2,False,✅,❌,❌,✅,❌,38.59,41.77,7.6,0.61,25.4,1.165,1.178,0.989
WLFC,Industrials,Rental & Leasing Services,2,False,❌,✅,❌,✅,❌,54.33,81.35,33.2,0.41,98.8,1.165,1.178,0.989
PBHC,Financial Services,Banks - Regional,2,False,✅,✅,❌,❌,❌,17.35,18.3,5.2,0.12,0.7,1.164,1.178,0.988
ALGN,Healthcare,Medical Instruments & Supplies,2,False,❌,❌,❌,✅,✅,146.78,200.44,26.8,1.04,785.0,1.163,1.178,0.987
FN,Technology,Electronic Components,2,False,❌,✅,❌,✅,❌,417.39,748.89,44.3,0.72,2371.7,1.163,1.178,0.987
SPYI,その他,,2,False,✅,❌,❌,✅,❌,53.65,53.88,0.4,1.01,689.6,1.162,1.178,0.986
CWB,その他,,2,False,✅,❌,❌,✅,❌,102.27,111.52,8.3,0.63,367.8,1.161,1.178,0.985
FTV,Technology,Scientific & Technical Instruments,2,False,❌,❌,❌,✅,✅,56.09,64.48,13.0,0.68,779.4,1.161,1.178,0.985
SNDX,Healthcare,Biotechnology,2,False,❌,❌,❌,✅,✅,18.2,25.59,28.9,1.11,165.9,1.161,1.178,0.985
SHC,Healthcare,Diagnostics & Research,2,False,✅,❌,❌,✅,❌,18.34,19.85,7.6,0.56,244.2,1.16,1.178,0.985
ACCO,Industrials,Business Equipment & Supplies,2,False,✅,❌,❌,✅,❌,4.31,4.48,3.8,0.75,15.4,1.157,1.178,0.982
DLN,その他,,2,False,✅,❌,❌,✅,❌,98.57,101.7,3.1,1.11,57.0,1.157,1.178,0.982
ENIC,Utilities,Utilities - Regulated Electric,2,False,✅,❌,❌,✅,❌,4.29,4.72,9.0,1.03,13.2,1.157,1.178,0.982
VGK,その他,,2,False,✅,❌,❌,✅,❌,88.63,93.06,4.8,1.13,982.6,1.157,1.178,0.982
IEV,その他,,2,False,✅,❌,❌,✅,❌,72.68,76.32,4.8,0.75,37.6,1.155,1.178,0.981
DOV,Industrials,Specialty Industrial Machinery,2,False,❌,❌,❌,✅,✅,191.88,235.79,18.6,1.25,1096.6,1.154,1.178,0.979
PBD,その他,,2,False,❌,✅,❌,❌,✅,16.93,22.4,24.4,0.47,9.0,1.154,1.178,0.98
RL,Consumer Cyclical,Apparel Manufacturing,2,False,❌,❌,❌,✅,✅,357.1,420.57,15.1,1.12,1258.8,1.154,1.178,0.979
VERA,Healthcare,Biotechnology,2,False,❌,✅,❌,✅,❌,32.54,56.05,41.9,0.84,349.3,1.154,1.178,0.979
CHCO,Financial Services,Banks - Regional,2,False,✅,❌,❌,✅,❌,141.97,148.99,4.7,1.22,81.2,1.153,1.178,0.979
EIG,Financial Services,Insurance - Specialty,2,False,✅,❌,❌,✅,❌,47.3,52.22,9.4,0.98,49.1,1.153,1.178,0.979
ELMD,Healthcare,Medical Devices,2,False,❌,✅,❌,✅,❌,27.88,47.4,41.2,1.02,17.5,1.153,1.178,0.978
GLRE,Financial Services,Insurance - Reinsurance,2,False,❌,❌,❌,✅,✅,14.89,19.39,23.2,0.82,12.5,1.153,1.178,0.979
JMSB,Financial Services,Banks - Regional,2,False,✅,✅,❌,❌,❌,23.09,24.26,4.8,1.21,5.6,1.153,1.178,0.979
VZ,Communication Services,Telecom Services,2,False,✅,❌,❌,✅,❌,47.08,51.67,8.9,0.91,5497.1,1.153,1.178,0.979
EIPI,その他,,2,False,✅,✅,❌,❌,❌,21.59,23.08,6.5,1.04,9.2,1.152,1.178,0.978
SROI,その他,,2,False,✅,✅,❌,❌,❌,37.43,38.55,2.9,15.84,0.5,1.152,1.178,0.978
VB,その他,,2,False,✅,❌,❌,✅,❌,289.7,309.51,6.4,0.86,745.5,1.152,1.178,0.978
VBR,その他,,2,False,✅,❌,❌,✅,❌,236.51,251.85,6.1,1.0,323.6,1.152,1.178,0.978
DIV,その他,,2,False,✅,❌,❌,✅,❌,19.03,20.0,4.8,1.04,20.1,1.151,1.178,0.977
KVUE,Consumer Defensive,Household & Personal Products,2,False,✅,❌,❌,✅,❌,17.8,19.67,9.5,0.81,1923.0,1.15,1.178,0.976
LAWR,Industrials,Consulting Services,2,False,✅,✅,❌,❌,❌,3.75,3.8,1.3,0.0,0.0,1.15,1.178,0.976
VBK,その他,,2,False,✅,❌,❌,✅,❌,341.36,367.04,7.0,1.04,373.9,1.15,1.178,0.976
VUG,その他,,2,False,✅,❌,❌,✅,❌,90.94,91.43,0.5,0.92,2826.3,1.15,1.178,0.976
DGS,その他,,2,False,✅,❌,❌,✅,❌,63.31,66.64,5.0,0.81,12.8,1.149,1.178,0.975
SPYV,その他,,2,False,✅,❌,❌,✅,❌,62.14,63.98,2.9,0.83,624.3,1.149,1.178,0.976
VOOV,その他,,2,False,✅,❌,❌,✅,❌,224.06,230.69,2.9,1.02,72.4,1.149,1.178,0.976
VWO,その他,,2,False,✅,❌,❌,✅,❌,60.16,61.42,2.1,0.96,2173.1,1.149,1.178,0.975
VSS,その他,,2,False,✅,❌,❌,✅,❌,157.39,162.16,2.9,0.63,171.5,1.148,1.178,0.974
FEZ,その他,,2,False,✅,❌,❌,✅,❌,68.65,72.24,5.0,0.93,368.1,1.147,1.178,0.973
GROW,Financial Services,Asset Management,2,False,✅,❌,❌,❌,✅,2.98,3.57,16.5,0.62,0.3,1.147,1.178,0.974
JOUT,Consumer Cyclical,Leisure,2,False,❌,❌,❌,✅,✅,44.43,53.16,16.4,0.69,12.6,1.147,1.178,0.974
VYM,その他,,2,False,✅,❌,❌,✅,❌,157.68,166.68,5.4,1.17,930.6,1.147,1.178,0.974
FNOV,その他,,2,False,✅,✅,❌,❌,❌,60.38,60.54,0.3,0.45,7.4,1.146,1.178,0.972
PAVE,その他,,2,False,❌,❌,❌,✅,✅,53.47,60.32,11.4,0.88,472.1,1.146,1.178,0.972
HEDJ,その他,,2,False,✅,❌,❌,✅,❌,56.17,58.5,4.0,0.31,19.3,1.145,1.178,0.972
ICLN,その他,,2,False,❌,❌,❌,✅,✅,17.23,23.72,27.3,1.02,578.7,1.145,1.178,0.972
MTCH,Communication Services,Internet Content & Information,2,False,✅,❌,❌,✅,❌,40.55,44.94,9.8,1.24,611.4,1.145,1.178,0.972
DGICB,Financial Services,Insurance - Property & Casualty,2,False,✅,✅,❌,❌,❌,18.2,29.75,38.8,0.57,0.4,1.144,1.178,0.971
FFEB,その他,,2,False,✅,✅,❌,❌,❌,62.87,62.93,0.1,6.15,9.6,1.144,1.178,0.971
MAGS,その他,,2,False,✅,❌,❌,✅,❌,72.64,73.46,1.1,1.44,1312.6,1.144,1.178,0.971
CUBI,Financial Services,Banks - Regional,2,False,✅,❌,❌,✅,❌,77.06,84.38,8.7,0.9,112.4,1.142,1.178,0.97
QDIV,その他,,2,False,✅,✅,❌,❌,❌,38.86,41.2,5.7,0.58,0.5,1.142,1.178,0.97
CBNK,Financial Services,Banks - Regional,2,False,✅,❌,❌,✅,❌,36.05,38.69,6.8,0.87,10.2,1.141,1.178,0.968
TLF,Consumer Cyclical,Specialty Retail,2,False,✅,❌,❌,❌,✅,2.63,3.13,16.0,0.29,0.4,1.141,1.178,0.969
XLB,その他,,2,False,✅,❌,❌,✅,❌,49.8,53.94,7.7,0.99,2797.2,1.141,1.178,0.969
ROBT,その他,,2,False,✅,❌,❌,✅,❌,59.77,60.97,2.0,0.59,12.6,1.139,1.178,0.967
GLDM,その他,,2,False,❌,❌,❌,✅,✅,84.89,109.74,22.6,0.98,1773.8,1.138,1.178,0.966
BAR,その他,,2,False,❌,❌,❌,✅,✅,42.21,54.62,22.7,0.79,47.3,1.137,1.178,0.965
RSP,その他,,2,False,✅,❌,❌,✅,❌,211.11,222.6,5.2,0.78,8521.0,1.137,1.178,0.965
VTWG,その他,,2,False,✅,❌,❌,✅,❌,263.04,288.78,8.9,0.98,28.0,1.137,1.178,0.965
DIA,その他,,2,False,✅,❌,❌,✅,❌,517.49,545.04,5.1,0.8,10342.5,1.136,1.178,0.964
GINN,その他,,2,False,✅,✅,❌,❌,❌,82.06,83.29,1.5,1.28,2.4,1.136,1.178,0.965
IAU,その他,,2,False,❌,❌,❌,✅,✅,80.66,104.4,22.7,0.88,2255.7,1.136,1.178,0.964
KEY,Financial Services,Banks - Regional,2,False,❌,❌,❌,✅,✅,20.61,23.84,13.6,1.38,1229.5,1.136,1.178,0.964
VXF,その他,,2,False,✅,❌,❌,✅,❌,235.15,250.16,6.0,0.91,467.4,1.136,1.178,0.965
WPP,Communication Services,Advertising Agencies,2,False,✅,❌,❌,✅,❌,25.99,27.78,6.4,0.76,47.3,1.136,1.178,0.964
GLD,その他,,2,False,❌,❌,❌,✅,✅,393.41,509.7,22.8,0.85,16118.2,1.135,1.178,0.963
PCAR,Industrials,Farm & Heavy Construction Machinery,2,False,❌,❌,❌,✅,✅,111.31,138.87,19.8,1.51,1906.2,1.135,1.178,0.963
DVY,その他,,2,False,✅,❌,❌,✅,❌,154.73,165.69,6.6,0.83,298.7,1.134,1.178,0.962
FCNCA,Financial Services,Banks - Regional,2,False,✅,❌,❌,✅,❌,2090.36,2294.1,8.9,0.9,733.2,1.134,1.178,0.963
KMI,Energy,Oil & Gas Midstream,2,False,❌,❌,❌,✅,✅,30.75,34.49,10.8,1.05,1626.8,1.134,1.178,0.962
SW,Consumer Cyclical,Packaging & Containers,2,False,✅,❌,❌,✅,❌,46.41,51.52,9.9,0.82,1089.2,1.134,1.178,0.963
CMC,Industrials,Metal Fabrication,2,False,❌,❌,❌,✅,✅,65.73,84.32,22.0,0.81,392.9,1.133,1.178,0.962
IVOO,その他,,2,False,✅,❌,❌,✅,❌,123.52,132.74,6.9,1.61,47.6,1.132,1.178,0.96
SPMD,その他,,2,False,✅,❌,❌,✅,❌,63.93,68.73,7.0,1.15,478.5,1.132,1.178,0.961
BOH,Financial Services,Banks - Regional,2,False,❌,❌,❌,✅,✅,71.65,85.53,16.2,1.72,143.1,1.131,1.178,0.96
BUFR,その他,,2,False,✅,❌,❌,✅,❌,37.68,37.73,0.1,0.94,227.3,1.131,1.178,0.96
IJH,その他,,2,False,✅,❌,❌,✅,❌,72.99,78.47,7.0,1.12,2412.3,1.131,1.178,0.96
MMM,Industrials,Conglomerates,2,False,✅,❌,❌,✅,❌,169.55,184.09,7.9,0.8,2726.6,1.13,1.178,0.959
NUGT,その他,,2,False,✅,❌,❌,✅,❌,165.74,318.98,48.0,1.06,492.4,1.13,1.178,0.959
XLI,その他,,2,False,✅,❌,❌,✅,❌,170.43,187.69,9.2,1.14,6157.0,1.13,1.178,0.959
INBK,Financial Services,Banks - Regional,2,False,✅,❌,❌,❌,✅,26.39,31.09,15.1,0.81,6.0,1.128,1.178,0.957
VIS,その他,,2,False,❌,✅,❌,✅,❌,327.06,361.43,9.5,1.3,165.5,1.128,1.178,0.957
TEAM,Technology,Software - Application,2,False,✅,❌,❌,✅,❌,187.74,200.0,6.1,0.54,2763.7,1.127,1.178,0.956
BCPC,Basic Materials,Specialty Chemicals,2,False,✅,❌,❌,✅,❌,167.89,183.9,8.7,0.86,169.7,1.126,1.178,0.955
CHD,Consumer Defensive,Household & Personal Products,2,False,✅,❌,❌,✅,❌,96.38,105.37,8.5,0.77,883.1,1.126,1.178,0.956
PKG,Consumer Cyclical,Packaging & Containers,2,False,✅,❌,❌,✅,❌,237.18,258.31,8.2,0.85,714.0,1.126,1.178,0.956
CBFV,Financial Services,Banks - Regional,2,False,✅,✅,❌,❌,❌,37.05,38.57,3.9,0.65,1.0,1.125,1.178,0.955
HELE,Consumer Defensive,Household & Personal Products,2,False,✅,❌,❌,✅,❌,28.63,30.68,6.7,0.91,64.0,1.125,1.178,0.955
APG,Industrials,Engineering & Construction,2,False,❌,❌,❌,✅,✅,38.46,49.99,23.1,0.91,580.1,1.124,1.178,0.954
EPP,その他,,2,False,✅,❌,❌,✅,❌,55.31,58.56,5.5,0.75,80.5,1.124,1.178,0.954
API,Technology,Software - Application,2,False,✅,❌,❌,❌,✅,4.21,5.49,23.4,0.67,7.1,1.123,1.178,0.953
JBSS,Consumer Defensive,Packaged Foods,2,False,❌,❌,❌,✅,✅,67.24,89.96,25.3,0.84,48.4,1.123,1.178,0.953
DGRW,その他,,2,False,✅,❌,❌,✅,❌,98.49,100.53,2.0,0.85,253.6,1.122,1.178,0.952
EMN,Basic Materials,Specialty Chemicals,2,False,❌,❌,❌,✅,✅,66.97,80.53,16.8,1.01,381.3,1.121,1.178,0.952
TRP,Energy,Oil & Gas Midstream,2,False,❌,❌,❌,✅,✅,58.78,70.9,17.1,1.68,780.2,1.121,1.178,0.952
VIG,その他,,2,False,✅,❌,❌,✅,❌,237.58,247.45,4.0,0.95,1182.3,1.121,1.178,0.952
HTHT,Consumer Cyclical,Lodging,2,False,❌,❌,❌,✅,✅,42.0,54.14,22.4,0.58,383.5,1.12,1.178,0.951
TEX,Industrials,Farm & Heavy Construction Machinery,2,False,❌,❌,❌,✅,✅,57.33,74.5,23.0,0.84,380.0,1.12,1.178,0.95
H,Consumer Cyclical,Lodging,2,False,❌,❌,❌,✅,✅,158.48,206.69,23.3,0.98,721.7,1.119,1.178,0.95
RVSB,Financial Services,Banks - Regional,2,False,✅,✅,❌,❌,❌,5.95,6.2,4.0,0.54,2.3,1.119,1.178,0.95
AEP,Utilities,Utilities - Regulated Electric,2,False,❌,❌,❌,✅,✅,118.35,139.52,15.2,1.13,2852.5,1.118,1.178,0.949
COLM,Consumer Cyclical,Apparel Manufacturing,2,False,❌,❌,❌,✅,✅,57.6,68.72,16.2,1.01,176.2,1.118,1.178,0.949
FNB,Financial Services,Banks - Regional,2,False,✅,❌,❌,✅,❌,17.64,19.45,9.3,1.03,416.5,1.118,1.178,0.949
FSBW,Financial Services,Banks - Regional,2,False,✅,✅,❌,❌,❌,44.18,45.54,3.0,1.42,4.2,1.118,1.178,0.949
JNUG,その他,,2,False,✅,❌,❌,✅,❌,168.88,358.04,52.8,0.9,221.2,1.118,1.178,0.949
MO,Consumer Defensive,Tobacco,2,False,✅,❌,❌,✅,❌,68.82,75.85,9.3,0.87,2803.6,1.118,1.178,0.949
MOLN,Healthcare,Biotechnology,2,False,❌,✅,❌,❌,✅,4.3,5.36,19.8,0.26,0.1,1.118,1.178,0.949
YMAG,その他,,2,False,✅,❌,❌,✅,❌,11.48,11.65,1.5,0.92,58.8,1.117,1.178,0.948
ABM,Industrials,Specialty Business Services,2,False,✅,❌,❌,✅,❌,49.78,51.29,2.9,0.8,117.1,1.116,1.178,0.948
KYTX,Healthcare,Biotechnology,2,False,❌,✅,❌,✅,❌,6.81,13.67,50.2,1.56,37.8,1.116,1.178,0.948
LH,Healthcare,Diagnostics & Research,2,False,✅,❌,❌,✅,❌,309.64,341.8,9.4,1.48,980.6,1.115,1.178,0.946
CHE,Healthcare,Medical Care Facilities,2,False,✅,❌,❌,✅,❌,512.16,556.27,7.9,0.92,426.0,1.114,1.178,0.946
POR,Utilities,Utilities - Regulated Electric,2,False,❌,❌,❌,✅,✅,46.85,54.08,13.4,1.49,282.9,1.114,1.178,0.945
FMNB,Financial Services,Banks - Regional,2,False,✅,❌,❌,✅,❌,15.43,16.27,5.2,0.91,29.6,1.113,1.178,0.945
RMBI,Financial Services,Banks - Regional,2,False,✅,✅,❌,❌,❌,15.26,16.43,7.1,1.51,5.5,1.113,1.178,0.945
OTTR,Industrials,Conglomerates,2,False,✅,❌,❌,✅,❌,89.34,95.09,6.0,0.88,107.8,1.112,1.178,0.944
TCBI,Financial Services,Banks - Regional,2,False,❌,❌,❌,✅,✅,95.82,108.48,11.7,1.04,236.3,1.112,1.178,0.944
XERS,Healthcare,Drug Manufacturers - Specialty & Generic,2,False,✅,❌,❌,✅,❌,9.1,10.08,9.7,1.12,68.7,1.112,1.178,0.944
ABCB,Financial Services,Banks - Regional,2,False,❌,❌,❌,✅,✅,82.29,93.22,11.7,1.06,196.2,1.111,1.178,0.943
EQX,Basic Materials,Gold,2,False,❌,✅,❌,✅,❌,11.94,18.88,36.8,1.29,733.0,1.111,1.178,0.943
HUBB,Industrials,Electrical Equipment & Parts,2,False,❌,❌,❌,✅,✅,466.62,562.06,17.0,0.76,1349.4,1.111,1.178,0.943
BTI,Consumer Defensive,Tobacco,2,False,❌,❌,❌,✅,✅,55.63,66.38,16.2,1.02,1290.1,1.11,1.178,0.942
CNXT,その他,,2,False,❌,❌,❌,✅,✅,47.24,62.59,24.5,0.97,31.0,1.11,1.178,0.943
MOAT,その他,,2,False,✅,❌,❌,✅,❌,107.64,115.58,6.9,0.59,342.3,1.11,1.178,0.942
PRTH,Technology,Software - Infrastructure,2,False,❌,✅,❌,✅,❌,7.78,7.91,1.6,9.12,25.6,1.11,1.178,0.942
SNA,Industrials,Tools & Accessories,2,False,❌,❌,❌,✅,✅,369.2,420.41,12.2,0.75,616.4,1.109,1.178,0.941
UCB,Financial Services,Banks - Regional,2,False,✅,❌,❌,✅,❌,34.23,36.91,7.3,0.88,148.2,1.109,1.178,0.941
CL,Consumer Defensive,Household & Personal Products,2,False,❌,❌,❌,✅,✅,86.06,98.15,12.3,1.23,2149.3,1.108,1.178,0.941
DTM,Energy,Oil & Gas Midstream,2,False,❌,❌,❌,✅,✅,122.28,150.94,19.0,1.09,534.6,1.108,1.178,0.941
EMLP,その他,,2,False,✅,❌,❌,✅,❌,41.47,45.23,8.3,1.52,57.1,1.107,1.178,0.94
XRMI,その他,,2,False,✅,✅,❌,❌,❌,17.28,17.36,0.5,0.89,1.6,1.107,1.178,0.939
BUFD,その他,,2,False,✅,❌,❌,✅,❌,30.5,30.64,0.5,1.67,42.6,1.106,1.178,0.939
JPM,Financial Services,Banks - Diversified,2,False,✅,❌,❌,✅,❌,343.06,366.5,6.4,1.04,13391.5,1.106,1.178,0.939
NXT,Technology,Solar,2,False,❌,✅,❌,✅,❌,80.85,163.13,50.4,0.62,1480.4,1.106,1.178,0.939
RNST,Financial Services,Banks - Regional,2,False,✅,❌,❌,✅,❌,40.35,44.28,8.9,1.28,139.2,1.106,1.178,0.939
SPYD,その他,,2,False,✅,❌,❌,✅,❌,46.19,50.35,8.3,1.17,242.5,1.106,1.178,0.938
WTFC,Financial Services,Banks - Regional,2,False,❌,❌,❌,✅,✅,146.11,166.65,12.3,0.71,397.9,1.106,1.178,0.939
CARL,Healthcare,Health Information Services,2,False,✅,❌,❌,❌,✅,15.1,17.23,12.4,0.39,9.6,1.105,1.178,0.938
CRI,Consumer Cyclical,Apparel Retail,2,False,❌,❌,❌,✅,✅,31.31,43.94,28.7,1.42,194.7,1.105,1.178,0.938
FRME,Financial Services,Banks - Regional,2,False,✅,❌,❌,✅,❌,40.71,44.93,9.4,1.28,84.9,1.105,1.178,0.938
OPBK,Financial Services,Banks - Regional,2,False,✅,✅,❌,❌,❌,15.18,16.83,9.8,0.97,3.5,1.105,1.178,0.938
BKHA,Financial Services,Shell Companies,2,False,✅,✅,❌,❌,❌,12.27,13.1,6.3,4.99,0.1,1.104,1.178,0.937
MDU,Utilities,Utilities - Regulated Gas,2,False,❌,❌,❌,✅,✅,18.76,22.66,17.2,1.12,166.1,1.104,1.178,0.937
MXC,Energy,Oil & Gas E&P,2,False,✅,✅,❌,❌,❌,10.31,16.28,36.7,0.23,1.4,1.104,1.178,0.937
FRBA,Financial Services,Banks - Regional,2,False,✅,✅,❌,❌,❌,17.8,19.33,7.9,0.74,8.2,1.103,1.178,0.936
INDP,Healthcare,Biotechnology,2,False,❌,✅,❌,✅,❌,3.85,5.96,35.4,0.67,16.8,1.103,1.178,0.936
PLTY,その他,,2,False,✅,❌,❌,✅,❌,36.78,39.27,6.3,0.74,31.6,1.103,1.178,0.936
AIRR,その他,,2,False,❌,❌,❌,✅,✅,105.03,135.05,22.2,1.12,417.7,1.101,1.178,0.935
VSEC,Industrials,Aerospace & Defense,2,False,❌,❌,❌,✅,✅,180.77,247.85,27.1,0.94,422.7,1.101,1.178,0.935
INVA,Healthcare,Biotechnology,2,False,❌,❌,❌,✅,✅,20.74,25.15,17.5,1.87,88.6,1.1,1.178,0.933
MAGN,Consumer Defensive,Household & Personal Products,2,False,❌,❌,❌,✅,✅,12.13,15.52,21.8,1.0,23.9,1.1,1.178,0.933
YOU,Technology,Software - Application,2,False,❌,✅,❌,✅,❌,39.6,68.83,42.5,1.34,379.5,1.1,1.178,0.934
ESOA,Industrials,Engineering & Construction,2,False,❌,✅,❌,✅,❌,11.12,19.9,44.1,0.61,10.9,1.099,1.178,0.933
NEU,Basic Materials,Specialty Chemicals,2,False,✅,❌,❌,✅,❌,898.04,978.32,8.2,1.1,465.2,1.099,1.178,0.933
AMZY,その他,,2,False,✅,❌,❌,✅,❌,10.31,11.43,9.8,0.58,17.5,1.098,1.178,0.932
NGG,Utilities,Utilities - Regulated Electric,2,False,❌,❌,❌,✅,✅,75.49,92.22,18.1,0.91,432.3,1.098,1.178,0.932
PNW,Utilities,Utilities - Regulated Electric,2,False,❌,❌,❌,✅,✅,91.74,110.16,16.7,1.12,568.9,1.098,1.178,0.932
V,Financial Services,Credit Services,2,False,✅,❌,❌,✅,❌,367.38,385.57,4.7,0.82,12794.6,1.098,1.178,0.932
CASY,Consumer Cyclical,Specialty Retail,2,False,❌,✅,❌,✅,❌,598.46,927.15,35.5,1.38,1970.9,1.097,1.178,0.931
FTHI,その他,,2,False,✅,❌,❌,✅,❌,23.74,24.23,2.0,0.96,80.0,1.097,1.178,0.932
NWN,Utilities,Utilities - Regulated Gas,2,False,❌,❌,❌,✅,✅,47.04,54.92,14.4,1.06,62.4,1.097,1.178,0.931
ETR,Utilities,Utilities - Regulated Electric,2,False,❌,❌,❌,✅,✅,98.57,117.75,16.3,0.99,1563.9,1.095,1.178,0.93
NOBL,その他,,2,False,✅,❌,❌,✅,❌,54.97,59.0,6.8,0.92,284.8,1.095,1.178,0.929
BANR,Financial Services,Banks - Regional,2,False,✅,❌,❌,✅,❌,69.03,74.84,7.8,0.66,103.3,1.094,1.178,0.928
CZR,Consumer Cyclical,Resorts & Casinos,2,False,✅,❌,❌,✅,❌,29.59,30.88,4.2,1.27,814.5,1.094,1.178,0.929
SDVY,その他,,2,False,✅,❌,❌,✅,❌,41.32,45.0,8.2,0.86,201.2,1.094,1.178,0.929
SDY,その他,,2,False,✅,❌,❌,✅,❌,148.59,159.32,6.7,1.08,153.2,1.094,1.178,0.929
GLBE,Consumer Cyclical,Internet Retail,2,False,✅,❌,❌,✅,❌,40.17,43.99,8.7,1.07,281.6,1.093,1.178,0.928
LMT,Industrials,Aerospace & Defense,2,False,❌,❌,❌,✅,✅,519.56,683.27,24.0,0.95,3107.6,1.093,1.178,0.928
VNOM,Energy,Oil & Gas Midstream,2,False,❌,❌,❌,✅,✅,40.93,49.61,17.5,1.34,359.6,1.092,1.178,0.927
VONG,その他,,2,False,✅,❌,❌,✅,❌,129.95,132.62,2.0,0.66,722.3,1.092,1.178,0.927
MMSI,Healthcare,Medical Instruments & Supplies,2,False,✅,❌,❌,✅,❌,87.5,94.75,7.7,0.7,305.6,1.091,1.178,0.926
TNL,Consumer Cyclical,Travel Services,2,False,❌,❌,❌,✅,✅,63.66,78.92,19.3,0.94,260.3,1.091,1.178,0.926
EVRG,Utilities,Utilities - Regulated Electric,2,False,❌,❌,❌,✅,✅,78.04,87.89,11.2,0.95,822.2,1.09,1.178,0.926
BLMN,Consumer Cyclical,Restaurants,2,False,✅,❌,❌,✅,❌,7.88,12.63,37.6,1.05,92.4,1.088,1.178,0.923
CRBG,Financial Services,Asset Management,2,False,✅,❌,❌,✅,❌,34.87,35.64,2.2,0.94,693.0,1.088,1.178,0.924
IPI,Basic Materials,Agricultural Inputs,2,False,✅,❌,❌,✅,❌,34.04,50.34,32.4,0.97,37.4,1.088,1.178,0.923
CX,Basic Materials,Building Materials,2,False,❌,❌,❌,✅,✅,9.71,13.6,28.6,1.71,325.4,1.087,1.178,0.923
SDIV,その他,,2,False,✅,❌,❌,✅,❌,23.68,25.45,7.0,0.92,47.9,1.087,1.178,0.923
PHIN,Consumer Cyclical,Auto Parts,2,False,❌,❌,❌,✅,✅,62.04,86.55,28.3,0.94,133.8,1.086,1.178,0.922
SBXD,Financial Services,Shell Companies,2,False,✅,✅,❌,❌,❌,11.39,11.89,4.2,0.25,1.3,1.084,1.178,0.92
ARCO,Consumer Cyclical,Restaurants,2,False,❌,❌,❌,✅,✅,7.24,9.58,24.4,0.98,48.6,1.083,1.178,0.919
IAUI,その他,,2,False,❌,❌,❌,✅,✅,49.82,60.18,17.2,1.52,55.0,1.083,1.178,0.92
NDAQ,Financial Services,Financial Data & Stock Exchanges,2,False,✅,❌,❌,✅,❌,93.55,100.77,7.2,0.89,1563.8,1.083,1.178,0.919
ALTY,その他,,2,False,✅,✅,❌,❌,❌,11.9,12.39,4.0,0.54,1.0,1.082,1.178,0.918
XLP,その他,,2,False,✅,❌,❌,✅,❌,82.06,88.44,7.2,0.92,4444.1,1.081,1.178,0.918
ANNX,Healthcare,Biotechnology,2,False,❌,✅,❌,✅,❌,3.64,7.18,49.3,0.89,81.2,1.08,1.178,0.917
BC,Consumer Cyclical,Recreational Vehicles,2,False,❌,❌,❌,✅,✅,67.19,88.81,24.3,1.32,261.3,1.08,1.178,0.917
EG,Financial Services,Insurance - Reinsurance,2,False,✅,❌,❌,✅,❌,370.43,398.9,7.1,0.88,676.4,1.08,1.178,0.917
JEPI,その他,,2,False,✅,❌,❌,✅,❌,56.76,57.89,2.0,0.78,1296.5,1.08,1.178,0.917
BBD,Financial Services,Banks - Regional,2,False,❌,❌,❌,✅,✅,3.41,4.19,18.7,0.83,495.1,1.079,1.178,0.916
ITW,Industrials,Specialty Industrial Machinery,2,False,✅,❌,❌,✅,❌,274.32,301.92,9.1,1.03,1721.3,1.077,1.178,0.915
CLSK,Financial Services,Capital Markets,2,False,✅,❌,❌,✅,❌,13.95,23.61,40.9,0.89,1472.4,1.076,1.178,0.914
SBH,Consumer Cyclical,Specialty Retail,2,False,✅,❌,❌,✅,❌,17.18,17.92,4.1,0.87,102.5,1.075,1.178,0.913
TOWN,Financial Services,Banks - Regional,2,False,✅,❌,❌,✅,❌,36.36,39.03,6.8,0.83,105.7,1.075,1.178,0.913
CAPN,Financial Services,Shell Companies,2,False,✅,✅,❌,❌,❌,11.25,11.74,4.2,4.32,0.1,1.074,1.178,0.912
ACVA,Consumer Cyclical,Auto & Truck Dealerships,2,False,❌,✅,❌,✅,❌,10.46,10.5,0.4,1.41,239.0,1.072,1.178,0.91
AMR,Basic Materials,Coking Coal,2,False,✅,❌,❌,✅,❌,174.43,253.82,31.3,1.03,261.2,1.072,1.178,0.91
DON,その他,,2,False,✅,❌,❌,✅,❌,54.86,58.86,6.8,1.89,34.0,1.072,1.178,0.91
NXPI,Technology,Semiconductors,2,False,❌,❌,❌,✅,✅,238.08,337.28,29.4,0.98,5002.3,1.072,1.178,0.91
RYZ,Industrials,Metal Fabrication,2,False,❌,❌,❌,✅,✅,23.85,31.77,24.9,1.01,61.2,1.072,1.178,0.91
CMT,Basic Materials,Specialty Chemicals,2,False,✅,❌,❌,❌,✅,23.21,28.69,19.1,1.46,3.4,1.071,1.178,0.909
FLG,Financial Services,Banks - Regional,2,False,❌,❌,❌,✅,✅,12.37,15.43,19.8,1.19,303.8,1.071,1.178,0.909
FTAI,Industrials,Aerospace & Defense,2,False,❌,✅,❌,✅,❌,175.06,321.7,45.6,0.94,1377.2,1.07,1.178,0.908
MRCY,Industrials,Aerospace & Defense,2,False,❌,✅,❌,✅,❌,82.18,128.45,36.0,0.72,344.5,1.07,1.178,0.908
CBOE,Financial Services,Financial Data & Stock Exchanges,2,False,❌,✅,❌,✅,❌,258.03,369.38,30.1,0.75,1774.8,1.067,1.178,0.906
OSW,Consumer Cyclical,Leisure,2,False,❌,❌,❌,✅,✅,22.92,29.19,21.5,1.02,106.1,1.067,1.178,0.905
VALU,Financial Services,Financial Data & Stock Exchanges,2,False,✅,✅,❌,❌,❌,40.16,41.18,2.5,0.79,0.6,1.067,1.178,0.906
FTGS,その他,,2,False,✅,❌,❌,✅,❌,38.33,40.11,4.4,1.72,19.8,1.066,1.178,0.905
KXI,その他,,2,False,❌,✅,❌,✅,❌,66.62,72.78,8.5,0.96,29.4,1.066,1.178,0.905
ARTNA,Utilities,Utilities - Regulated Water,2,False,✅,❌,❌,❌,✅,33.25,36.98,10.1,0.98,5.5,1.064,1.178,0.903
PPG,Basic Materials,Specialty Chemicals,2,False,❌,❌,❌,✅,✅,107.52,130.99,17.9,0.93,974.2,1.064,1.178,0.904
TXNM,Utilities,Utilities - Regulated Electric,2,False,✅,❌,❌,✅,❌,58.52,59.1,1.0,1.38,401.5,1.064,1.178,0.903
AVGO,Technology,Semiconductors,2,False,❌,❌,❌,✅,✅,352.81,493.32,28.5,0.88,46633.6,1.062,1.178,0.902
CHAR,Financial Services,Shell Companies,2,False,✅,✅,❌,❌,❌,10.99,11.48,4.2,0.19,0.5,1.062,1.178,0.901
PTCT,Healthcare,Biotechnology,2,False,❌,✅,❌,✅,❌,62.67,90.87,31.0,0.89,543.0,1.062,1.178,0.902
SEB,Industrials,Conglomerates,2,False,❌,✅,❌,✅,❌,3969.18,5983.34,33.7,0.72,249.9,1.061,1.178,0.901
WTRG,Utilities,Utilities - Regulated Water,2,False,✅,❌,❌,✅,❌,39.53,42.51,7.0,1.21,391.2,1.061,1.178,0.901
HNI,Consumer Cyclical,"Furnishings, Fixtures & Appliances",2,False,✅,❌,❌,✅,❌,47.21,51.45,8.2,0.92,126.8,1.06,1.178,0.9
QETA,Financial Services,Shell Companies,2,False,✅,✅,❌,❌,❌,11.85,13.07,9.3,0.0,0.1,1.06,1.178,0.9
GNE,Utilities,Utilities - Regulated Electric,2,False,✅,✅,❌,❌,❌,15.92,16.55,3.8,0.91,5.8,1.059,1.178,0.899
PCEF,その他,,2,False,✅,❌,❌,✅,❌,19.52,20.36,4.1,1.27,10.7,1.059,1.178,0.899
CPSY,その他,,2,False,✅,✅,❌,❌,❌,26.11,26.13,0.1,0.67,0.1,1.058,1.178,0.898
FAST,Industrials,Industrial Distribution,2,False,✅,❌,❌,✅,❌,50.43,52.92,4.7,1.02,1687.0,1.058,1.178,0.898
TPR,Consumer Cyclical,Luxury Goods,2,False,❌,✅,❌,✅,❌,113.88,164.18,30.6,0.96,1882.6,1.058,1.178,0.898
CPSL,その他,,2,False,✅,✅,❌,❌,❌,28.35,28.4,0.2,0.47,4.7,1.056,1.178,0.896
FSHP,Financial Services,Shell Companies,2,False,✅,✅,❌,❌,❌,11.25,12.0,6.2,0.0,0.5,1.056,1.178,0.897
FVD,その他,,2,False,✅,❌,❌,✅,❌,47.53,51.41,7.5,1.18,135.6,1.056,1.178,0.897
LYV,Communication Services,Entertainment,2,False,✅,❌,❌,✅,❌,170.87,189.25,9.7,0.84,1844.2,1.056,1.178,0.896
WMT,Consumer Defensive,Discount Stores,2,False,❌,❌,❌,✅,✅,107.98,134.84,19.9,0.95,13147.3,1.056,1.178,0.896
EQH,Financial Services,Asset Management,2,False,✅,❌,❌,✅,❌,53.84,55.06,2.2,0.82,784.9,1.055,1.178,0.896
GATX,Industrials,Rental & Leasing Services,2,False,✅,❌,❌,✅,❌,183.73,204.02,9.9,1.29,196.7,1.054,1.178,0.894
IGF,その他,,2,False,❌,✅,❌,✅,❌,62.38,68.63,9.1,1.3,254.1,1.054,1.178,0.894
YHNA,Financial Services,Shell Companies,2,False,✅,✅,❌,❌,❌,11.04,12.0,8.0,0.15,0.4,1.054,1.178,0.895
CIG,Utilities,Utilities - Regulated Electric,2,False,❌,❌,❌,✅,✅,2.06,2.65,22.1,0.81,59.1,1.053,1.178,0.893
HON,Industrials,Conglomerates,2,False,❌,❌,❌,✅,✅,212.55,258.09,17.6,0.75,4481.7,1.053,1.178,0.894
HYZD,その他,,2,False,✅,✅,❌,❌,❌,22.4,22.8,1.7,1.24,8.8,1.051,1.178,0.892
RNRG,その他,,2,False,❌,✅,❌,❌,✅,32.46,39.46,17.8,0.2,1.1,1.051,1.178,0.892
INKM,その他,,2,False,✅,✅,❌,❌,❌,33.4,34.96,4.5,3.84,1.6,1.05,1.178,0.891
NBHC,Financial Services,Banks - Regional,2,False,❌,❌,❌,✅,✅,40.17,46.91,14.4,1.41,80.8,1.05,1.178,0.892
D,Utilities,Utilities - Regulated Electric,2,False,❌,❌,❌,✅,✅,60.68,72.26,16.0,0.99,1906.1,1.049,1.178,0.89
MISL,その他,,2,False,❌,❌,❌,✅,✅,42.64,51.07,16.5,0.93,23.7,1.049,1.178,0.891
SRLN,その他,,2,False,✅,❌,❌,✅,❌,40.54,40.8,0.6,1.26,348.9,1.049,1.178,0.89
BRF,その他,,2,False,❌,✅,❌,❌,✅,16.09,20.44,21.3,0.6,0.5,1.048,1.178,0.89
BKLN,その他,,2,False,✅,❌,❌,✅,❌,20.53,20.59,0.3,1.32,805.3,1.047,1.178,0.889
HCA,Healthcare,Medical Care Facilities,2,False,❌,❌,❌,✅,✅,435.61,553.56,21.3,0.83,3047.8,1.047,1.178,0.888
JGRO,その他,,2,False,✅,❌,❌,✅,❌,97.18,99.73,2.6,1.0,269.7,1.047,1.178,0.889
L,Financial Services,Insurance - Property & Casualty,2,False,❌,❌,❌,✅,✅,104.82,120.94,13.3,1.36,457.2,1.047,1.178,0.889
CLPS,Technology,Information Technology Services,2,False,✅,✅,❌,❌,❌,1.03,1.88,45.5,0.33,0.1,1.046,1.178,0.888
EWG,その他,,2,False,✅,❌,❌,✅,❌,42.26,44.85,5.8,1.11,209.2,1.046,1.178,0.888
HOMB,Financial Services,Banks - Regional,2,False,✅,❌,❌,✅,❌,29.19,31.54,7.5,0.89,235.2,1.046,1.178,0.888
FEMB,その他,,2,False,✅,❌,❌,✅,❌,28.63,30.14,5.0,0.98,11.4,1.044,1.178,0.886
USPH,Healthcare,Medical Care Facilities,2,False,✅,❌,❌,✅,❌,84.84,91.15,6.9,0.77,76.5,1.044,1.178,0.886
XIFR,Utilities,Utilities - Renewable,2,False,❌,❌,❌,✅,✅,10.55,13.25,20.4,1.15,52.0,1.044,1.178,0.886
ECL,Basic Materials,Specialty Chemicals,2,False,✅,❌,❌,✅,❌,279.49,306.79,8.9,0.7,1941.3,1.043,1.178,0.885
FACT,その他,,2,False,✅,✅,❌,❌,❌,10.72,10.75,0.3,0.05,2.9,1.043,1.178,0.885
EMLC,その他,,2,False,✅,❌,❌,✅,❌,24.96,25.79,3.2,0.99,252.8,1.042,1.178,0.885
ITA,その他,,2,False,❌,❌,❌,✅,✅,213.81,256.3,16.6,1.13,820.4,1.042,1.178,0.885
ALDF,Financial Services,Shell Companies,2,False,✅,✅,❌,❌,❌,10.83,10.83,0.0,1.45,1.4,1.041,1.178,0.884
AGPU,Technology,Software - Infrastructure,2,False,✅,❌,❌,✅,❌,12.09,32.1,62.3,0.91,16.5,1.04,1.178,0.883
GFI,Basic Materials,Gold,2,False,✅,❌,❌,✅,❌,40.38,58.57,31.1,0.8,668.9,1.04,1.178,0.883
GPN,Industrials,Specialty Business Services,2,False,✅,❌,❌,✅,❌,86.49,95.61,9.5,0.75,1248.3,1.039,1.178,0.882
SIMA,Financial Services,Shell Companies,2,False,✅,❌,❌,❌,✅,10.93,12.9,15.3,1.29,0.3,1.039,1.178,0.882
TSLS,その他,,2,False,❌,❌,❌,✅,✅,54.65,69.32,21.2,0.52,120.0,1.039,1.178,0.882
FTCS,その他,,2,False,✅,❌,❌,✅,❌,95.2,102.57,7.2,0.65,245.6,1.038,1.178,0.881
HYBL,その他,,2,False,✅,❌,❌,✅,❌,27.71,28.16,1.6,0.96,14.3,1.038,1.178,0.881
LPBB,Financial Services,Shell Companies,2,False,✅,✅,❌,❌,❌,10.83,10.85,0.2,2.1,2.5,1.038,1.178,0.881
OMAB,Industrials,Airports & Air Services,2,False,❌,❌,❌,✅,✅,103.03,131.18,21.5,1.64,43.2,1.038,1.178,0.881
SSD,Basic Materials,Lumber & Wood Production,2,False,❌,❌,❌,✅,✅,176.55,213.18,17.2,1.06,272.2,1.038,1.178,0.881
CHAU,その他,,2,False,❌,❌,❌,✅,✅,19.92,25.96,23.3,0.46,11.1,1.036,1.178,0.879
FDN,その他,,2,False,✅,❌,❌,✅,❌,291.61,299.0,2.5,0.58,436.1,1.036,1.178,0.88
SHV,その他,,2,False,✅,❌,❌,✅,❌,110.27,110.38,0.1,0.97,1374.5,1.036,1.178,0.879
TRN,Industrials,Railroads,2,False,❌,❌,❌,✅,✅,27.91,38.31,27.1,0.91,111.5,1.036,1.178,0.879
FTSM,その他,,2,False,✅,❌,❌,✅,❌,59.72,60.91,2.0,1.28,196.2,1.035,1.178,0.879
JPST,その他,,2,False,✅,❌,❌,✅,❌,50.37,50.55,0.4,1.07,1566.7,1.035,1.178,0.878
VFH,その他,,2,False,✅,❌,❌,✅,❌,133.67,142.72,6.3,1.72,357.4,1.035,1.178,0.878
NTWK,Technology,Software - Application,2,False,✅,❌,❌,❌,✅,4.9,5.75,14.8,1.85,0.6,1.034,1.178,0.877
XLF,その他,,2,False,✅,❌,❌,✅,❌,54.84,58.39,6.1,1.24,8928.6,1.034,1.178,0.878
BEAG,Financial Services,Shell Companies,2,False,✅,✅,❌,❌,❌,10.71,11.11,3.6,4.02,1.7,1.033,1.178,0.877
SIM,Basic Materials,Steel,2,False,❌,✅,❌,❌,✅,28.85,34.59,16.6,2.3,1.5,1.033,1.178,0.877
BTBD,Consumer Cyclical,Restaurants,2,False,✅,❌,❌,❌,✅,1.94,2.48,21.8,0.35,0.3,1.032,1.178,0.876
FELE,Industrials,Specialty Industrial Machinery,2,False,❌,❌,❌,✅,✅,97.07,115.53,16.0,1.04,138.5,1.032,1.178,0.876
NEE,Utilities,Utilities - Regulated Electric,2,False,❌,❌,❌,✅,✅,76.08,97.3,21.8,1.12,4780.9,1.032,1.178,0.876
EBND,その他,,2,False,✅,❌,❌,✅,❌,20.69,21.22,2.5,1.19,26.9,1.029,1.178,0.873
LLYVK,Communication Services,Entertainment,2,False,✅,❌,❌,✅,❌,99.36,109.75,9.5,0.69,172.6,1.029,1.178,0.873
SSBI,Financial Services,Banks - Regional,2,False,❌,✅,❌,❌,✅,12.44,14.0,11.2,0.82,0.3,1.029,1.178,0.873
DNOW,Industrials,Industrial Distribution,2,False,✅,❌,❌,✅,❌,15.93,17.26,7.7,0.64,188.1,1.028,1.178,0.872
LEDS,Technology,Semiconductors,2,False,✅,✅,❌,❌,❌,2.24,3.62,38.1,0.05,8.8,1.028,1.178,0.872
GYRE,Healthcare,Biotechnology,2,False,❌,✅,❌,❌,✅,7.35,9.42,22.0,2.42,3.4,1.027,1.178,0.871
LLYVA,Communication Services,Entertainment,2,False,✅,❌,❌,✅,❌,96.32,106.06,9.2,0.42,112.2,1.027,1.178,0.872
OACC,Financial Services,Shell Companies,2,False,✅,✅,❌,❌,❌,10.78,10.88,0.9,1.06,1.1,1.027,1.178,0.871
VOT,その他,,2,False,✅,❌,❌,✅,❌,297.3,315.15,5.7,1.07,281.2,1.027,1.178,0.872
YMAX,その他,,2,False,✅,❌,❌,✅,❌,7.77,8.06,3.6,0.98,52.8,1.027,1.178,0.872
IDA,Utilities,Utilities - Regulated Electric,2,False,❌,❌,❌,✅,✅,129.78,153.97,15.7,0.98,378.9,1.026,1.178,0.871
BCBP,Financial Services,Banks - Regional,2,False,❌,✅,❌,❌,✅,8.75,11.71,25.3,2.74,10.0,1.025,1.178,0.87
CEPO,Financial Services,Shell Companies,2,False,✅,✅,❌,❌,❌,10.77,10.97,1.9,0.43,7.6,1.025,1.178,0.87
HYTI,その他,,2,False,✅,✅,❌,❌,❌,18.5,19.02,2.7,2.22,2.7,1.025,1.178,0.87
IYR,その他,,2,False,❌,❌,❌,✅,✅,96.63,107.37,10.0,1.08,2719.5,1.025,1.178,0.87
RMBS,Technology,Semiconductors,2,False,❌,✅,❌,✅,❌,105.16,174.1,39.6,1.22,1476.2,1.025,1.178,0.87
TRS,Consumer Cyclical,Packaging & Containers,2,False,❌,❌,❌,✅,✅,39.15,45.39,13.7,0.79,83.5,1.024,1.178,0.869
BBHY,その他,,2,False,✅,❌,❌,✅,❌,44.74,45.89,2.5,1.45,12.6,1.023,1.178,0.868
PLTS,Technology,Software - Application,2,False,✅,✅,❌,❌,❌,17.5,18.5,5.4,0.0,0.0,1.023,1.178,0.869
SJNK,その他,,2,False,✅,❌,❌,✅,❌,24.42,24.92,2.0,1.3,273.4,1.023,1.178,0.869
VRSN,Technology,Software - Infrastructure,2,False,✅,❌,❌,✅,❌,287.25,311.57,7.8,1.03,1088.5,1.023,1.178,0.868
EGHT,Technology,Software - Application,2,False,❌,❌,❌,✅,✅,2.3,2.88,20.1,1.53,16.9,1.022,1.178,0.868
HUN,Basic Materials,Chemicals,2,False,❌,✅,❌,✅,❌,8.9,15.94,44.2,0.47,250.4,1.022,1.178,0.867
JNK,その他,,2,False,✅,❌,❌,✅,❌,93.61,96.08,2.6,1.3,1249.3,1.022,1.178,0.867
BOTZ,その他,,2,False,❌,❌,❌,✅,✅,35.4,41.69,15.1,0.76,148.6,1.021,1.178,0.866
MSFO,その他,,2,False,✅,✅,❌,❌,❌,12.34,13.01,5.1,0.53,5.2,1.021,1.178,0.867
SBSW,Basic Materials,Other Precious Metals & Mining,2,False,✅,❌,❌,✅,❌,10.61,19.83,46.5,1.34,258.0,1.021,1.178,0.866
KT,Communication Services,Telecom Services,2,False,❌,❌,❌,✅,✅,19.7,24.58,19.9,0.8,142.1,1.02,1.178,0.866
WDFC,Basic Materials,Specialty Chemicals,2,False,❌,✅,❌,✅,❌,199.17,297.71,33.1,0.87,160.3,1.02,1.178,0.866
CLAR,Consumer Cyclical,Leisure,2,False,✅,✅,❌,❌,❌,3.58,3.95,9.4,0.42,3.2,1.019,1.178,0.865
CTRM,Industrials,Marine Shipping,2,False,✅,❌,❌,❌,✅,2.14,2.66,19.5,1.02,0.5,1.019,1.178,0.865
HYG,その他,,2,False,✅,❌,❌,✅,❌,77.86,79.81,2.4,1.67,13029.8,1.019,1.178,0.865
CME,Financial Services,Financial Data & Stock Exchanges,2,False,❌,❌,❌,✅,✅,264.48,318.32,16.9,0.6,3504.3,1.017,1.178,0.863
CNX,Energy,Oil & Gas E&P,2,False,❌,❌,❌,✅,✅,32.79,43.62,24.8,1.2,292.8,1.017,1.178,0.864
OGE,Utilities,Utilities - Regulated Electric,2,False,❌,❌,❌,✅,✅,44.81,50.59,11.4,1.35,325.8,1.016,1.178,0.863
PFFV,その他,,2,False,✅,✅,❌,❌,❌,21.81,22.09,1.3,2.06,8.5,1.016,1.178,0.862
SHY,その他,,2,False,✅,❌,❌,✅,❌,81.21,81.92,0.9,1.28,1446.6,1.016,1.178,0.862
NRXP,Healthcare,Biotechnology,2,False,✅,❌,❌,✅,❌,2.99,5.05,40.8,0.54,19.5,1.015,1.178,0.862
IGSB,その他,,2,False,❌,✅,❌,✅,❌,51.32,52.09,1.5,2.01,788.1,1.014,1.178,0.861
NWGL,Basic Materials,Lumber & Wood Production,2,False,❌,✅,❌,❌,✅,1.42,1.98,28.3,0.07,5.1,1.014,1.178,0.861
AGI,Basic Materials,Gold,2,False,❌,✅,❌,✅,❌,34.5,55.24,37.5,0.93,693.6,1.013,1.178,0.859
ALRM,Technology,Software - Application,2,False,✅,❌,❌,✅,❌,53.38,58.15,8.2,0.91,117.1,1.013,1.178,0.859
COST,Consumer Defensive,Discount Stores,2,False,❌,❌,❌,✅,✅,922.77,1094.76,15.7,1.27,10443.3,1.013,1.178,0.86
BCC,Basic Materials,Lumber & Wood Production,2,False,❌,❌,❌,✅,✅,77.14,91.16,15.4,0.72,141.9,1.012,1.178,0.859
MSI,Technology,Communication Equipment,2,False,✅,❌,❌,✅,❌,456.88,493.57,7.4,0.75,2166.5,1.012,1.178,0.859
CBSH,Financial Services,Banks - Regional,2,False,✅,❌,❌,✅,❌,56.44,60.63,6.9,0.98,311.0,1.011,1.178,0.858
MA,Financial Services,Credit Services,2,False,✅,❌,❌,✅,❌,567.65,601.23,5.6,0.87,8399.7,1.011,1.178,0.858
SG,Consumer Cyclical,Restaurants,2,False,❌,❌,❌,✅,✅,8.24,10.63,22.5,0.91,213.3,1.011,1.178,0.858
BSV,その他,,2,False,❌,✅,❌,✅,❌,76.5,77.73,1.6,2.41,1029.1,1.01,1.178,0.857
EIX,Utilities,Utilities - Regulated Electric,2,False,❌,✅,❌,✅,❌,52.65,81.62,35.5,1.01,1188.5,1.01,1.178,0.857
FALN,その他,,2,False,✅,❌,❌,✅,❌,26.21,27.03,3.0,0.58,110.6,1.01,1.178,0.857
INMB,Healthcare,Biotechnology,2,False,❌,✅,❌,❌,✅,2.03,2.6,21.9,0.5,5.3,1.01,1.178,0.857
QCML,その他,,2,False,❌,✅,❌,✅,❌,22.05,41.9,47.4,0.58,161.1,1.01,1.178,0.857
IHY,その他,,2,False,✅,✅,❌,❌,❌,21.07,21.77,3.2,2.66,1.1,1.009,1.178,0.856
KPRX,Healthcare,Biotechnology,2,False,✅,❌,❌,❌,✅,2.63,2.95,10.8,0.38,0.3,1.008,1.178,0.855
TOL,Consumer Cyclical,Residential Construction,2,False,❌,❌,❌,✅,✅,137.34,167.75,18.1,1.22,731.1,1.008,1.178,0.856
BJ,Consumer Defensive,Discount Stores,2,False,❌,❌,❌,✅,✅,93.79,105.78,11.3,0.94,873.5,1.007,1.178,0.855
IAGG,その他,,2,False,❌,✅,❌,✅,❌,49.33,50.88,3.1,3.17,471.9,1.007,1.178,0.855
MIDD,Industrials,Specialty Industrial Machinery,2,False,❌,❌,❌,✅,✅,107.66,148.55,27.5,0.77,419.3,1.006,1.178,0.854
ZWS,Industrials,Pollution & Treatment Controls,2,False,❌,❌,❌,✅,✅,46.65,54.88,15.0,0.78,217.2,1.006,1.178,0.854
DOLE,Consumer Defensive,Farm Products,2,False,❌,❌,❌,✅,✅,12.98,16.27,20.2,0.76,73.7,1.005,1.178,0.853
FOR,Real Estate,Real Estate - Development,2,False,❌,❌,❌,✅,✅,26.49,32.06,17.4,1.28,19.8,1.005,1.178,0.853
FSIG,その他,,2,False,❌,✅,❌,✅,❌,18.43,18.86,2.3,0.67,30.1,1.004,1.178,0.852
HSTM,Healthcare,Health Information Services,2,False,✅,❌,❌,✅,❌,29.1,31.07,6.3,0.77,27.7,1.004,1.178,0.852
JKHY,Technology,Information Technology Services,2,False,❌,❌,❌,✅,✅,147.79,191.13,22.7,0.73,937.9,1.004,1.178,0.853
LIN,Basic Materials,Specialty Chemicals,2,False,❌,❌,❌,✅,✅,469.89,546.4,14.0,0.91,5243.6,1.004,1.178,0.852
AFG,Financial Services,Insurance - Property & Casualty,2,False,✅,❌,❌,✅,❌,138.22,148.71,7.1,0.76,288.2,1.002,1.178,0.851
NTIC,Basic Materials,Specialty Chemicals,2,False,❌,✅,❌,❌,✅,7.8,10.02,22.1,0.59,0.4,1.002,1.178,0.851
AEE,Utilities,Utilities - Regulated Electric,2,False,❌,❌,❌,✅,✅,99.39,117.49,15.4,1.2,875.5,1.001,1.178,0.85
ESNT,Financial Services,Insurance - Specialty,2,False,✅,❌,❌,✅,❌,63.73,70.07,9.0,1.19,226.3,1.001,1.178,0.85
BNGO,Healthcare,Medical Instruments & Supplies,2,False,❌,✅,❌,❌,✅,1.66,2.23,25.6,1.24,5.0,1.0,1.178,0.849
STRT,Consumer Cyclical,Auto Parts,2,False,❌,❌,❌,✅,✅,66.92,93.0,28.0,0.82,35.0,1.0,1.178,0.849
TXRH,Consumer Cyclical,Restaurants,2,False,❌,❌,❌,✅,✅,159.75,215.47,25.9,1.41,915.8,0.999,1.178,0.848
FGBI,Financial Services,Banks - Regional,2,False,❌,✅,❌,❌,✅,8.01,11.0,27.2,0.44,1.6,0.997,1.178,0.846
ONDS,Technology,Communication Equipment,2,False,❌,✅,❌,✅,❌,7.64,15.28,50.0,0.96,3368.9,0.997,1.178,0.847
MAS,Industrials,Building Products & Equipment,2,False,❌,❌,❌,✅,✅,68.85,83.27,17.3,0.89,854.4,0.996,1.178,0.845
NNI,Financial Services,Credit Services,2,False,❌,❌,❌,✅,✅,124.34,143.64,13.4,0.96,86.3,0.996,1.178,0.845
VMBS,その他,,2,False,❌,✅,❌,✅,❌,44.82,46.74,4.1,2.34,320.5,0.996,1.178,0.846
IMUX,Healthcare,Biotechnology,2,False,❌,✅,❌,✅,❌,9.35,17.43,46.4,2.05,15.1,0.995,1.178,0.845
IRON,Healthcare,Biotechnology,2,False,✅,❌,❌,✅,❌,65.24,99.5,34.4,0.9,185.7,0.995,1.178,0.845
ALLY,Financial Services,Credit Services,2,False,❌,❌,❌,✅,✅,38.79,46.96,17.4,1.1,661.7,0.994,1.178,0.844
HAIL,その他,,2,False,❌,✅,❌,❌,✅,34.7,44.57,22.2,0.48,0.5,0.993,1.178,0.843
IBLC,その他,,2,False,✅,❌,❌,❌,✅,48.6,64.81,25.0,0.5,3.3,0.993,1.178,0.843
LNT,Utilities,Utilities - Regulated Electric,2,False,❌,❌,❌,✅,✅,63.6,78.22,18.7,1.15,830.0,0.993,1.178,0.843
BOSC,Technology,Communication Equipment,2,False,✅,❌,❌,❌,✅,4.74,6.72,29.5,0.43,0.9,0.992,1.178,0.842
MBB,その他,,2,False,❌,✅,❌,✅,❌,90.34,94.59,4.5,5.97,1388.7,0.992,1.178,0.842
RIVN,Consumer Cyclical,Auto Manufacturers,2,False,❌,✅,❌,✅,❌,15.47,22.69,31.8,0.72,2297.9,0.992,1.178,0.842
SEG,Real Estate,Real Estate Services,2,False,✅,❌,❌,❌,✅,23.4,29.61,21.0,1.28,8.5,0.992,1.178,0.842
SPMB,その他,,2,False,❌,✅,❌,✅,❌,21.32,22.37,4.7,2.3,133.0,0.992,1.178,0.842
AWX,Industrials,Waste Management,2,False,✅,✅,❌,❌,❌,2.59,5.43,52.4,0.14,0.4,0.991,1.178,0.841
FE,Utilities,Utilities - Regulated Electric,2,False,❌,❌,❌,✅,✅,43.3,51.3,15.6,0.89,965.4,0.991,1.178,0.842
FRHC,Financial Services,Financial Conglomerates,2,False,✅,❌,❌,✅,❌,172.08,178.0,3.3,0.69,106.3,0.991,1.178,0.842
ORN,Industrials,Engineering & Construction,2,False,❌,✅,❌,✅,❌,8.58,17.4,50.7,1.3,28.1,0.991,1.178,0.841
TBLA,Communication Services,Internet Content & Information,2,False,❌,✅,❌,✅,❌,3.48,5.71,39.1,0.67,62.5,0.991,1.178,0.842
BBAG,その他,,2,False,❌,✅,❌,✅,❌,44.1,45.99,4.1,1.35,26.1,0.99,1.178,0.84
PCYO,Utilities,Utilities - Regulated Water,2,False,✅,❌,❌,❌,✅,10.87,12.44,12.6,1.33,3.8,0.99,1.178,0.84
RGS,Consumer Cyclical,Personal Services,2,False,✅,✅,❌,❌,❌,28.36,31.5,10.0,1.1,1.0,0.99,1.178,0.841
SPAB,その他,,2,False,❌,✅,❌,✅,❌,24.53,25.55,4.0,0.96,305.8,0.99,1.178,0.84
SPKL,Financial Services,Shell Companies,2,False,❌,✅,❌,❌,✅,11.59,13.93,16.8,0.5,3.7,0.99,1.178,0.841
CTAS,Industrials,Specialty Business Services,2,False,✅,❌,❌,✅,❌,199.91,218.6,8.6,1.24,1997.7,0.989,1.178,0.839
ULTA,Consumer Cyclical,Specialty Retail,2,False,❌,❌,❌,✅,✅,545.2,714.97,23.7,0.58,1712.4,0.988,1.178,0.838
NNDM,Technology,Computer Hardware,2,False,❌,✅,❌,✅,❌,1.57,2.32,32.3,0.45,23.2,0.987,1.178,0.838
PG,Consumer Defensive,Household & Personal Products,2,False,❌,❌,❌,✅,✅,146.23,164.77,11.3,0.74,6153.2,0.987,1.178,0.838
VGIT,その他,,2,False,❌,✅,❌,✅,❌,56.9,59.4,4.2,1.37,1136.4,0.987,1.178,0.837
AWK,Utilities,Utilities - Regulated Water,2,False,✅,❌,❌,✅,❌,130.91,142.37,8.0,0.78,1372.9,0.986,1.178,0.837
CLWT,Industrials,Pollution & Treatment Controls,2,False,✅,✅,❌,❌,❌,1.37,2.68,48.9,0.01,9.6,0.986,1.178,0.837
VNM,その他,,2,False,❌,❌,❌,✅,✅,17.27,19.85,13.0,0.56,52.9,0.986,1.178,0.837
ELDN,Healthcare,Biotechnology,2,False,❌,✅,❌,✅,❌,2.65,4.6,42.4,0.99,20.2,0.985,1.178,0.836
FTCB,その他,,2,False,❌,✅,❌,✅,❌,19.93,21.11,5.6,0.85,64.9,0.985,1.178,0.836
MDLZ,Consumer Defensive,Confectioners,2,False,✅,❌,❌,✅,❌,60.25,66.65,9.6,0.96,2509.9,0.984,1.178,0.835
FLGT,Healthcare,Diagnostics & Research,2,False,❌,❌,❌,✅,✅,22.2,31.04,28.5,0.84,31.7,0.983,1.178,0.834
ACAD,Healthcare,Biotechnology,2,False,✅,❌,❌,✅,❌,20.68,30.96,33.2,1.78,202.3,0.982,1.178,0.834
VFC,Consumer Cyclical,Apparel Manufacturing,2,False,❌,✅,❌,✅,❌,14.15,22.0,35.7,1.13,572.0,0.982,1.178,0.834
AGGY,その他,,2,False,❌,✅,❌,✅,❌,41.48,43.59,4.8,3.27,27.8,0.981,1.178,0.833
EHC,Healthcare,Medical Care Facilities,2,False,✅,❌,❌,✅,❌,123.47,127.5,3.2,1.09,506.1,0.981,1.178,0.833
ENB,Energy,Oil & Gas Midstream,2,False,❌,❌,❌,✅,✅,46.74,57.66,18.9,1.02,1200.1,0.981,1.178,0.832
ORI,Financial Services,Insurance - Property & Casualty,2,False,❌,❌,❌,✅,✅,37.74,45.66,17.4,1.12,264.4,0.981,1.178,0.832
AVA,Utilities,Utilities - Diversified,2,False,❌,❌,❌,✅,✅,35.11,42.56,17.5,1.0,137.6,0.98,1.178,0.831
LINC,Consumer Defensive,Education & Training Services,2,False,❌,✅,❌,✅,❌,22.46,56.34,60.1,1.12,132.0,0.98,1.178,0.832
TOTL,その他,,2,False,❌,✅,❌,✅,❌,37.67,39.6,4.9,2.31,102.7,0.98,1.178,0.832
LMAT,Healthcare,Medical Instruments & Supplies,2,False,❌,✅,❌,✅,❌,81.52,117.37,30.5,0.78,148.3,0.978,1.178,0.83
LQTI,その他,,2,False,❌,✅,❌,❌,✅,18.23,20.9,12.8,3.13,9.5,0.978,1.178,0.83
GXIG,その他,,2,False,❌,✅,❌,❌,✅,23.76,27.02,12.1,0.52,0.5,0.977,1.178,0.83
PHI,Communication Services,Telecom Services,2,False,❌,❌,❌,✅,✅,17.2,22.69,24.2,1.11,14.3,0.976,1.178,0.828
AIG,Financial Services,Insurance - Diversified,2,False,❌,❌,❌,✅,✅,74.17,85.64,13.4,0.95,1398.7,0.975,1.178,0.827
NBIX,Healthcare,Drug Manufacturers - Specialty & Generic,2,False,❌,❌,❌,✅,✅,138.4,186.12,25.6,1.13,947.1,0.975,1.178,0.827
NKTR,Healthcare,Biotechnology,2,False,❌,✅,❌,✅,❌,57.06,109.0,47.7,2.37,314.4,0.975,1.178,0.828
RWX,その他,,2,False,❌,✅,❌,❌,✅,25.8,29.55,12.7,0.92,4.6,0.975,1.178,0.827
ACEL,Consumer Cyclical,Gambling,2,False,❌,❌,❌,✅,✅,11.07,14.0,20.9,1.18,17.7,0.974,1.178,0.826
AURA,Healthcare,Biotechnology,2,False,❌,✅,❌,✅,❌,6.0,9.53,37.1,1.39,23.1,0.974,1.178,0.827
WMS,Industrials,Building Products & Equipment,2,False,❌,❌,❌,✅,✅,133.13,178.61,25.5,0.91,553.3,0.974,1.178,0.827
AMPH,Healthcare,Drug Manufacturers - Specialty & Generic,2,False,❌,❌,❌,✅,✅,26.13,29.52,11.5,0.96,54.3,0.973,1.178,0.826
CARR,Industrials,Building Products & Equipment,2,False,❌,❌,❌,✅,✅,56.37,76.48,26.3,1.05,1960.5,0.973,1.178,0.826
CASH,Financial Services,Banks - Regional,2,False,❌,❌,❌,✅,✅,73.8,101.13,27.0,0.97,87.2,0.973,1.178,0.826
CVCO,Consumer Cyclical,Residential Construction,2,False,❌,❌,❌,✅,✅,557.28,713.01,21.8,1.0,321.7,0.973,1.178,0.826
TSN,Consumer Defensive,Farm Products,2,False,❌,❌,❌,✅,✅,50.92,68.26,25.4,1.02,918.5,0.973,1.178,0.826
XENE,Healthcare,Biotechnology,2,False,❌,✅,❌,✅,❌,36.94,72.66,49.2,2.22,367.7,0.973,1.178,0.826
CI,Healthcare,Healthcare Plans,2,False,❌,❌,❌,✅,✅,272.01,308.48,11.8,1.0,2223.5,0.972,1.178,0.825
CTRI,Utilities,Utilities - Regulated Gas,2,False,❌,✅,❌,✅,❌,20.51,42.99,52.3,1.28,201.9,0.972,1.178,0.825
IEF,その他,,2,False,❌,✅,❌,✅,❌,90.0,95.8,6.1,1.7,3302.2,0.972,1.178,0.825
RGCO,Utilities,Utilities - Regulated Gas,2,False,❌,✅,❌,❌,✅,21.28,27.99,24.0,1.06,1.5,0.972,1.178,0.825
CNP,Utilities,Utilities - Regulated Electric,2,False,❌,❌,❌,✅,✅,36.84,44.99,18.1,1.07,1244.1,0.971,1.178,0.824
NATH,Consumer Cyclical,Restaurants,2,False,❌,✅,❌,✅,❌,101.55,109.26,7.1,2.24,12.6,0.971,1.178,0.824
STHO,Real Estate,Real Estate Services,2,False,✅,❌,❌,❌,✅,8.23,9.94,17.2,1.1,0.7,0.971,1.178,0.824
WOOD,その他,,2,False,❌,✅,❌,❌,✅,69.31,82.55,16.0,0.8,6.9,0.971,1.178,0.825
UL,Consumer Defensive,Household & Personal Products,2,False,❌,❌,❌,✅,✅,62.54,73.41,14.8,0.6,1155.3,0.969,1.178,0.823
WRBY,Healthcare,Medical Instruments & Supplies,2,False,❌,❌,❌,✅,✅,26.71,31.0,13.8,1.53,388.8,0.968,1.178,0.821
VEEV,Healthcare,Health Information Services,2,False,✅,❌,❌,✅,❌,280.68,310.5,9.6,0.74,2095.5,0.967,1.178,0.821
BKCH,その他,,2,False,✅,❌,❌,✅,❌,74.94,121.45,38.3,0.72,29.4,0.966,1.178,0.82
BURL,Consumer Cyclical,Apparel Retail,2,False,❌,✅,❌,✅,❌,254.69,378.33,32.7,1.56,1558.4,0.966,1.178,0.82
REYN,Consumer Cyclical,Packaging & Containers,2,False,❌,❌,❌,✅,✅,21.67,27.08,20.0,1.1,147.7,0.966,1.178,0.82
ADUS,Healthcare,Medical Care Facilities,2,False,✅,❌,❌,✅,❌,113.19,124.44,9.0,0.8,119.1,0.965,1.178,0.819
MAZE,Healthcare,Biotechnology,2,False,❌,✅,❌,✅,❌,26.05,53.65,51.4,2.64,76.4,0.965,1.178,0.819
DEO,Consumer Defensive,Beverages - Wineries & Distilleries,2,False,❌,❌,❌,✅,✅,87.52,101.71,14.0,0.67,468.1,0.964,1.178,0.818
HEI,Industrials,Aerospace & Defense,2,False,❌,❌,❌,✅,✅,308.53,376.86,18.1,1.01,876.3,0.964,1.178,0.818
RFIL,Industrials,Electrical Equipment & Parts,2,False,❌,✅,❌,✅,❌,8.28,22.3,62.9,0.69,20.9,0.963,1.178,0.817
YQ,Consumer Defensive,Education & Training Services,2,False,✅,✅,❌,❌,❌,3.69,6.45,42.8,0.21,0.7,0.963,1.178,0.818
WM,Industrials,Waste Management,2,False,❌,❌,❌,✅,✅,206.83,246.06,15.9,1.04,2294.8,0.962,1.178,0.816
IGOV,その他,,2,False,❌,✅,❌,✅,❌,40.11,43.12,7.0,0.47,68.4,0.961,1.178,0.816
LGIH,Consumer Cyclical,Residential Construction,2,False,❌,❌,❌,✅,✅,49.99,66.25,24.5,0.98,91.9,0.961,1.178,0.816
TM,Consumer Cyclical,Auto Manufacturers,2,False,❌,❌,❌,✅,✅,190.34,248.9,23.5,0.64,394.1,0.961,1.178,0.816
AZYY,その他,,2,False,❌,✅,❌,❌,✅,14.27,17.02,16.1,0.61,0.2,0.96,1.178,0.815
FDS,Financial Services,Financial Data & Stock Exchanges,2,False,❌,❌,❌,✅,✅,273.08,320.48,14.8,0.68,1136.5,0.96,1.178,0.815
IFGL,その他,,2,False,❌,✅,❌,❌,✅,21.02,24.87,15.5,1.74,1.2,0.96,1.178,0.815
BLK,Financial Services,Asset Management,2,False,✅,❌,❌,✅,❌,1086.31,1194.41,9.1,0.74,3558.6,0.959,1.178,0.814
IDAI,Technology,Software - Application,2,False,✅,✅,❌,❌,❌,3.04,5.28,42.4,0.65,0.7,0.959,1.178,0.814
CRC,Energy,Oil & Gas E&P,2,False,❌,❌,❌,✅,✅,52.51,70.96,26.0,1.09,219.4,0.958,1.178,0.813
ULS,Industrials,Specialty Business Services,2,False,❌,✅,❌,✅,❌,66.05,107.17,38.4,1.16,381.2,0.957,1.178,0.813
BCE,Communication Services,Telecom Services,2,False,❌,❌,❌,✅,✅,20.97,25.77,18.6,1.22,413.1,0.956,1.178,0.812
EDUC,Communication Services,Publishing,2,False,❌,✅,❌,❌,✅,1.3,1.73,24.9,0.13,0.9,0.956,1.178,0.811
ATO,Utilities,Utilities - Regulated Gas,2,False,❌,❌,❌,✅,✅,157.21,190.28,17.4,0.87,1045.3,0.955,1.178,0.811
ES,Utilities,Utilities - Regulated Electric,2,False,❌,❌,❌,✅,✅,63.67,75.68,15.9,1.12,820.9,0.955,1.178,0.81
LGOV,その他,,2,False,❌,❌,❌,✅,✅,19.95,23.08,13.5,0.74,20.1,0.955,1.178,0.81
ARKO,Consumer Cyclical,Specialty Retail,2,False,❌,✅,❌,✅,❌,4.28,8.7,50.8,0.69,28.1,0.954,1.178,0.81
DUK,Utilities,Utilities - Regulated Electric,2,False,❌,❌,❌,✅,✅,113.35,132.18,14.2,0.99,2273.3,0.954,1.178,0.81
FIW,その他,,2,False,❌,✅,❌,✅,❌,105.16,115.88,9.3,1.43,28.7,0.953,1.178,0.809
PEP,Consumer Defensive,Beverages - Non-Alcoholic,2,False,❌,❌,❌,✅,✅,128.63,166.41,22.7,1.08,5657.4,0.953,1.178,0.809
YUMC,Consumer Cyclical,Restaurants,2,False,❌,❌,❌,✅,✅,40.47,57.33,29.4,0.89,340.7,0.953,1.178,0.809
AGYS,Technology,Software - Application,2,False,✅,❌,❌,✅,❌,99.64,145.25,31.4,0.58,160.2,0.952,1.178,0.808
GRBK,Consumer Cyclical,Residential Construction,2,False,❌,❌,❌,✅,✅,68.79,83.18,17.3,1.14,98.8,0.952,1.178,0.808
ATR,Healthcare,Medical Instruments & Supplies,2,False,❌,❌,❌,✅,✅,123.87,145.82,15.1,0.84,278.9,0.951,1.178,0.807
DFIN,Technology,Software - Application,2,False,❌,❌,❌,✅,✅,48.92,56.26,13.0,0.63,60.2,0.951,1.178,0.807
DOO,Consumer Cyclical,Recreational Vehicles,2,False,❌,❌,❌,✅,✅,57.17,81.47,29.8,1.02,74.7,0.951,1.178,0.807
DRV,その他,,2,False,❌,❌,❌,✅,✅,22.26,27.04,17.7,0.77,11.8,0.951,1.178,0.807
EQT,Energy,Oil & Gas E&P,2,False,❌,❌,❌,✅,✅,50.81,67.84,25.1,1.26,1809.3,0.951,1.178,0.807
NEPH,Healthcare,Medical Instruments & Supplies,2,False,✅,✅,❌,❌,❌,4.23,6.42,34.1,0.54,0.4,0.951,1.178,0.807
NI,Utilities,Utilities - Regulated Gas,2,False,❌,❌,❌,✅,✅,39.42,48.88,19.4,1.48,1048.8,0.951,1.178,0.807
PAGS,Technology,Software - Infrastructure,2,False,❌,❌,❌,✅,✅,9.05,11.68,22.5,0.82,134.6,0.951,1.178,0.807
HIG,Financial Services,Insurance - Diversified,2,False,❌,❌,❌,✅,✅,124.23,145.43,14.6,1.02,1083.9,0.95,1.178,0.806
AEO,Consumer Cyclical,Apparel Retail,2,False,❌,✅,❌,✅,❌,16.58,28.06,40.9,0.93,444.3,0.949,1.178,0.806
CRWS,Consumer Cyclical,"Furnishings, Fixtures & Appliances",2,False,❌,✅,❌,❌,✅,2.5,3.07,18.4,1.27,0.9,0.949,1.178,0.806
EXC,Utilities,Utilities - Regulated Electric,2,False,❌,❌,❌,✅,✅,40.34,49.7,18.8,0.85,1738.1,0.949,1.178,0.805
AQN,Utilities,Utilities - Diversified,2,False,❌,❌,❌,✅,✅,5.0,6.96,28.1,0.93,118.4,0.948,1.178,0.805
SMP,Consumer Cyclical,Auto Parts,2,False,❌,❌,❌,✅,✅,37.69,45.22,16.7,0.84,28.4,0.947,1.178,0.804
GBX,Industrials,Railroads,2,False,❌,❌,❌,✅,✅,42.54,58.37,27.1,1.0,99.8,0.946,1.178,0.803
TLTX,その他,,2,False,❌,✅,❌,❌,✅,20.34,23.48,13.4,3.33,1.4,0.946,1.178,0.803
DY,Industrials,Engineering & Construction,2,False,❌,✅,❌,✅,❌,271.52,566.47,52.1,0.98,1145.0,0.945,1.178,0.802
GRWG,Consumer Cyclical,Specialty Retail,2,False,✅,✅,❌,❌,❌,1.56,2.4,35.0,0.59,2.9,0.945,1.178,0.803
MHH,Industrials,Staffing & Employment Services,2,False,✅,❌,❌,❌,✅,7.35,8.37,12.2,0.29,0.6,0.945,1.178,0.802
EPI,その他,,2,False,❌,❌,❌,✅,✅,41.8,47.2,11.4,1.0,86.8,0.944,1.178,0.801
MCFT,Consumer Cyclical,Recreational Vehicles,2,False,❌,❌,❌,✅,✅,20.59,28.44,27.6,1.56,21.3,0.944,1.178,0.801
SPXC,Industrials,Building Products & Equipment,2,False,❌,✅,❌,✅,❌,172.79,251.08,31.2,1.1,664.6,0.944,1.178,0.802
MRT,Technology,Software - Application,2,False,❌,✅,❌,❌,✅,2.15,2.75,21.8,1.38,0.5,0.943,1.178,0.8
SPTL,その他,,2,False,❌,✅,❌,✅,❌,24.26,26.81,9.5,2.19,729.4,0.943,1.178,0.801
VGLT,その他,,2,False,❌,✅,❌,✅,❌,50.98,56.36,9.5,2.02,587.7,0.943,1.178,0.801
CHH,Consumer Cyclical,Lodging,2,False,❌,❌,❌,✅,✅,101.81,123.5,17.6,1.0,307.7,0.941,1.178,0.798
SUZ,Basic Materials,Paper & Paper Products,2,False,❌,❌,❌,✅,✅,8.69,11.53,24.7,0.9,127.2,0.941,1.178,0.798
EXPO,Industrials,Engineering & Construction,2,False,❌,❌,❌,✅,✅,64.18,80.82,20.6,0.85,162.6,0.94,1.178,0.798
RSG,Industrials,Waste Management,2,False,✅,❌,❌,✅,❌,212.1,232.08,8.6,0.93,1652.2,0.94,1.178,0.798
TATT,Industrials,Aerospace & Defense,2,False,❌,✅,❌,✅,❌,37.57,64.5,41.8,0.58,37.8,0.939,1.178,0.797
CAL,Consumer Cyclical,Apparel Retail,2,False,❌,❌,❌,✅,✅,12.52,14.92,16.1,0.81,36.5,0.938,1.178,0.796
EDTK,Consumer Defensive,Education & Training Services,2,False,❌,✅,❌,❌,✅,1.05,1.17,10.3,0.57,0.0,0.937,1.178,0.796
LKFN,Financial Services,Banks - Regional,2,False,✅,❌,❌,✅,❌,59.51,64.55,7.8,1.17,57.0,0.936,1.178,0.795
PRGS,Technology,Software - Infrastructure,2,False,❌,❌,❌,✅,✅,39.34,47.37,17.0,0.64,114.1,0.936,1.178,0.795
XLU,その他,,2,False,❌,❌,❌,✅,✅,39.51,47.06,16.0,1.23,4333.4,0.936,1.178,0.795
TLT,その他,,2,False,❌,❌,❌,✅,✅,79.32,88.49,10.4,1.57,11779.7,0.933,1.178,0.792
CDNS,Technology,Software - Application,2,False,❌,❌,❌,✅,✅,326.13,416.69,21.7,1.2,3987.3,0.932,1.178,0.791
HBAN,Financial Services,Banks - Regional,2,False,❌,❌,❌,✅,✅,15.64,18.9,17.3,1.37,1962.4,0.932,1.178,0.791
ICE,Financial Services,Financial Data & Stock Exchanges,2,False,❌,❌,❌,✅,✅,154.31,174.25,11.4,0.71,2834.6,0.932,1.178,0.791
NEXT,Energy,Oil & Gas Equipment & Services,2,False,❌,❌,❌,✅,✅,6.56,9.24,29.0,1.06,98.5,0.932,1.178,0.791
TKO,Communication Services,Entertainment,2,False,❌,❌,❌,✅,✅,182.67,224.23,18.5,0.88,1196.9,0.932,1.178,0.791
ADP,Technology,Software - Application,2,False,✅,❌,❌,✅,❌,263.67,286.17,7.9,0.83,3008.5,0.931,1.178,0.79
BKTI,Technology,Communication Equipment,2,False,❌,❌,❌,✅,✅,74.78,104.55,28.5,1.13,16.3,0.93,1.178,0.79
WEC,Utilities,Utilities - Regulated Electric,2,False,❌,❌,❌,✅,✅,101.45,118.87,14.7,1.5,1213.4,0.93,1.178,0.789
XLY,その他,,2,False,❌,❌,❌,✅,✅,110.56,124.24,11.0,0.88,4008.3,0.93,1.178,0.789
PUK,Financial Services,Insurance - Life,2,False,❌,❌,❌,✅,✅,25.25,33.36,24.3,1.12,146.9,0.928,1.178,0.788
DNA,Healthcare,Biotechnology,2,False,❌,✅,❌,✅,❌,10.66,17.58,39.4,2.2,50.2,0.927,1.178,0.787
LCII,Consumer Cyclical,Recreational Vehicles,2,False,❌,✅,❌,✅,❌,84.51,154.85,45.4,0.85,185.6,0.926,1.178,0.786
SBGI,Communication Services,Broadcasting,2,False,❌,❌,❌,✅,✅,12.78,16.69,23.4,0.96,32.8,0.926,1.178,0.786
CYH,Healthcare,Medical Care Facilities,2,False,❌,✅,❌,✅,❌,2.94,4.43,33.6,0.71,22.1,0.925,1.178,0.785
DRN,その他,,2,False,❌,❌,❌,✅,✅,8.7,12.12,28.2,1.76,54.6,0.925,1.178,0.785
IR,Industrials,Specialty Industrial Machinery,2,False,❌,❌,❌,✅,✅,76.08,100.89,24.6,1.34,1564.4,0.925,1.178,0.785
OGS,Utilities,Utilities - Regulated Gas,2,False,❌,❌,❌,✅,✅,71.8,89.27,19.6,1.1,229.2,0.925,1.178,0.785
YUM,Consumer Cyclical,Restaurants,2,False,❌,❌,❌,✅,✅,138.63,169.29,18.1,1.11,1752.5,0.925,1.178,0.786
FAZ,その他,,2,False,❌,✅,❌,✅,❌,36.54,55.68,34.4,1.46,120.9,0.924,1.178,0.785
GXDW,その他,,2,False,❌,✅,❌,❌,✅,24.92,30.63,18.7,0.14,0.6,0.924,1.178,0.785
FMS,Healthcare,Medical Care Facilities,2,False,❌,❌,❌,✅,✅,22.69,26.57,14.6,1.16,80.6,0.923,1.178,0.783
MTH,Consumer Cyclical,Residential Construction,2,False,❌,❌,❌,✅,✅,64.98,84.75,23.3,1.05,290.8,0.923,1.178,0.784
GBCI,Financial Services,Banks - Regional,2,False,❌,❌,❌,✅,✅,44.75,54.58,18.0,1.05,254.5,0.922,1.178,0.783
PHM,Consumer Cyclical,Residential Construction,2,False,❌,❌,❌,✅,✅,119.85,143.57,16.5,0.93,1008.5,0.922,1.178,0.782
DRD,Basic Materials,Gold,2,False,✅,❌,❌,✅,❌,25.21,37.93,33.5,0.82,35.0,0.921,1.178,0.782
GEHC,Healthcare,Medical Devices,2,False,❌,❌,❌,✅,✅,66.63,89.68,25.7,0.87,1401.6,0.921,1.178,0.782
RCI,Communication Services,Telecom Services,2,False,❌,❌,❌,✅,✅,31.91,40.1,20.4,1.2,202.7,0.921,1.178,0.781
JVA,Consumer Defensive,Packaged Foods,2,False,❌,✅,❌,❌,✅,4.06,5.03,19.3,0.82,1.1,0.92,1.178,0.781
OLMA,Healthcare,Biotechnology,2,False,❌,✅,❌,✅,❌,8.75,36.26,75.9,1.1,71.8,0.92,1.178,0.781
TJX,Consumer Cyclical,Apparel Retail,2,False,❌,❌,❌,✅,✅,130.06,169.47,23.3,1.42,4837.1,0.92,1.178,0.781
IBN,Financial Services,Banks - Regional,2,False,❌,❌,❌,✅,✅,27.92,32.76,14.8,0.81,871.7,0.919,1.178,0.78
ISRG,Healthcare,Medical Instruments & Supplies,2,False,❌,✅,❌,✅,❌,405.18,603.88,32.9,0.77,5291.0,0.919,1.178,0.78
RDN,Financial Services,Insurance - Specialty,2,False,❌,❌,❌,✅,✅,33.02,40.76,19.0,0.96,212.3,0.919,1.178,0.78
TACT,Technology,Computer Hardware,2,False,✅,❌,❌,❌,✅,4.87,6.02,19.1,0.19,1.2,0.919,1.178,0.78
ARVN,Healthcare,Biotechnology,2,False,❌,✅,❌,✅,❌,7.59,14.51,47.7,1.01,33.6,0.918,1.178,0.779
CWST,Industrials,Waste Management,2,False,❌,❌,❌,✅,✅,82.24,107.96,23.8,0.88,264.0,0.918,1.178,0.779
KR,Consumer Defensive,Grocery Stores,2,False,❌,❌,❌,✅,✅,58.74,75.66,22.4,1.06,2153.4,0.918,1.178,0.779
III,Technology,Information Technology Services,2,False,✅,❌,❌,❌,✅,5.26,6.2,15.2,0.86,5.2,0.916,1.178,0.777
TW,Financial Services,Capital Markets,2,False,❌,❌,❌,✅,✅,101.19,127.35,20.5,0.98,785.0,0.916,1.178,0.778
MGM,Consumer Cyclical,Resorts & Casinos,2,False,❌,✅,❌,✅,❌,32.58,51.59,36.8,2.25,767.5,0.915,1.178,0.777
RSI,Consumer Cyclical,Gambling,2,False,❌,✅,❌,✅,❌,19.87,34.53,42.5,2.32,364.5,0.915,1.178,0.777
AXP,Financial Services,Credit Services,2,False,❌,❌,❌,✅,✅,308.89,384.36,19.6,1.28,4653.4,0.914,1.178,0.776
DXR,Healthcare,Medical Instruments & Supplies,2,False,❌,✅,❌,❌,✅,11.01,14.76,25.4,1.68,0.6,0.914,1.178,0.776
SRE,Utilities,Utilities - Diversified,2,False,❌,❌,❌,✅,✅,77.93,99.49,21.7,0.89,1593.4,0.913,1.178,0.775
TIPT,Financial Services,Insurance - Specialty,2,False,❌,❌,❌,✅,✅,17.15,19.64,12.7,1.1,20.4,0.913,1.178,0.775
KE,Industrials,Electrical Equipment & Parts,2,False,❌,❌,❌,✅,✅,27.27,32.0,14.8,0.91,24.0,0.912,1.178,0.774
BKV,Energy,Oil & Gas E&P,2,False,❌,✅,❌,✅,❌,21.81,32.81,33.5,1.41,143.4,0.911,1.178,0.773
HSY,Consumer Defensive,Confectioners,2,False,❌,❌,❌,✅,✅,166.37,235.8,29.4,0.67,1505.9,0.911,1.178,0.773
BRKU,その他,,2,False,❌,❌,❌,✅,✅,22.73,26.17,13.1,0.86,13.1,0.91,1.178,0.772
KAI,Industrials,Specialty Industrial Machinery,2,False,❌,❌,❌,✅,✅,273.89,353.26,22.5,0.84,216.9,0.909,1.178,0.772
BDC,Technology,Communication Equipment,2,False,❌,❌,❌,✅,✅,112.45,159.78,29.6,0.76,282.7,0.908,1.178,0.77
NOG,Energy,Oil & Gas E&P,2,False,❌,❌,❌,✅,✅,23.29,29.99,22.4,0.74,292.4,0.908,1.178,0.771
WCN,Industrials,Waste Management,2,False,❌,❌,❌,✅,✅,155.56,178.58,12.9,1.16,1112.2,0.908,1.178,0.771
XEL,Utilities,Utilities - Regulated Electric,2,False,❌,❌,❌,✅,✅,69.8,82.56,15.5,1.04,2064.2,0.908,1.178,0.771
SO,Utilities,Utilities - Regulated Electric,2,False,❌,❌,❌,✅,✅,82.88,98.45,15.8,0.98,2565.8,0.906,1.178,0.769
CMS,Utilities,Utilities - Regulated Electric,2,False,❌,❌,❌,✅,✅,62.95,79.1,20.4,1.22,1173.4,0.904,1.178,0.767
TSLY,その他,,2,False,❌,❌,❌,✅,✅,22.45,28.45,21.1,0.73,60.1,0.904,1.178,0.767
MKL,Financial Services,Insurance - Property & Casualty,2,False,❌,❌,❌,✅,✅,1727.73,2207.59,21.7,1.12,629.3,0.903,1.178,0.766
TCI,Real Estate,Real Estate Services,2,False,❌,✅,❌,❌,✅,42.88,59.65,28.1,0.86,6.0,0.903,1.178,0.766
DTE,Utilities,Utilities - Regulated Electric,2,False,❌,❌,❌,✅,✅,121.44,154.34,21.3,1.49,964.7,0.902,1.178,0.765
PPL,Utilities,Utilities - Regulated Electric,2,False,❌,❌,❌,✅,✅,32.03,39.46,18.8,0.7,1415.3,0.901,1.178,0.764
APO,Financial Services,Asset Management,2,False,❌,❌,❌,✅,✅,121.69,151.39,19.6,0.81,2227.3,0.899,1.178,0.763
LYTS,Technology,Electronic Components,2,False,❌,❌,❌,✅,✅,21.09,27.29,22.7,0.91,46.5,0.899,1.178,0.763
PGR,Financial Services,Insurance - Property & Casualty,2,False,❌,❌,❌,✅,✅,205.5,239.38,14.2,1.34,3037.0,0.899,1.178,0.763
UA,Consumer Cyclical,Apparel Manufacturing,2,False,❌,✅,❌,✅,❌,4.37,7.91,44.7,1.0,84.1,0.899,1.178,0.763
WAL,Financial Services,Banks - Regional,2,False,❌,❌,❌,✅,✅,77.61,95.75,18.9,0.97,412.6,0.898,1.178,0.762
SPDN,その他,,2,False,❌,❌,❌,✅,✅,8.38,10.06,16.7,0.91,1739.5,0.896,1.178,0.761
BA,Industrials,Aerospace & Defense,2,False,❌,❌,❌,✅,✅,198.07,254.35,22.1,1.31,6483.9,0.895,1.178,0.76
PRHI,Financial Services,Insurance - Property & Casualty,2,False,✅,✅,❌,❌,❌,7.45,19.81,62.4,0.71,0.5,0.894,1.178,0.759
SHEN,Communication Services,Telecom Services,2,False,❌,✅,❌,✅,❌,11.76,17.35,32.2,1.71,34.5,0.894,1.178,0.759
UHS,Healthcare,Medical Care Facilities,2,False,❌,❌,❌,✅,✅,178.86,245.26,27.1,0.93,715.8,0.894,1.178,0.759
HEPS,Consumer Cyclical,Internet Retail,2,False,❌,✅,❌,❌,✅,2.51,3.33,24.6,2.36,4.1,0.893,1.178,0.758
SH,その他,,2,False,❌,❌,❌,✅,✅,32.01,38.47,16.8,1.25,1313.0,0.893,1.178,0.758
AVNW,Technology,Communication Equipment,2,False,❌,❌,❌,✅,✅,20.09,27.02,25.6,0.69,15.5,0.891,1.178,0.757
HCM,Healthcare,Drug Manufacturers - Specialty & Generic,2,False,❌,✅,❌,❌,✅,13.94,16.4,15.0,1.25,3.8,0.891,1.178,0.757
NXTC,Healthcare,Biotechnology,2,False,❌,✅,❌,✅,❌,5.08,15.74,67.7,0.12,40.9,0.891,1.178,0.757
QNST,Communication Services,Advertising Agencies,2,False,✅,❌,❌,✅,❌,14.41,22.29,35.4,1.81,71.2,0.891,1.178,0.756
EDV,その他,,2,False,❌,❌,❌,✅,✅,57.37,68.68,16.5,1.42,373.1,0.887,1.178,0.753
HUBG,Industrials,Integrated Freight & Logistics,2,False,❌,✅,❌,✅,❌,30.34,52.71,42.4,0.9,198.3,0.887,1.178,0.753
METD,その他,,2,False,❌,✅,❌,✅,❌,12.4,19.34,35.9,3.66,45.5,0.886,1.178,0.752
HOV,Consumer Cyclical,Residential Construction,2,False,❌,❌,❌,✅,✅,115.15,148.48,22.4,0.82,78.0,0.883,1.178,0.75
SPGI,Financial Services,Financial Data & Stock Exchanges,2,False,❌,❌,❌,✅,✅,403.3,518.88,22.3,0.69,4242.3,0.883,1.178,0.749
LZB,Consumer Cyclical,"Furnishings, Fixtures & Appliances",2,False,❌,✅,❌,✅,❌,29.88,44.56,32.9,1.34,108.8,0.882,1.178,0.749
PRTA,Healthcare,Biotechnology,2,False,❌,❌,❌,✅,✅,8.29,11.8,29.7,0.83,22.7,0.881,1.178,0.748
TV,Communication Services,Telecom Services,2,False,❌,✅,❌,✅,❌,2.37,3.49,32.1,0.95,13.8,0.881,1.178,0.748
VIVO,Technology,Software - Infrastructure,2,False,✅,❌,❌,✅,❌,4.12,6.86,39.9,0.35,27.0,0.88,1.178,0.747
CRSP,Healthcare,Biotechnology,2,False,✅,❌,❌,✅,❌,54.23,78.48,30.9,1.12,419.9,0.879,1.178,0.746
WH,Consumer Cyclical,Lodging,2,False,❌,❌,❌,✅,✅,69.99,89.3,21.6,0.93,481.8,0.879,1.178,0.746
DIT,Consumer Defensive,Food Distribution,2,False,❌,✅,❌,❌,✅,67.56,95.3,29.1,0.17,0.3,0.878,1.178,0.745
PFGC,Consumer Defensive,Food Distribution,2,False,❌,❌,❌,✅,✅,91.55,117.47,22.1,0.84,806.8,0.878,1.178,0.745
CABA,Healthcare,Biotechnology,2,False,❌,✅,❌,✅,❌,2.07,4.23,51.1,1.19,68.3,0.877,1.178,0.745
HOOW,その他,,2,False,✅,❌,❌,✅,❌,29.37,43.94,33.2,1.05,23.4,0.877,1.178,0.744
PVH,Consumer Cyclical,Apparel Manufacturing,2,False,❌,❌,❌,✅,✅,75.99,100.7,24.5,0.83,403.1,0.877,1.178,0.745
ALC,Healthcare,Medical Instruments & Supplies,2,False,❌,❌,❌,✅,✅,64.47,87.21,26.1,0.78,646.4,0.876,1.178,0.744
RMNI,Technology,Software - Application,2,False,✅,❌,❌,❌,✅,4.22,5.68,25.7,0.68,9.5,0.876,1.178,0.743
CTSH,Technology,Information Technology Services,2,False,❌,✅,❌,✅,❌,57.33,85.48,32.9,0.56,2317.0,0.875,1.178,0.743
JBLU,Industrials,Airlines,2,False,❌,✅,❌,✅,❌,4.4,6.62,33.5,0.61,690.3,0.875,1.178,0.743
MRSH,Financial Services,Insurance Brokers,2,False,❌,❌,❌,✅,✅,171.12,204.56,16.3,1.23,2194.8,0.875,1.178,0.743
ALLT,Technology,Software - Infrastructure,2,False,❌,❌,❌,✅,✅,8.69,11.92,27.1,0.92,14.1,0.874,1.178,0.742
ASTE,Industrials,Farm & Heavy Construction Machinery,2,False,❌,✅,❌,✅,❌,41.28,65.33,36.8,0.77,52.5,0.874,1.178,0.742
WU,Financial Services,Credit Services,2,False,❌,✅,❌,✅,❌,6.18,9.44,34.5,1.09,319.6,0.874,1.178,0.742
SNPS,Technology,Software - Infrastructure,2,False,❌,❌,❌,✅,✅,425.76,539.48,21.1,0.97,4004.2,0.873,1.178,0.741
TREX,Industrials,Building Products & Equipment,2,False,❌,❌,❌,✅,✅,44.79,54.3,17.5,0.81,409.2,0.873,1.178,0.741
AEBI,Industrials,Farm & Heavy Construction Machinery,2,False,❌,✅,❌,✅,❌,11.0,15.87,30.7,1.31,19.7,0.872,1.178,0.741
CAE,Industrials,Aerospace & Defense,2,False,❌,❌,❌,✅,✅,24.86,34.24,27.4,1.01,97.4,0.872,1.178,0.74
DERM,Healthcare,Drug Manufacturers - Specialty & Generic,2,False,✅,✅,❌,❌,❌,6.14,9.56,35.7,1.21,7.8,0.87,1.178,0.738
DSWL,Technology,Electronic Components,2,False,❌,✅,❌,❌,✅,3.1,3.99,22.3,0.67,0.2,0.87,1.178,0.738
HY,Industrials,Farm & Heavy Construction Machinery,2,False,❌,❌,❌,✅,✅,30.97,40.85,24.2,1.73,16.9,0.87,1.178,0.739
XFOR,Healthcare,Biotechnology,2,False,❌,✅,❌,✅,❌,3.01,4.83,37.7,1.73,14.7,0.87,1.178,0.738
PAC,Industrials,Airports & Air Services,2,False,❌,❌,❌,✅,✅,215.94,300.41,28.1,1.33,132.7,0.869,1.178,0.737
TELA,Healthcare,Medical Devices,2,False,❌,✅,❌,❌,✅,1.26,1.6,21.3,1.41,0.7,0.869,1.178,0.738
RDY,Healthcare,Drug Manufacturers - Specialty & Generic,2,False,❌,❌,❌,✅,✅,12.25,15.56,21.3,1.1,165.3,0.868,1.178,0.736
NOMD,Consumer Defensive,Packaged Foods,2,False,❌,❌,❌,✅,✅,10.63,12.69,16.3,0.92,80.6,0.867,1.178,0.736
UI,Technology,Communication Equipment,2,False,❌,✅,❌,✅,❌,560.67,1096.75,48.9,0.82,375.9,0.867,1.178,0.736
VANI,Healthcare,Biotechnology,2,False,✅,✅,❌,❌,❌,1.24,1.92,35.4,0.36,2.4,0.867,1.178,0.736
BHVN,Healthcare,Biotechnology,2,False,❌,✅,❌,✅,❌,12.99,18.57,30.0,0.91,196.7,0.866,1.178,0.735
GPOR,Energy,Oil & Gas E&P,2,False,❌,✅,❌,✅,❌,154.62,225.78,31.5,0.89,278.3,0.865,1.178,0.734
NFG,Energy,Oil & Gas Integrated,2,False,❌,❌,❌,✅,✅,78.99,96.03,17.7,1.32,275.9,0.864,1.178,0.734
WPRT,Consumer Cyclical,Auto Parts,2,False,❌,✅,❌,❌,✅,2.03,2.55,20.4,0.08,7.5,0.864,1.178,0.733
BIVI,Healthcare,Biotechnology,2,False,❌,✅,❌,✅,❌,1.61,3.79,57.7,0.1,24.6,0.863,1.178,0.732
MGEE,Utilities,Utilities - Regulated Electric,2,False,❌,❌,❌,✅,✅,70.06,85.82,18.4,1.0,89.6,0.862,1.178,0.732
MILN,その他,,2,False,❌,✅,❌,❌,✅,42.88,50.03,14.3,0.53,1.8,0.862,1.178,0.732
MWA,Industrials,Specialty Industrial Machinery,2,False,❌,❌,❌,✅,✅,21.63,30.84,29.9,1.05,145.5,0.861,1.178,0.731
TDG,Industrials,Aerospace & Defense,2,False,❌,❌,❌,✅,✅,1116.2,1463.03,23.7,0.95,2340.3,0.861,1.178,0.731
FRPH,Real Estate,Real Estate Services,2,False,❌,✅,❌,❌,✅,21.11,25.74,18.0,1.14,9.6,0.86,1.178,0.73
INSM,Healthcare,Biotechnology,2,False,❌,✅,❌,✅,❌,117.83,212.75,44.6,0.7,1731.5,0.86,1.178,0.73
GITS,Communication Services,Internet Content & Information,2,False,✅,✅,❌,❌,❌,2.03,7.09,71.4,0.03,5.3,0.859,1.178,0.729
NG,Basic Materials,Gold,2,False,❌,✅,❌,✅,❌,7.13,14.4,50.5,1.03,164.1,0.859,1.178,0.729
NMAX,Communication Services,Broadcasting,2,False,❌,❌,❌,✅,✅,10.87,13.18,17.5,0.66,54.7,0.859,1.178,0.729
WYFI,その他,,2,False,❌,✅,❌,✅,❌,19.62,46.87,58.1,0.54,314.9,0.859,1.178,0.729
FXI,その他,,2,False,❌,❌,❌,✅,✅,33.96,41.24,17.7,0.78,3858.2,0.858,1.178,0.728
DHI,Consumer Cyclical,Residential Construction,2,False,❌,❌,❌,✅,✅,141.51,174.13,18.7,1.16,1692.3,0.857,1.178,0.727
SFD,Consumer Defensive,Packaged Foods,2,False,❌,✅,❌,✅,❌,19.04,29.03,34.4,1.37,168.3,0.856,1.178,0.727
BEKE,Real Estate,Real Estate Services,2,False,❌,❌,❌,✅,✅,16.33,20.27,19.5,1.52,361.4,0.855,1.178,0.726
LSPD,Technology,Software - Application,2,False,❌,❌,❌,✅,✅,9.87,13.72,28.0,0.89,46.3,0.855,1.178,0.725
TNC,Industrials,Specialty Industrial Machinery,2,False,❌,❌,❌,✅,✅,67.74,91.52,26.0,0.88,69.9,0.855,1.178,0.726
KLIP,その他,,2,False,❌,✅,❌,❌,✅,22.4,27.66,19.0,0.64,4.0,0.854,1.178,0.725
RERE,Consumer Cyclical,Internet Retail,2,False,❌,✅,❌,✅,❌,3.94,6.32,37.7,0.65,21.3,0.854,1.178,0.725
RTO,Industrials,Specialty Business Services,2,False,❌,✅,❌,✅,❌,20.64,34.35,39.9,2.14,155.5,0.854,1.178,0.725
DRS,Industrials,Aerospace & Defense,2,False,❌,❌,❌,✅,✅,37.16,50.49,26.4,1.01,200.2,0.853,1.178,0.724
CBRE,Real Estate,Real Estate Services,2,False,❌,❌,❌,✅,✅,134.55,174.27,22.8,1.06,1342.3,0.852,1.178,0.723
TSII,その他,,2,False,❌,✅,❌,❌,✅,13.68,19.04,28.2,0.77,3.8,0.852,1.178,0.724
CNTN,Healthcare,Biotechnology,2,False,❌,✅,❌,✅,❌,2.57,6.89,62.7,0.94,11.0,0.851,1.178,0.722
HAYW,Industrials,Electrical Equipment & Parts,2,False,❌,❌,❌,✅,✅,12.63,17.73,28.8,1.77,197.7,0.851,1.178,0.722
SPHL,Consumer Cyclical,Residential Construction,2,False,❌,✅,❌,✅,❌,3.12,25.11,87.6,3.44,16.6,0.85,1.178,0.721
ADV,Communication Services,Advertising Agencies,2,False,❌,✅,❌,✅,❌,33.12,47.45,30.2,0.47,20.5,0.849,1.178,0.721
BATL,Energy,Oil & Gas E&P,2,False,❌,✅,❌,✅,❌,1.05,29.7,96.5,0.4,83.7,0.847,1.178,0.719
KMB,Consumer Defensive,Household & Personal Products,2,False,❌,❌,❌,✅,✅,98.43,119.22,17.4,0.87,2113.8,0.847,1.178,0.719
PIPR,Financial Services,Capital Markets,2,False,❌,❌,❌,✅,✅,72.34,92.8,22.0,1.13,215.3,0.847,1.178,0.719
VIRC,Consumer Cyclical,"Furnishings, Fixtures & Appliances",2,False,❌,✅,❌,❌,✅,6.5,7.71,15.6,0.49,1.6,0.847,1.178,0.719
MIAX,Financial Services,Capital Markets,2,False,❌,✅,❌,✅,❌,34.9,57.14,38.9,0.78,355.5,0.846,1.178,0.719
MLP,Real Estate,Real Estate Services,2,False,❌,✅,❌,❌,✅,16.09,19.92,19.2,0.8,1.4,0.846,1.178,0.718
STE,Healthcare,Medical Devices,2,False,❌,❌,❌,✅,✅,208.93,267.14,21.8,0.83,811.0,0.846,1.178,0.718
TSLA,Consumer Cyclical,Auto Manufacturers,2,False,❌,❌,❌,✅,✅,372.11,498.83,25.4,0.83,76621.2,0.845,1.178,0.717
ACB,Healthcare,Drug Manufacturers - Specialty & Generic,2,False,❌,✅,❌,✅,❌,4.1,6.66,38.5,0.86,19.1,0.844,1.178,0.716
GXO,Industrials,Integrated Freight & Logistics,2,False,❌,✅,❌,✅,❌,45.2,66.85,32.4,0.88,324.8,0.844,1.178,0.716
MC,Financial Services,Capital Markets,2,False,❌,❌,❌,✅,✅,58.74,75.92,22.6,0.83,276.0,0.844,1.178,0.717
SOHU,Communication Services,Electronic Gaming & Multimedia,2,False,❌,✅,❌,❌,✅,13.05,17.3,24.6,1.03,4.1,0.844,1.178,0.717
MORN,Financial Services,Financial Data & Stock Exchanges,2,False,❌,❌,❌,✅,✅,195.98,233.43,16.0,0.73,358.4,0.843,1.178,0.716
JJSF,Consumer Defensive,Packaged Foods,2,False,❌,❌,❌,✅,✅,77.51,95.74,19.0,0.85,88.3,0.842,1.178,0.715
PEG,Utilities,Utilities - Regulated Electric,2,False,❌,❌,❌,✅,✅,67.02,85.4,21.5,1.15,1099.9,0.842,1.178,0.715
NSSC,Industrials,Security & Protection Services,2,False,❌,✅,❌,✅,❌,35.66,51.52,30.8,0.75,73.3,0.84,1.178,0.713
PRDO,Consumer Defensive,Education & Training Services,2,False,❌,❌,❌,✅,✅,30.49,38.13,20.0,1.16,109.7,0.84,1.178,0.713
HRL,Consumer Defensive,Packaged Foods,2,False,❌,❌,❌,✅,✅,19.71,26.43,25.4,0.91,549.8,0.839,1.178,0.712
TAP,Consumer Defensive,Beverages - Brewers,2,False,❌,✅,❌,✅,❌,35.95,53.0,32.2,1.0,684.8,0.838,1.178,0.711
BYD,Consumer Cyclical,Resorts & Casinos,2,False,❌,❌,❌,✅,✅,71.23,91.17,21.9,1.1,385.3,0.837,1.178,0.71
CXSE,その他,,2,False,❌,✅,❌,❌,✅,35.79,45.16,20.7,0.48,4.3,0.837,1.178,0.71
KTB,Consumer Cyclical,Apparel Manufacturing,2,False,❌,❌,❌,✅,✅,65.37,88.32,26.0,0.8,291.0,0.836,1.178,0.709
WMG,Communication Services,Entertainment,2,False,❌,❌,❌,✅,✅,27.14,34.97,22.4,0.74,306.4,0.836,1.178,0.71
JG,Technology,Software - Application,2,False,❌,✅,❌,❌,✅,6.79,8.96,24.2,0.76,0.2,0.835,1.178,0.709
ALG,Industrials,Farm & Heavy Construction Machinery,2,False,❌,❌,❌,✅,✅,159.45,219.0,27.2,1.5,135.4,0.834,1.178,0.708
BEEP,Industrials,Infrastructure Operations,2,False,❌,✅,❌,❌,✅,2.87,3.78,24.1,0.34,0.6,0.834,1.178,0.708
IVVD,Healthcare,Biotechnology,2,False,❌,✅,❌,✅,❌,0.93,3.07,69.6,1.81,19.4,0.834,1.178,0.708
JYNT,Healthcare,Medical Care Facilities,2,False,❌,✅,❌,❌,✅,8.23,10.67,22.9,0.59,4.3,0.834,1.178,0.708
AGO,Financial Services,Insurance - Specialty,2,False,❌,❌,❌,✅,✅,69.49,91.07,23.7,1.49,152.9,0.833,1.178,0.707
PCG,Utilities,Utilities - Regulated Electric,2,False,❌,✅,❌,✅,❌,12.34,19.05,35.2,1.66,2205.1,0.833,1.178,0.707
EVTC,Technology,Software - Infrastructure,2,False,❌,❌,❌,✅,✅,28.18,34.58,18.5,0.98,71.2,0.831,1.178,0.705
FCN,Industrials,Consulting Services,2,False,❌,❌,❌,✅,✅,134.29,189.3,29.1,0.94,342.7,0.831,1.178,0.706
AMZD,その他,,2,False,❌,❌,❌,✅,✅,8.73,11.58,24.5,0.96,544.7,0.83,1.178,0.705
CULP,Consumer Cyclical,Textile Manufacturing,2,False,❌,✅,❌,❌,✅,3.56,4.5,20.9,1.67,1.1,0.83,1.178,0.704
GWRS,Utilities,Utilities - Regulated Water,2,False,❌,✅,❌,❌,✅,8.1,10.77,24.8,0.83,4.2,0.83,1.178,0.704
RMD,Healthcare,Medical Instruments & Supplies,2,False,❌,❌,❌,✅,✅,222.0,281.89,21.2,0.72,1481.2,0.83,1.178,0.705
VEL,Financial Services,Mortgage Finance,2,False,❌,✅,❌,❌,✅,15.35,21.4,28.3,1.92,9.4,0.83,1.178,0.705
GDRX,Healthcare,Health Information Services,2,False,✅,❌,❌,✅,❌,3.35,5.81,42.3,0.56,20.7,0.829,1.178,0.704
LNN,Industrials,Farm & Heavy Construction Machinery,2,False,❌,❌,❌,✅,✅,114.25,147.0,22.3,0.91,92.1,0.829,1.178,0.703
AOS,Industrials,Specialty Industrial Machinery,2,False,❌,❌,❌,✅,✅,58.65,80.92,27.5,0.93,463.4,0.828,1.178,0.702
DLB,Industrials,Specialty Business Services,2,False,❌,❌,❌,✅,✅,58.56,71.36,17.9,1.14,258.1,0.828,1.178,0.703
DSGX,Technology,Software - Application,2,False,❌,❌,❌,✅,✅,78.61,98.35,20.1,0.87,208.5,0.828,1.178,0.703
SEDG,Technology,Solar,2,False,❌,✅,❌,✅,❌,32.68,81.25,59.8,0.8,775.6,0.828,1.178,0.703
BMRA,Healthcare,Medical Devices,2,False,❌,✅,❌,❌,✅,2.32,3.21,27.7,0.82,0.6,0.826,1.178,0.701
VMC,Basic Materials,Building Materials,2,False,❌,❌,❌,✅,✅,245.0,329.2,25.6,1.29,1494.4,0.825,1.178,0.7
WSO,Industrials,Industrial Distribution,2,False,❌,✅,❌,✅,❌,317.23,455.09,30.3,1.13,722.6,0.824,1.178,0.699
LOAR,Industrials,Aerospace & Defense,2,False,❌,❌,❌,✅,✅,65.04,83.43,22.0,1.07,238.7,0.823,1.178,0.699
TOST,Technology,Software - Infrastructure,2,False,❌,❌,❌,✅,✅,30.6,39.72,23.0,0.77,1552.1,0.822,1.178,0.698
WGO,Consumer Cyclical,Recreational Vehicles,2,False,❌,✅,❌,✅,❌,27.15,48.44,43.9,0.84,94.2,0.821,1.178,0.697
COO,Healthcare,Medical Instruments & Supplies,2,False,❌,✅,❌,✅,❌,55.38,89.83,38.4,1.46,961.8,0.82,1.178,0.696
CNET,Communication Services,Advertising Agencies,2,False,✅,✅,❌,❌,❌,1.85,2.87,35.5,9.33,3.9,0.819,1.178,0.695
MATW,Industrials,Conglomerates,2,False,❌,✅,❌,✅,❌,18.95,30.32,37.5,1.82,64.1,0.819,1.178,0.695
AVL,その他,,2,False,❌,✅,❌,✅,❌,36.13,79.47,54.5,1.81,167.2,0.818,1.178,0.695
TRU,Financial Services,Financial Data & Stock Exchanges,2,False,❌,❌,❌,✅,✅,69.17,88.68,22.0,0.89,823.8,0.817,1.178,0.694
CLB,Energy,Oil & Gas Equipment & Services,2,False,❌,✅,❌,✅,❌,10.39,20.32,48.9,0.99,41.4,0.815,1.178,0.692
BN,Financial Services,Asset Management,2,False,❌,❌,❌,✅,✅,36.87,49.31,25.2,1.13,872.6,0.814,1.178,0.691
IBM,Technology,Information Technology Services,2,False,❌,✅,❌,✅,❌,225.51,330.09,31.7,0.58,10884.2,0.814,1.178,0.691
NATR,Consumer Defensive,Packaged Foods,2,False,❌,✅,❌,✅,❌,12.92,28.14,54.1,0.6,13.1,0.813,1.178,0.69
GEG,Financial Services,Asset Management,2,False,❌,✅,❌,❌,✅,2.16,2.83,23.7,1.36,0.1,0.812,1.178,0.689
ORLY,Consumer Cyclical,Auto Parts,2,False,❌,❌,❌,✅,✅,86.11,108.72,20.8,0.9,3045.9,0.812,1.178,0.689
SAP,Technology,Software - Application,2,False,❌,❌,❌,✅,✅,210.68,276.56,23.8,0.58,2463.9,0.812,1.178,0.689
WK,Technology,Software - Application,2,False,❌,❌,❌,✅,✅,69.64,97.1,28.3,0.96,267.2,0.812,1.178,0.689
DAKT,Technology,Electronic Components,2,False,❌,✅,❌,✅,❌,17.02,28.27,39.8,0.93,49.3,0.811,1.178,0.688
IP,Consumer Cyclical,Packaging & Containers,2,False,❌,❌,❌,✅,✅,35.02,48.47,27.7,0.89,943.1,0.811,1.178,0.688
OSTX,Healthcare,Biotechnology,2,False,❌,✅,❌,❌,✅,1.66,2.25,26.2,0.76,5.6,0.81,1.178,0.687
AVGU,その他,,2,False,❌,✅,❌,✅,❌,28.43,63.46,55.2,1.28,26.0,0.809,1.178,0.687
CDZI,Utilities,Utilities - Regulated Water,2,False,❌,✅,❌,✅,❌,3.65,6.96,47.6,0.71,17.7,0.808,1.178,0.685
CNM,Industrials,Industrial Distribution,2,False,❌,❌,❌,✅,✅,42.64,59.66,28.5,1.0,535.0,0.807,1.178,0.685
LWAY,Consumer Defensive,Packaged Foods,2,False,❌,✅,❌,✅,❌,21.74,32.71,33.5,0.67,23.1,0.807,1.178,0.685
NGVC,Consumer Defensive,Grocery Stores,2,False,❌,❌,❌,✅,✅,29.71,40.26,26.2,0.97,20.2,0.807,1.178,0.685
CWCO,Utilities,Utilities - Regulated Water,2,False,❌,❌,❌,✅,✅,27.86,38.77,28.1,0.82,13.8,0.806,1.178,0.684
GIGM,Communication Services,Electronic Gaming & Multimedia,2,False,❌,✅,❌,❌,✅,1.43,1.76,18.7,0.27,0.0,0.803,1.178,0.682
EAF,Industrials,Electrical Equipment & Parts,2,False,❌,✅,❌,✅,❌,11.09,20.32,45.4,2.37,14.9,0.802,1.178,0.681
CRAI,Industrials,Consulting Services,2,False,❌,❌,❌,✅,✅,162.07,224.94,27.9,0.8,113.0,0.801,1.178,0.68
NTES,Communication Services,Electronic Gaming & Multimedia,2,False,❌,❌,❌,✅,✅,115.41,152.74,24.4,0.55,540.6,0.801,1.178,0.68
GNTX,Consumer Cyclical,Auto Parts,2,False,❌,❌,❌,✅,✅,22.58,28.43,20.6,0.82,275.9,0.797,1.178,0.677
JD,Consumer Cyclical,Internet Retail,2,False,❌,❌,❌,✅,✅,26.51,35.59,25.5,0.69,1194.6,0.796,1.178,0.676
ANIP,Healthcare,Drug Manufacturers - Specialty & Generic,2,False,❌,❌,❌,✅,✅,74.0,97.0,23.7,1.19,136.4,0.795,1.178,0.675
MCD,Consumer Cyclical,Restaurants,2,False,❌,❌,❌,✅,✅,236.5,337.05,29.8,1.82,6111.3,0.795,1.178,0.675
RGP,Industrials,Consulting Services,2,False,❌,✅,❌,❌,✅,3.79,5.11,25.9,0.76,9.2,0.795,1.178,0.675
EPM,Energy,Oil & Gas E&P,2,False,❌,✅,❌,❌,✅,3.52,4.7,25.0,1.27,8.2,0.794,1.178,0.674
EXLS,Technology,Information Technology Services,2,False,❌,❌,❌,✅,✅,34.75,44.32,21.6,0.83,366.5,0.794,1.178,0.674
MQ,Technology,Software - Infrastructure,2,False,❌,❌,❌,✅,✅,16.96,22.28,23.9,0.95,82.5,0.791,1.178,0.671
SONY,Technology,Consumer Electronics,2,False,❌,❌,❌,✅,✅,23.55,30.34,22.4,0.52,574.6,0.791,1.178,0.671
LMNR,Consumer Defensive,Farm Products,2,False,❌,✅,❌,❌,✅,11.78,15.34,23.2,1.33,6.3,0.789,1.178,0.67
VVV,Consumer Cyclical,Auto & Truck Dealerships,2,False,❌,❌,❌,✅,✅,28.92,41.08,29.6,1.57,369.8,0.789,1.178,0.669
RWAY,Financial Services,Asset Management,2,False,❌,❌,❌,✅,✅,6.78,8.65,21.6,0.49,16.6,0.788,1.178,0.669
BNC,Industrials,Farm & Heavy Construction Machinery,2,False,❌,✅,❌,✅,❌,6.11,12.0,49.1,1.23,31.3,0.787,1.178,0.668
MNRO,Consumer Cyclical,Auto Parts,2,False,❌,✅,❌,✅,❌,13.74,22.69,39.4,0.94,78.4,0.787,1.178,0.668
TTWO,Communication Services,Electronic Gaming & Multimedia,2,False,❌,❌,❌,✅,✅,201.44,265.94,24.3,1.0,2883.3,0.787,1.178,0.668
AON,Financial Services,Insurance Brokers,2,False,❌,❌,❌,✅,✅,277.99,381.47,27.1,1.39,2494.7,0.785,1.178,0.666
FBL,その他,,2,False,❌,❌,❌,✅,✅,34.32,44.91,23.6,1.51,153.5,0.785,1.178,0.666
BV,Industrials,Specialty Business Services,2,False,❌,✅,❌,✅,❌,10.41,15.0,30.6,1.15,54.1,0.784,1.178,0.665
NVR,Consumer Cyclical,Residential Construction,2,False,❌,❌,❌,✅,✅,6297.6,8200.0,23.2,1.14,1012.3,0.784,1.178,0.665
CMG,Consumer Cyclical,Restaurants,2,False,❌,❌,❌,✅,✅,31.33,42.82,26.8,0.83,2862.6,0.782,1.178,0.664
PDSB,Healthcare,Biotechnology,2,False,❌,✅,❌,✅,❌,0.8,1.55,48.6,0.88,41.5,0.781,1.178,0.663
ARES,Financial Services,Asset Management,2,False,❌,❌,❌,✅,✅,122.01,173.99,29.9,0.93,1408.5,0.779,1.178,0.661
KEQU,Consumer Cyclical,"Furnishings, Fixtures & Appliances",2,False,❌,✅,❌,❌,✅,34.02,46.57,26.9,1.16,0.8,0.778,1.178,0.66
SNN,Healthcare,Medical Devices,2,False,❌,❌,❌,✅,✅,26.91,36.95,27.2,0.91,218.2,0.778,1.178,0.66
METU,その他,,2,False,❌,❌,❌,✅,✅,33.03,43.57,24.2,1.49,672.3,0.777,1.178,0.659
ABT,Healthcare,Medical Devices,2,False,❌,❌,❌,✅,✅,101.29,132.39,23.5,0.74,5179.7,0.776,1.178,0.659
ABG,Consumer Cyclical,Auto & Truck Dealerships,2,False,❌,❌,❌,✅,✅,185.15,258.75,28.4,1.04,248.0,0.775,1.178,0.658
NICE,Technology,Software - Application,2,False,❌,❌,❌,✅,✅,112.81,149.29,24.4,1.48,291.5,0.774,1.178,0.657
GIB,Technology,Information Technology Services,2,False,❌,❌,❌,✅,✅,67.77,94.69,28.4,0.86,152.3,0.773,1.178,0.656
HGBL,Financial Services,Capital Markets,2,False,❌,✅,❌,❌,✅,1.33,1.72,22.7,0.34,0.9,0.773,1.178,0.656
RBA,Industrials,Specialty Business Services,2,False,❌,✅,❌,✅,❌,82.49,118.51,30.4,0.87,676.1,0.773,1.178,0.656
BRZE,Technology,Software - Application,2,False,✅,❌,❌,✅,❌,24.37,37.33,34.7,0.65,330.7,0.772,1.178,0.655
EXP,Basic Materials,Building Materials,2,False,❌,❌,❌,✅,✅,178.49,245.2,27.2,1.06,443.6,0.772,1.178,0.656
TARA,Healthcare,Biotechnology,2,False,❌,✅,❌,✅,❌,3.28,7.82,58.1,1.78,13.1,0.772,1.178,0.655
XBIO,Healthcare,Biotechnology,2,False,✅,✅,❌,❌,❌,2.39,13.93,82.8,1.66,0.9,0.771,1.178,0.654
MAX,Communication Services,Internet Content & Information,2,False,✅,❌,❌,✅,❌,9.27,14.7,36.9,1.3,43.4,0.77,1.178,0.654
AJG,Financial Services,Insurance Brokers,2,False,❌,❌,❌,✅,✅,231.1,309.9,25.4,1.04,1811.3,0.769,1.178,0.653
BKE,Consumer Cyclical,Apparel Retail,2,False,❌,❌,❌,✅,✅,42.27,56.63,25.4,0.93,104.0,0.769,1.178,0.653
HLMN,Industrials,Tools & Accessories,2,False,❌,✅,❌,✅,❌,7.05,10.85,35.0,0.93,59.3,0.769,1.178,0.653
LYEL,Healthcare,Biotechnology,2,False,❌,✅,❌,✅,❌,9.85,45.0,78.1,1.02,10.4,0.768,1.178,0.652
WDAY,Technology,Software - Application,2,False,❌,❌,❌,✅,✅,189.45,249.85,24.2,0.37,3513.6,0.768,1.178,0.652
ELF,Consumer Defensive,Household & Personal Products,2,False,✅,❌,❌,✅,❌,99.51,147.75,32.6,0.45,1042.7,0.767,1.178,0.651
RGNX,Healthcare,Biotechnology,2,False,❌,✅,❌,✅,❌,7.4,16.19,54.3,0.67,85.1,0.767,1.178,0.651
DRVN,Consumer Cyclical,Auto & Truck Dealerships,2,False,❌,❌,❌,✅,✅,12.31,17.3,28.8,0.81,71.9,0.765,1.178,0.649
SPSC,Technology,Software - Application,2,False,❌,❌,❌,✅,✅,81.3,114.87,29.2,0.75,199.2,0.765,1.178,0.649
VTS,Energy,Oil & Gas E&P,2,False,❌,❌,❌,✅,✅,16.75,21.85,23.3,1.01,41.0,0.765,1.178,0.649
XRAY,Healthcare,Medical Instruments & Supplies,2,False,❌,✅,❌,✅,❌,9.4,14.76,36.3,0.94,280.6,0.763,1.178,0.648
CTGO,Basic Materials,Gold,2,False,❌,✅,❌,✅,❌,18.55,34.38,46.0,0.76,41.7,0.762,1.178,0.647
EBS,Healthcare,Drug Manufacturers - Specialty & Generic,2,False,❌,✅,❌,✅,❌,6.79,14.06,51.7,1.05,34.1,0.762,1.178,0.647
NAVI,Financial Services,Credit Services,2,False,❌,❌,❌,✅,✅,9.12,12.74,28.4,1.17,50.6,0.762,1.178,0.647
SAM,Consumer Defensive,Beverages - Brewers,2,False,❌,✅,❌,✅,❌,163.77,264.46,38.1,0.75,245.1,0.762,1.178,0.647
ATHM,Communication Services,Internet Content & Information,2,False,❌,❌,❌,✅,✅,21.33,28.48,25.1,0.57,72.7,0.761,1.178,0.646
ZIP,Communication Services,Internet Content & Information,2,False,✅,❌,❌,✅,❌,3.51,5.61,37.4,0.89,15.6,0.761,1.178,0.646
CPRI,Consumer Cyclical,Luxury Goods,2,False,❌,✅,❌,✅,❌,15.1,28.27,46.6,1.39,324.1,0.76,1.178,0.645
DXC,Technology,Information Technology Services,2,False,❌,✅,❌,✅,❌,10.65,15.68,32.1,0.53,208.0,0.76,1.178,0.645
KOSS,Technology,Consumer Electronics,2,False,❌,✅,❌,❌,✅,4.0,5.7,29.8,6.43,0.5,0.76,1.178,0.646
RCL,Consumer Cyclical,Travel Services,2,False,❌,✅,❌,✅,❌,242.7,350.59,30.8,2.17,3400.7,0.757,1.178,0.643
TNMG,Communication Services,Publishing,2,False,❌,✅,❌,✅,❌,4.39,12.28,64.3,0.13,32.5,0.757,1.178,0.642
WEN,Consumer Cyclical,Restaurants,2,False,❌,✅,❌,✅,❌,6.55,9.51,31.1,0.35,530.4,0.757,1.178,0.642
SGA,Communication Services,Broadcasting,2,False,❌,✅,❌,❌,✅,8.6,12.1,29.0,0.73,0.7,0.754,1.178,0.64
MTRX,Industrials,Engineering & Construction,2,False,❌,✅,❌,✅,❌,9.74,15.97,39.0,1.89,15.9,0.753,1.178,0.639
ACN,Technology,Information Technology Services,2,False,❌,✅,❌,✅,❌,176.11,285.21,38.3,0.7,5560.9,0.752,1.178,0.638
ZH,Communication Services,Internet Content & Information,2,False,❌,✅,❌,❌,✅,3.76,5.27,28.7,3.95,4.4,0.752,1.178,0.638
ADT,Industrials,Security & Protection Services,2,False,❌,❌,❌,✅,✅,6.4,8.61,25.7,1.19,283.8,0.75,1.178,0.636
QTWO,Technology,Software - Application,2,False,❌,❌,❌,✅,✅,56.13,76.24,26.4,0.77,204.0,0.75,1.178,0.636
AAPD,その他,,2,False,❌,❌,❌,✅,✅,10.06,14.2,29.1,0.67,489.3,0.749,1.178,0.636
BIRK,Consumer Cyclical,Footwear & Accessories,2,False,❌,✅,❌,✅,❌,33.6,50.73,33.8,0.96,478.7,0.748,1.178,0.635
BKNG,Consumer Cyclical,Travel Services,2,False,❌,❌,❌,✅,✅,163.95,222.95,26.5,1.52,6250.5,0.746,1.178,0.633
TDOC,Healthcare,Health Information Services,2,False,❌,✅,❌,✅,❌,6.09,9.89,38.4,0.71,154.6,0.746,1.178,0.634
YEXT,Technology,Software - Infrastructure,2,False,❌,❌,❌,✅,✅,6.47,9.03,28.3,0.8,29.0,0.746,1.178,0.633
OTIS,Industrials,Specialty Industrial Machinery,2,False,❌,❌,❌,✅,✅,65.94,93.43,29.4,1.0,1301.1,0.745,1.178,0.633
VC,Consumer Cyclical,Auto Parts,2,False,❌,❌,❌,✅,✅,90.46,126.48,28.5,0.96,260.6,0.744,1.178,0.632
FNF,Financial Services,Insurance - Specialty,2,False,❌,❌,❌,✅,✅,41.42,56.47,26.7,1.52,402.6,0.742,1.178,0.63
KBR,Industrials,Engineering & Construction,2,False,❌,❌,❌,✅,✅,34.54,47.5,27.3,0.92,279.0,0.742,1.178,0.63
KNF,Basic Materials,Building Materials,2,False,❌,✅,❌,✅,❌,54.58,96.28,43.3,1.92,247.4,0.742,1.178,0.63
CATX,Healthcare,Medical Devices,2,False,❌,✅,❌,✅,❌,2.52,6.16,59.1,1.71,24.9,0.741,1.178,0.629
CCC,Technology,Software - Application,2,False,❌,❌,❌,✅,✅,6.9,9.55,27.7,1.22,301.9,0.741,1.178,0.629
TOYO,Technology,Solar,2,False,❌,✅,❌,✅,❌,4.47,17.43,74.4,0.42,27.2,0.741,1.178,0.629
COOK,Consumer Cyclical,"Furnishings, Fixtures & Appliances",2,False,❌,✅,❌,✅,❌,46.6,86.59,46.2,1.11,15.8,0.74,1.178,0.628
NVDD,その他,,2,False,❌,✅,❌,✅,❌,29.16,41.72,30.1,1.06,24.3,0.74,1.178,0.628
PTIR,その他,,2,False,❌,✅,❌,✅,❌,21.65,38.79,44.2,0.68,332.6,0.74,1.178,0.628
ELTK,Technology,Electronic Components,2,False,❌,✅,❌,❌,✅,8.12,11.59,29.9,0.18,0.4,0.738,1.178,0.627
DASH,Consumer Cyclical,Internet Retail,2,False,✅,❌,❌,✅,❌,193.36,285.5,32.3,1.14,4038.7,0.737,1.178,0.625
FOXF,Consumer Cyclical,Auto Parts,2,False,❌,❌,❌,✅,✅,18.55,26.01,28.7,0.86,49.2,0.737,1.178,0.626
JEF,Financial Services,Capital Markets,2,False,❌,❌,❌,✅,✅,47.68,67.88,29.8,0.98,530.0,0.736,1.178,0.625
RELX,Industrials,Specialty Business Services,2,False,❌,❌,❌,✅,✅,33.52,46.68,28.2,0.65,405.3,0.736,1.178,0.624
ACFN,Technology,Scientific & Technical Instruments,2,False,✅,✅,❌,❌,❌,20.99,30.1,30.3,2.43,3.1,0.735,1.178,0.624
ASPN,Industrials,Building Products & Equipment,2,False,❌,✅,❌,✅,❌,5.22,9.35,44.2,1.13,36.5,0.735,1.178,0.624
HD,Consumer Cyclical,Home Improvement Retail,2,False,❌,❌,❌,✅,✅,293.2,399.63,26.6,1.3,7072.9,0.735,1.178,0.624
SKYQ,Energy,Oil & Gas Integrated,2,False,❌,✅,❌,✅,❌,2.67,19.45,86.3,0.8,124.1,0.734,1.178,0.623
APPF,Technology,Software - Application,2,False,❌,❌,❌,✅,✅,204.22,283.14,27.9,0.66,330.5,0.733,1.178,0.622
EEFT,Technology,Software - Infrastructure,2,False,❌,❌,❌,✅,✅,65.61,90.56,27.6,0.91,231.1,0.733,1.178,0.623
FIP,Industrials,Conglomerates,2,False,❌,✅,❌,✅,❌,3.12,6.56,52.3,0.94,23.0,0.733,1.178,0.622
NVO,Healthcare,Drug Manufacturers - General,2,False,❌,✅,❌,✅,❌,38.8,61.11,36.5,2.02,2721.3,0.733,1.178,0.622
SOCL,その他,,2,False,❌,✅,❌,❌,✅,43.94,61.61,28.7,2.39,2.2,0.733,1.178,0.622
ROAD,Industrials,Engineering & Construction,2,False,❌,✅,❌,✅,❌,93.71,151.0,37.9,0.96,411.3,0.732,1.178,0.621
SID,Basic Materials,Steel,2,False,❌,✅,❌,✅,❌,1.1,2.2,50.0,1.27,24.8,0.728,1.178,0.618
HUYA,Communication Services,Entertainment,2,False,❌,✅,❌,✅,❌,2.3,4.65,50.5,0.96,11.9,0.724,1.178,0.615
ITRI,Technology,Scientific & Technical Instruments,2,False,❌,✅,❌,✅,❌,89.75,142.0,36.8,0.92,316.3,0.724,1.178,0.615
LII,Industrials,Building Products & Equipment,2,False,❌,✅,❌,✅,❌,373.77,587.27,36.4,0.9,1041.1,0.724,1.178,0.614
NOW,Technology,Software - Application,2,False,❌,❌,❌,✅,✅,135.62,192.97,29.7,0.46,12711.9,0.724,1.178,0.615
PIII,Healthcare,Medical Care Facilities,2,False,✅,❌,❌,✅,❌,7.05,16.89,58.3,0.01,46.9,0.722,1.178,0.613
VRTS,Financial Services,Asset Management,2,False,❌,❌,❌,✅,✅,130.58,183.46,28.8,1.31,92.5,0.722,1.178,0.613
ERIE,Financial Services,Insurance Brokers,2,False,❌,✅,❌,✅,❌,222.86,325.07,31.4,0.91,292.5,0.72,1.178,0.611
GIL,Consumer Cyclical,Apparel Manufacturing,2,False,❌,✅,❌,✅,❌,40.98,72.73,43.7,2.06,382.4,0.72,1.178,0.611
TMF,その他,,2,False,❌,✅,❌,✅,❌,27.21,42.49,36.0,2.04,661.9,0.716,1.178,0.608
ADVB,Healthcare,Diagnostics & Research,2,False,❌,✅,❌,✅,❌,6.38,24.23,73.7,0.01,100.2,0.715,1.178,0.607
CSV,Consumer Cyclical,Personal Services,2,False,❌,✅,❌,✅,❌,31.94,51.83,38.4,1.15,26.3,0.715,1.178,0.607
TRMB,Technology,Scientific & Technical Instruments,2,False,❌,✅,❌,✅,❌,57.85,84.42,31.5,0.63,822.3,0.712,1.178,0.604
IT,Technology,Information Technology Services,2,False,❌,❌,❌,✅,✅,187.9,265.62,29.3,0.65,1128.6,0.711,1.178,0.604
TMUS,Communication Services,Telecom Services,2,False,❌,❌,❌,✅,✅,165.43,235.97,29.9,1.26,4412.0,0.711,1.178,0.604
BR,Technology,Information Technology Services,2,False,❌,❌,❌,✅,✅,163.77,233.4,29.8,0.69,1009.6,0.71,1.178,0.603
MOMO,Communication Services,Internet Content & Information,2,False,❌,✅,❌,✅,❌,4.99,7.35,32.1,1.59,19.4,0.709,1.178,0.602
BTDR,Technology,Software - Application,2,False,❌,✅,❌,✅,❌,11.51,27.8,58.6,0.87,726.5,0.708,1.178,0.601
AMPY,Energy,Oil & Gas E&P,2,False,❌,✅,❌,✅,❌,4.28,6.79,37.0,0.68,16.4,0.705,1.178,0.599
CALM,Consumer Defensive,Farm Products,2,False,❌,❌,❌,✅,✅,67.43,95.63,29.5,1.32,346.9,0.705,1.178,0.599
ONON,Consumer Cyclical,Footwear & Accessories,2,False,❌,✅,❌,✅,❌,29.96,51.08,41.3,2.73,1204.2,0.705,1.178,0.599
GRRR,Technology,Software - Infrastructure,2,False,❌,✅,❌,✅,❌,14.01,23.49,40.4,0.42,95.9,0.704,1.178,0.598
QURE,Healthcare,Biotechnology,2,False,✅,❌,❌,✅,❌,38.23,71.5,46.5,1.02,340.9,0.704,1.178,0.598
AIFF,Technology,Software - Application,2,False,❌,✅,❌,✅,❌,2.01,3.15,36.2,16.6,16.3,0.703,1.178,0.597
JANX,Healthcare,Biotechnology,2,False,❌,✅,❌,✅,❌,16.3,35.34,53.9,0.96,75.6,0.702,1.178,0.596
STEP,Financial Services,Asset Management,2,False,❌,✅,❌,✅,❌,44.36,75.39,41.2,0.69,289.0,0.702,1.178,0.596
ALXO,Healthcare,Biotechnology,2,False,❌,✅,❌,✅,❌,1.31,2.66,50.8,0.88,11.0,0.701,1.178,0.595
EIDO,その他,,2,False,❌,✅,❌,✅,❌,12.0,18.93,36.6,1.06,87.8,0.701,1.178,0.595
VIPS,Consumer Cyclical,Internet Retail,2,False,❌,✅,❌,✅,❌,12.38,20.24,38.8,0.95,177.9,0.7,1.178,0.594
OCGN,Healthcare,Biotechnology,2,False,❌,✅,❌,✅,❌,1.02,2.72,62.6,1.13,41.2,0.699,1.178,0.593
WWW,Consumer Cyclical,Footwear & Accessories,2,False,✅,❌,❌,✅,❌,19.07,28.18,32.3,0.59,82.6,0.699,1.178,0.593
AAP,Consumer Cyclical,Auto Parts,2,False,❌,✅,❌,✅,❌,41.73,64.62,35.4,0.93,512.2,0.698,1.178,0.592
LODE,Basic Materials,Other Precious Metals & Mining,2,False,❌,✅,❌,✅,❌,2.56,4.98,48.6,0.96,25.2,0.698,1.178,0.592
NMRK,Real Estate,Real Estate Services,2,False,❌,✅,❌,✅,❌,13.06,19.6,33.4,1.53,106.8,0.696,1.178,0.591
CRMD,Healthcare,Biotechnology,2,False,❌,✅,❌,✅,❌,7.85,13.02,39.7,0.6,48.8,0.695,1.178,0.59
IONS,Healthcare,Biotechnology,2,False,❌,✅,❌,✅,❌,44.5,86.74,48.7,1.68,874.7,0.694,1.178,0.589
NCNO,Technology,Software - Application,2,False,❌,✅,❌,✅,❌,19.41,28.2,31.2,0.72,265.7,0.694,1.178,0.589
ACI,Consumer Defensive,Grocery Stores,2,False,❌,✅,❌,✅,❌,11.67,19.33,39.6,0.96,513.1,0.693,1.178,0.588
VRSK,Industrials,Consulting Services,2,False,❌,✅,❌,✅,❌,169.21,250.83,32.5,0.66,1681.8,0.692,1.178,0.587
AZO,Consumer Cyclical,Auto Parts,2,False,❌,✅,❌,✅,❌,2872.16,4332.68,33.7,1.79,5049.2,0.684,1.178,0.581
CLRO,Technology,Communication Equipment,2,False,❌,✅,❌,✅,❌,3.45,16.5,79.1,0.01,116.7,0.682,1.178,0.579
LDOS,Technology,Information Technology Services,2,False,❌,✅,❌,✅,❌,123.61,203.41,39.2,0.8,889.0,0.676,1.178,0.574
ARQQ,Technology,Software - Infrastructure,2,False,❌,✅,❌,✅,❌,24.6,62.0,60.3,0.53,66.2,0.675,1.178,0.573
OTLY,Consumer Defensive,Packaged Foods,2,False,✅,✅,❌,❌,❌,11.84,17.68,33.0,0.39,6.6,0.675,1.178,0.573
RLX,Consumer Defensive,Tobacco,2,False,❌,✅,❌,✅,❌,1.68,2.68,37.3,0.76,29.6,0.675,1.178,0.573
PATK,Consumer Cyclical,Recreational Vehicles,2,False,❌,✅,❌,✅,❌,68.49,146.39,53.2,1.07,233.0,0.674,1.178,0.572
BLKB,Technology,Software - Application,2,False,❌,✅,❌,✅,❌,43.19,70.71,38.9,0.62,116.2,0.673,1.178,0.571
CONY,その他,,2,False,❌,✅,❌,✅,❌,20.8,37.44,44.4,1.41,43.0,0.67,1.178,0.569
GLIBK,Communication Services,Telecom Services,2,False,❌,✅,❌,✅,❌,23.55,41.17,42.8,0.48,73.2,0.667,1.178,0.566
ZUMZ,Consumer Cyclical,Apparel Retail,2,False,❌,✅,❌,✅,❌,13.31,31.7,58.0,1.21,21.5,0.666,1.178,0.566
BIDU,Communication Services,Internet Content & Information,2,False,❌,✅,❌,✅,❌,87.33,165.3,47.2,1.0,1389.5,0.665,1.178,0.564
JACK,Consumer Cyclical,Restaurants,2,False,❌,✅,❌,✅,❌,13.45,23.86,43.6,0.58,62.7,0.665,1.178,0.565
LEN,Consumer Cyclical,Residential Construction,2,False,❌,✅,❌,✅,❌,82.15,131.68,37.6,1.79,1230.4,0.665,1.178,0.564
QXO,Industrials,Industrial Distribution,2,False,❌,✅,❌,✅,❌,12.43,27.61,55.0,1.12,1460.8,0.662,1.178,0.562
COTY,Consumer Defensive,Household & Personal Products,2,False,❌,✅,❌,✅,❌,2.65,4.47,40.7,0.5,110.9,0.661,1.178,0.561
OTLK,Healthcare,Biotechnology,2,False,❌,✅,❌,✅,❌,0.64,2.54,74.8,0.15,86.6,0.659,1.178,0.56
OXM,Consumer Cyclical,Apparel Manufacturing,2,False,❌,✅,❌,✅,❌,25.95,48.74,46.8,1.37,77.5,0.659,1.178,0.56
SGRY,Healthcare,Medical Care Facilities,2,False,❌,✅,❌,✅,❌,14.4,23.44,38.6,1.96,133.9,0.659,1.178,0.559
COLL,Healthcare,Drug Manufacturers - Specialty & Generic,2,False,❌,✅,❌,✅,❌,22.53,50.79,55.6,1.29,85.0,0.655,1.178,0.556
TBBK,Financial Services,Banks - Regional,2,False,❌,✅,❌,✅,❌,50.58,81.65,38.1,1.08,133.3,0.654,1.178,0.555
GT,Consumer Cyclical,Auto Parts,2,False,❌,✅,❌,✅,❌,5.12,10.62,51.7,1.07,291.7,0.652,1.178,0.553
SPRO,Healthcare,Biotechnology,2,False,❌,✅,❌,✅,❌,1.23,3.08,60.1,1.7,11.1,0.651,1.178,0.552
ASAN,Technology,Software - Application,2,False,❌,✅,❌,✅,❌,9.02,15.48,41.7,1.37,247.3,0.649,1.178,0.551
WOOF,Consumer Cyclical,Specialty Retail,2,False,❌,✅,❌,✅,❌,2.27,3.96,42.7,0.94,27.1,0.649,1.178,0.551
GRML,Basic Materials,Other Precious Metals & Mining,2,False,❌,✅,❌,✅,❌,14.66,37.0,60.4,18.76,330.2,0.644,1.178,0.547
PROK,Healthcare,Biotechnology,2,False,❌,✅,❌,✅,❌,1.6,3.48,54.0,1.23,10.8,0.643,1.178,0.545
CPB,Consumer Defensive,Packaged Foods,2,False,❌,✅,❌,✅,❌,19.37,30.67,36.8,0.89,847.1,0.642,1.178,0.545
URG,Energy,Uranium,2,False,❌,✅,❌,✅,❌,1.13,2.35,51.9,0.69,64.1,0.642,1.178,0.545
CMRC,Technology,Software - Application,2,False,❌,✅,❌,✅,❌,3.26,5.55,41.3,0.66,12.6,0.639,1.178,0.543
CURI,Communication Services,Broadcasting,2,False,❌,✅,❌,✅,❌,3.1,5.0,38.0,0.82,12.3,0.639,1.178,0.542
UTI,Consumer Defensive,Education & Training Services,2,False,❌,✅,❌,✅,❌,20.3,51.34,60.5,1.7,229.2,0.637,1.178,0.541
OLLI,Consumer Defensive,Discount Stores,2,False,❌,✅,❌,✅,❌,84.25,133.35,36.8,1.06,722.7,0.636,1.178,0.54
TPB,Consumer Defensive,Tobacco,2,False,❌,✅,❌,✅,❌,62.07,146.44,57.6,2.03,150.8,0.636,1.178,0.54
AHCO,Healthcare,Medical Devices,2,False,❌,✅,❌,✅,❌,5.64,13.43,58.0,0.98,82.4,0.634,1.178,0.539
MNTN,Technology,Software - Application,2,False,❌,✅,❌,✅,❌,11.01,18.96,41.9,0.48,53.8,0.634,1.178,0.538
LFVN,Consumer Defensive,Packaged Foods,2,False,❌,✅,❌,✅,❌,6.26,11.62,46.1,0.13,11.0,0.633,1.178,0.538
INM,Healthcare,Drug Manufacturers - Specialty & Generic,2,False,❌,✅,❌,✅,❌,1.38,2.5,44.8,0.04,13.7,0.63,1.178,0.535
QTRX,Healthcare,Medical Devices,2,False,❌,✅,❌,✅,❌,3.27,8.77,62.7,0.52,15.1,0.63,1.178,0.535
ALEC,Healthcare,Biotechnology,2,False,❌,✅,❌,✅,❌,1.95,3.4,42.6,1.14,10.1,0.629,1.178,0.534
BRSL,Consumer Cyclical,Gambling,2,False,❌,✅,❌,✅,❌,9.96,17.28,42.4,2.06,97.5,0.625,1.178,0.53
RDDT,Communication Services,Internet Content & Information,2,False,❌,✅,❌,✅,❌,149.84,263.5,43.1,0.76,4314.8,0.624,1.178,0.53
HCAT,Healthcare,Health Information Services,2,False,❌,✅,❌,✅,❌,1.74,3.62,51.9,0.28,11.1,0.621,1.178,0.527
PHAT,Healthcare,Biotechnology,2,False,❌,✅,❌,✅,❌,7.3,18.31,60.1,1.1,59.7,0.62,1.178,0.526
BZ,Communication Services,Internet Content & Information,2,False,❌,✅,❌,✅,❌,14.11,24.65,42.8,1.45,389.7,0.618,1.178,0.524
AMRC,Industrials,Engineering & Construction,2,False,❌,✅,❌,✅,❌,21.48,44.93,52.2,0.8,82.8,0.617,1.178,0.524
WRAP,Technology,Scientific & Technical Instruments,2,False,❌,✅,❌,✅,❌,1.45,3.23,55.1,0.2,13.7,0.617,1.178,0.524
ENOV,Healthcare,Medical Devices,2,False,❌,✅,❌,✅,❌,18.46,34.28,46.1,1.28,148.4,0.616,1.178,0.522
DKS,Consumer Cyclical,Specialty Retail,2,False,❌,✅,❌,✅,❌,136.43,242.09,43.6,1.2,1893.0,0.614,1.178,0.521
CELU,Healthcare,Biotechnology,2,False,❌,✅,❌,✅,❌,1.38,2.55,45.9,0.08,19.8,0.613,1.178,0.521
WINA,Consumer Cyclical,Specialty Retail,2,False,❌,✅,❌,✅,❌,296.35,510.07,41.9,1.67,94.0,0.61,1.178,0.518
NCPL,Financial Services,Capital Markets,2,False,❌,✅,❌,✅,❌,1.36,2.75,50.5,2.64,58.2,0.607,1.178,0.515
NRG,Utilities,Utilities - Independent Power Producers,2,False,❌,✅,❌,✅,❌,100.37,188.71,46.8,1.03,1689.8,0.603,1.178,0.512
SBET,Financial Services,Capital Markets,2,False,❌,✅,❌,✅,❌,9.63,19.54,50.7,1.15,291.1,0.602,1.178,0.511
STNE,Technology,Software - Infrastructure,2,False,❌,✅,❌,✅,❌,9.3,16.48,43.6,0.85,257.9,0.601,1.178,0.51
VIA,その他,,2,False,❌,✅,❌,✅,❌,29.41,55.2,46.7,0.99,91.8,0.6,1.178,0.509
IMRN,Healthcare,Biotechnology,2,False,❌,✅,❌,✅,❌,1.16,2.39,51.5,0.07,12.7,0.599,1.178,0.509
GLOB,Technology,Information Technology Services,2,False,❌,✅,❌,✅,❌,34.5,72.1,52.1,0.41,314.3,0.595,1.178,0.505
LSF,Consumer Defensive,Packaged Foods,2,False,✅,✅,❌,❌,❌,3.45,5.89,41.4,0.48,1.0,0.592,1.178,0.502
BAK,Basic Materials,Chemicals,2,False,❌,✅,❌,✅,❌,1.54,5.39,71.5,0.66,31.2,0.59,1.178,0.501
CRBP,Healthcare,Biotechnology,2,False,❌,✅,❌,✅,❌,7.14,20.56,65.3,0.99,28.2,0.59,1.178,0.5
LPL,Technology,Consumer Electronics,2,False,❌,✅,❌,✅,❌,2.98,5.83,48.9,1.17,47.0,0.585,1.178,0.497
CRBU,Healthcare,Biotechnology,2,False,❌,✅,❌,✅,❌,1.24,3.54,64.9,0.56,14.0,0.582,1.178,0.494
AMSF,Financial Services,Insurance - Specialty,2,False,❌,✅,❌,✅,❌,23.51,41.29,43.1,1.55,46.9,0.581,1.178,0.493
CLBT,Technology,Software - Infrastructure,2,False,❌,✅,❌,✅,❌,10.79,19.98,46.0,1.22,166.7,0.579,1.178,0.492
PEGA,Technology,Software - Application,2,False,❌,✅,❌,✅,❌,33.74,67.78,50.2,0.69,376.2,0.578,1.178,0.491
LULU,Consumer Cyclical,Apparel Retail,2,False,❌,✅,❌,✅,❌,101.3,225.98,55.2,1.12,2351.7,0.575,1.178,0.488
ALNY,Healthcare,Biotechnology,2,False,❌,✅,❌,✅,❌,255.96,495.55,48.3,0.76,1965.3,0.573,1.178,0.487
LAB,Healthcare,Medical Devices,2,False,❌,✅,❌,✅,❌,0.74,1.72,57.0,0.28,11.4,0.569,1.178,0.483
PRME,Healthcare,Biotechnology,2,False,❌,✅,❌,✅,❌,2.9,6.94,58.2,1.34,50.3,0.566,1.178,0.481
CLNE,Energy,Oil & Gas Refining & Marketing,2,False,❌,✅,❌,✅,❌,1.6,3.11,48.6,0.64,15.6,0.565,1.178,0.48
GPRO,Technology,Consumer Electronics,2,False,❌,✅,❌,✅,❌,1.29,2.73,52.7,0.53,172.8,0.563,1.178,0.478
WFF,Industrials,Specialty Industrial Machinery,2,False,❌,✅,❌,✅,❌,2.4,10.71,77.6,0.51,18.2,0.557,1.178,0.473
BDTX,Healthcare,Biotechnology,2,False,❌,✅,❌,✅,❌,1.88,4.94,61.9,0.49,12.3,0.553,1.178,0.469
LMB,Industrials,Building Products & Equipment,2,False,❌,✅,❌,✅,❌,51.48,114.95,55.2,0.62,98.1,0.553,1.178,0.47
POOL,Industrials,Industrial Distribution,2,False,❌,✅,❌,✅,❌,164.91,306.05,46.1,1.04,814.6,0.553,1.178,0.469
TTAN,Technology,Software - Application,2,False,❌,✅,❌,✅,❌,58.05,111.36,47.9,1.57,694.6,0.552,1.178,0.469
PRIM,Industrials,Engineering & Construction,2,False,❌,✅,❌,✅,❌,72.65,205.33,64.6,0.62,789.7,0.546,1.178,0.463
MYGN,Healthcare,Diagnostics & Research,2,False,❌,✅,❌,✅,❌,4.17,8.59,51.5,1.05,36.6,0.542,1.178,0.46
DJT,Communication Services,Internet Content & Information,2,False,❌,✅,❌,✅,❌,9.14,17.97,49.1,0.69,184.0,0.54,1.178,0.458
AIOT,Technology,Software - Infrastructure,2,False,❌,✅,❌,✅,❌,2.8,5.88,52.4,0.83,29.5,0.539,1.178,0.458
CALX,Technology,Software - Infrastructure,2,False,❌,✅,❌,✅,❌,33.14,71.22,53.5,0.94,197.5,0.538,1.178,0.457
PAL,Industrials,Integrated Freight & Logistics,2,False,❌,✅,❌,✅,❌,3.68,10.97,66.5,2.71,14.2,0.538,1.178,0.457
ALKT,Technology,Software - Application,2,False,❌,✅,❌,✅,❌,13.8,25.96,46.8,2.11,145.7,0.537,1.178,0.456
PSKY,Communication Services,Entertainment,2,False,❌,✅,❌,✅,❌,9.96,19.72,49.5,2.98,586.1,0.536,1.178,0.455
RVNL,その他,,2,False,❌,✅,❌,✅,❌,22.58,75.17,70.0,1.09,11.9,0.534,1.178,0.453
LRN,Consumer Defensive,Education & Training Services,2,False,❌,✅,❌,✅,❌,78.56,155.06,49.3,0.9,344.8,0.53,1.178,0.449
TRUP,Financial Services,Insurance - Property & Casualty,2,False,❌,✅,❌,✅,❌,23.16,46.98,50.7,1.01,54.7,0.53,1.178,0.45
KTOS,Industrials,Aerospace & Defense,2,False,❌,✅,❌,✅,❌,45.62,134.0,66.0,0.97,1126.1,0.529,1.178,0.449
PSN,Technology,Information Technology Services,2,False,❌,✅,❌,✅,❌,43.07,89.5,51.9,0.72,319.8,0.529,1.178,0.449
IMRX,Healthcare,Biotechnology,2,False,❌,✅,❌,✅,❌,4.27,8.48,49.6,0.48,28.0,0.528,1.178,0.449
HDSN,Basic Materials,Specialty Chemicals,2,False,❌,✅,❌,✅,❌,5.16,9.95,48.1,0.91,15.2,0.524,1.178,0.445
KRMN,Industrials,Aerospace & Defense,2,False,❌,✅,❌,✅,❌,35.69,118.38,69.9,1.3,819.8,0.522,1.178,0.443
RMCF,Consumer Defensive,Confectioners,2,False,❌,✅,❌,✅,❌,0.85,2.99,71.6,0.01,13.3,0.521,1.178,0.443
ROL,Consumer Cyclical,Personal Services,2,False,❌,✅,❌,✅,❌,30.03,65.4,54.1,1.75,1026.2,0.521,1.178,0.443
APTV,Consumer Cyclical,Auto Parts,2,False,❌,✅,❌,✅,❌,44.79,88.93,49.6,0.89,1033.8,0.519,1.178,0.441
OPFI,Financial Services,Credit Services,2,False,❌,✅,❌,✅,❌,6.28,12.28,48.8,1.0,32.9,0.519,1.178,0.441
TCOM,Consumer Cyclical,Travel Services,2,False,❌,✅,❌,✅,❌,39.43,78.99,50.1,1.19,705.1,0.519,1.178,0.441
AQB,Consumer Defensive,Farm Products,2,False,✅,✅,❌,❌,❌,0.95,2.95,67.8,0.68,2.0,0.516,1.178,0.438
RXST,Healthcare,Medical Devices,2,False,❌,✅,❌,✅,❌,4.66,13.22,64.8,0.91,27.2,0.516,1.178,0.438
CELH,Consumer Defensive,Beverages - Non-Alcoholic,2,False,❌,✅,❌,✅,❌,27.99,66.74,58.1,0.7,1380.8,0.515,1.178,0.437
LIDR,Technology,Software - Infrastructure,2,False,❌,✅,❌,✅,❌,1.21,4.0,69.7,0.2,17.0,0.513,1.178,0.435
GRAB,Technology,Software - Application,2,False,❌,✅,❌,✅,❌,3.13,6.6,52.6,2.12,847.1,0.512,1.178,0.435
KMPR,Financial Services,Insurance - Property & Casualty,2,False,❌,✅,❌,✅,❌,25.32,50.02,49.4,0.8,137.1,0.509,1.178,0.432
NIO,Consumer Cyclical,Auto Manufacturers,2,False,❌,✅,❌,✅,❌,3.58,8.02,55.4,0.89,746.1,0.509,1.178,0.432
PGY,Technology,Software - Infrastructure,2,False,✅,❌,❌,✅,❌,17.62,35.52,50.4,1.11,272.6,0.509,1.178,0.432
USNA,Consumer Defensive,Packaged Foods,2,False,❌,✅,❌,✅,❌,14.5,28.52,49.2,1.04,12.9,0.508,1.178,0.431
AVAV,Industrials,Aerospace & Defense,2,False,❌,✅,❌,✅,❌,152.05,417.86,63.6,0.7,1339.9,0.505,1.178,0.429
GENI,Communication Services,Internet Content & Information,2,False,❌,✅,❌,✅,❌,6.44,13.52,52.4,1.59,204.9,0.505,1.178,0.429
ONT,Industrials,Waste Management,2,False,❌,✅,❌,✅,❌,14.0,30.9,54.7,1.2,59.8,0.505,1.178,0.429
BLDR,Industrials,Building Products & Equipment,2,False,❌,✅,❌,✅,❌,59.17,131.5,55.0,1.01,911.1,0.501,1.178,0.425
BANL,Energy,Oil & Gas Midstream,2,False,✅,✅,❌,❌,❌,5.1,16.4,68.9,0.09,3.3,0.5,1.178,0.425
NCMI,Communication Services,Advertising Agencies,2,False,❌,✅,❌,✅,❌,2.26,4.55,50.3,1.96,10.6,0.5,1.178,0.424
ERY,その他,,2,False,❌,✅,❌,✅,❌,9.31,21.95,57.6,4.63,222.5,0.499,1.178,0.424
RARE,Healthcare,Biotechnology,2,False,❌,✅,❌,✅,❌,14.5,39.89,63.7,1.76,333.4,0.499,1.178,0.423
XPOF,Consumer Cyclical,Leisure,2,False,❌,✅,❌,✅,❌,3.92,9.25,57.6,0.95,20.3,0.499,1.178,0.424
PSFE,Technology,Software - Infrastructure,2,False,❌,✅,❌,✅,❌,6.43,13.56,52.6,1.19,11.8,0.498,1.178,0.423
PNR,Industrials,Specialty Industrial Machinery,2,False,❌,✅,❌,✅,❌,53.66,112.57,52.3,0.79,939.9,0.495,1.178,0.42
MLCO,Consumer Cyclical,Resorts & Casinos,2,False,❌,✅,❌,✅,❌,4.73,9.9,52.2,0.77,57.7,0.494,1.178,0.419
NABL,Technology,Information Technology Services,2,False,❌,✅,❌,✅,❌,4.0,8.73,54.2,1.04,46.0,0.494,1.178,0.42
GMEU,その他,,2,False,❌,✅,❌,✅,❌,8.24,18.98,56.6,2.94,14.5,0.488,1.178,0.415
NEOV,Industrials,Electrical Equipment & Parts,2,False,❌,✅,❌,✅,❌,2.19,7.13,69.3,1.06,30.6,0.486,1.178,0.412
CLVT,Technology,Information Technology Services,2,False,❌,✅,❌,✅,❌,1.78,3.96,55.1,0.71,61.2,0.482,1.178,0.409
CGTL,Consumer Cyclical,Specialty Retail,2,False,❌,✅,❌,✅,❌,4.11,96.0,95.7,0.04,14.3,0.481,1.178,0.408
ACM,Industrials,Engineering & Construction,2,False,❌,✅,❌,✅,❌,60.89,134.01,54.6,0.84,704.8,0.477,1.178,0.405
INO,Healthcare,Biotechnology,2,False,❌,✅,❌,✅,❌,1.18,2.72,56.6,0.89,16.9,0.476,1.178,0.404
CAN,Technology,Computer Hardware,2,False,❌,✅,❌,✅,❌,0.38,2.22,83.0,1.0,22.5,0.475,1.178,0.403
SCKT,Technology,Computer Hardware,2,False,❌,✅,❌,✅,❌,0.48,2.79,82.7,0.03,16.3,0.473,1.178,0.401
PRCT,Healthcare,Medical Devices,2,False,❌,✅,❌,✅,❌,17.2,38.11,54.9,0.88,161.8,0.469,1.178,0.398
ALHC,Healthcare,Healthcare Plans,2,False,❌,✅,❌,✅,❌,8.21,25.12,67.3,1.96,494.6,0.468,1.178,0.398
LUCY,Healthcare,Medical Instruments & Supplies,2,False,❌,✅,❌,✅,❌,0.95,2.08,54.3,0.04,25.2,0.468,1.178,0.397
IIIV,Technology,Software - Infrastructure,2,False,❌,✅,❌,✅,❌,14.88,33.97,56.2,0.93,43.1,0.465,1.178,0.394
HOWL,Healthcare,Biotechnology,2,False,❌,✅,❌,✅,❌,0.96,2.38,59.7,0.08,19.2,0.464,1.178,0.394
BEEM,Technology,Solar,2,False,❌,✅,❌,✅,❌,1.19,4.04,70.5,0.29,10.2,0.463,1.178,0.393
BIRD,Consumer Cyclical,Apparel Retail,2,False,❌,✅,❌,✅,❌,2.32,21.26,89.1,0.19,24.8,0.462,1.178,0.392
RUN,Technology,Solar,2,False,❌,✅,❌,✅,❌,8.11,22.44,63.9,0.93,511.3,0.459,1.178,0.39
SFIX,Consumer Cyclical,Apparel Retail,2,False,❌,✅,❌,✅,❌,2.15,5.74,62.5,3.38,34.3,0.459,1.178,0.39
CONI,その他,,2,False,❌,✅,❌,✅,❌,22.11,141.65,84.4,2.29,45.5,0.455,1.178,0.386
VERX,Technology,Software - Application,2,False,❌,✅,❌,✅,❌,11.37,26.54,57.2,0.66,109.6,0.455,1.178,0.387
OI,Consumer Cyclical,Packaging & Containers,2,False,❌,✅,❌,✅,❌,5.86,16.91,65.3,1.05,123.3,0.446,1.178,0.378
CJMB,Industrials,Integrated Freight & Logistics,2,False,❌,✅,❌,✅,❌,2.21,5.61,60.6,0.05,13.5,0.445,1.178,0.377
ERII,Industrials,Pollution & Treatment Controls,2,False,❌,✅,❌,✅,❌,6.81,18.32,62.8,0.79,41.7,0.445,1.178,0.377
BTCT,Technology,Computer Hardware,2,False,❌,✅,❌,✅,❌,1.19,3.12,61.9,0.49,53.6,0.444,1.178,0.377
MSTZ,その他,,2,False,❌,✅,❌,✅,❌,2.56,28.71,91.1,2.63,790.6,0.444,1.178,0.377
TGHL,その他,,2,False,❌,✅,❌,✅,❌,0.73,2.48,70.5,0.02,21.0,0.441,1.178,0.374
EMBC,Healthcare,Medical Instruments & Supplies,2,False,❌,✅,❌,✅,❌,5.9,14.43,59.1,0.45,35.0,0.438,1.178,0.372
FINV,Financial Services,Credit Services,2,False,❌,✅,❌,✅,❌,3.11,7.25,57.1,0.8,18.1,0.438,1.178,0.372
PZZA,Consumer Cyclical,Restaurants,2,False,❌,✅,❌,✅,❌,19.55,53.66,63.6,1.09,176.3,0.432,1.178,0.367
PODD,Healthcare,Medical Devices,2,False,❌,✅,❌,✅,❌,136.13,354.88,61.6,0.74,1152.3,0.428,1.178,0.363
OPTU,Communication Services,Telecom Services,2,False,❌,✅,❌,✅,❌,1.01,2.74,63.1,0.24,42.7,0.426,1.178,0.362
SIGA,Healthcare,Drug Manufacturers - Specialty & Generic,2,False,❌,✅,❌,✅,❌,3.45,8.22,58.0,1.16,11.3,0.426,1.178,0.361
FULC,Healthcare,Biotechnology,2,False,❌,✅,❌,✅,❌,3.74,15.74,76.2,0.68,41.0,0.423,1.178,0.359
NVDQ,その他,,2,False,❌,✅,❌,✅,❌,8.41,20.51,59.0,1.18,260.6,0.417,1.178,0.354
SPRY,Healthcare,Biotechnology,2,False,❌,✅,❌,✅,❌,4.08,13.15,69.0,0.65,61.9,0.416,1.178,0.353
CHTR,Communication Services,Telecom Services,2,False,❌,✅,❌,✅,❌,112.91,285.82,60.5,1.18,2133.9,0.413,1.178,0.351
HUBS,Technology,Software - Application,2,False,❌,✅,❌,✅,❌,213.74,524.63,59.3,0.79,1924.4,0.413,1.178,0.35
PLNT,Consumer Cyclical,Leisure,2,False,❌,✅,❌,✅,❌,42.68,114.26,62.6,2.12,545.2,0.412,1.178,0.349
MB,Consumer Cyclical,Restaurants,2,False,❌,✅,❌,✅,❌,4.0,19.75,79.7,0.02,14.8,0.411,1.178,0.349
UBRL,その他,,2,False,❌,✅,❌,✅,❌,13.21,34.08,61.2,1.47,15.4,0.408,1.178,0.347
WCT,Technology,Software - Application,2,False,❌,✅,❌,✅,❌,7.93,21.4,62.9,0.56,21.8,0.407,1.178,0.345
MNSO,Consumer Cyclical,Specialty Retail,2,False,❌,✅,❌,✅,❌,8.78,22.56,61.1,1.02,42.0,0.404,1.178,0.343
EU,Energy,Uranium,2,False,❌,✅,❌,✅,❌,1.24,4.18,70.3,1.84,25.8,0.403,1.178,0.342
DFDV,Financial Services,Asset Management,2,False,❌,✅,❌,✅,❌,6.04,18.28,67.0,2.25,28.3,0.394,1.178,0.334
LIF,Technology,Software - Application,2,False,❌,✅,❌,✅,❌,41.1,112.54,63.5,0.66,176.8,0.393,1.178,0.334
GELS,Healthcare,Drug Manufacturers - Specialty & Generic,2,False,❌,✅,❌,✅,❌,0.55,2.01,72.8,1.68,18.9,0.39,1.178,0.331
NMRA,Healthcare,Biotechnology,2,False,❌,✅,❌,✅,❌,0.68,3.65,81.4,1.25,12.1,0.389,1.178,0.331
IPX,Basic Materials,Other Industrial Metals & Mining,2,False,❌,✅,❌,✅,❌,19.61,61.45,68.1,0.77,37.6,0.386,1.178,0.328
CCB,Financial Services,Banks - Regional,2,False,❌,✅,❌,✅,❌,44.82,120.05,62.7,0.75,53.5,0.38,1.178,0.322
AIRO,Industrials,Aerospace & Defense,2,False,❌,✅,❌,✅,❌,7.24,22.47,67.8,0.53,19.9,0.379,1.178,0.322
APUS,Healthcare,Drug Manufacturers - Specialty & Generic,2,False,❌,✅,❌,✅,❌,7.25,59.7,87.9,19.05,46.9,0.376,1.178,0.319
ARBE,Technology,Scientific & Technical Instruments,2,False,❌,✅,❌,✅,❌,0.63,2.88,78.0,0.48,13.6,0.371,1.178,0.315
RZLV,Technology,Software - Infrastructure,2,False,❌,✅,❌,✅,❌,2.18,7.58,71.2,0.66,185.0,0.366,1.178,0.311
BBW,Consumer Cyclical,Specialty Retail,2,False,❌,✅,❌,✅,❌,25.77,71.61,64.0,1.24,78.9,0.363,1.178,0.308
JELD,Industrials,Building Products & Equipment,2,False,❌,✅,❌,✅,❌,1.84,5.07,63.7,1.03,14.5,0.363,1.178,0.308
CVRX,Healthcare,Medical Devices,2,False,❌,✅,❌,✅,❌,2.7,11.3,76.1,0.82,11.3,0.358,1.178,0.304
TYGO,Technology,Solar,2,False,❌,✅,❌,✅,❌,0.86,5.33,83.9,0.75,10.7,0.358,1.178,0.304
ZTG,その他,,2,False,❌,✅,❌,✅,❌,1.34,12.25,89.1,0.64,30.2,0.356,1.178,0.303
DOCS,Healthcare,Health Information Services,2,False,❌,✅,❌,✅,❌,26.35,76.51,65.6,0.53,519.7,0.354,1.178,0.301
CWEB,その他,,2,False,❌,✅,❌,✅,❌,18.48,58.63,68.5,2.36,73.5,0.351,1.178,0.298
TREE,Financial Services,Financial Conglomerates,2,False,❌,✅,❌,✅,❌,24.62,71.17,65.4,1.52,55.9,0.349,1.178,0.296
PLAY,Communication Services,Entertainment,2,False,❌,✅,❌,✅,❌,6.62,22.1,70.0,1.2,95.0,0.344,1.178,0.292
RBLX,Communication Services,Electronic Gaming & Multimedia,2,False,❌,✅,❌,✅,❌,46.44,142.0,67.3,1.18,2469.7,0.344,1.178,0.292
XXI,Financial Services,Shell Companies,2,False,❌,✅,❌,✅,❌,6.64,25.63,74.1,1.46,47.3,0.339,1.178,0.288
BBOT,Healthcare,Biotechnology,2,False,❌,✅,❌,✅,❌,3.95,14.87,73.4,1.24,15.8,0.338,1.178,0.287
HYFM,Industrials,Farm & Heavy Construction Machinery,2,False,❌,✅,❌,✅,❌,0.97,3.69,73.6,0.01,13.2,0.338,1.178,0.287
GXAI,Communication Services,Electronic Gaming & Multimedia,2,False,❌,✅,❌,✅,❌,0.57,2.63,78.3,0.13,14.9,0.337,1.178,0.286
CRE,Industrials,Specialty Business Services,2,False,❌,✅,❌,✅,❌,2.82,14.64,80.7,0.1,23.4,0.336,1.178,0.285
AKBA,Healthcare,Drug Manufacturers - Specialty & Generic,2,False,❌,✅,❌,✅,❌,0.9,3.2,72.0,1.02,29.4,0.327,1.178,0.278
DUST,その他,,2,False,❌,✅,❌,✅,❌,36.0,123.47,70.8,0.97,225.3,0.326,1.178,0.277
STUB,その他,,2,False,❌,✅,❌,✅,❌,5.44,21.49,74.7,1.05,307.3,0.323,1.178,0.274
HUMA,Healthcare,Biotechnology,2,False,❌,✅,❌,✅,❌,0.56,2.55,78.1,0.35,34.8,0.322,1.178,0.273
BABX,その他,,2,False,❌,✅,❌,✅,❌,16.93,66.0,74.3,1.11,90.5,0.32,1.178,0.272
KLAR,Financial Services,Credit Services,2,False,❌,✅,❌,✅,❌,12.8,44.75,71.4,1.31,478.5,0.32,1.178,0.272
LVWR,Consumer Cyclical,Auto Manufacturers,2,False,❌,✅,❌,✅,❌,1.5,6.44,76.7,0.12,21.8,0.319,1.178,0.271
CELZ,Healthcare,Biotechnology,2,False,❌,✅,❌,✅,❌,1.03,6.25,83.5,0.71,42.2,0.312,1.178,0.265
CRVO,Healthcare,Biotechnology,2,False,❌,✅,❌,✅,❌,2.54,10.0,74.6,0.04,74.0,0.307,1.178,0.26
KLC,Consumer Defensive,Education & Training Services,2,False,❌,✅,❌,✅,❌,2.12,7.1,70.1,0.68,15.0,0.305,1.178,0.259
CMPX,Healthcare,Biotechnology,2,False,❌,✅,❌,✅,❌,1.13,6.88,83.6,2.56,35.7,0.302,1.178,0.256
FLUT,Consumer Cyclical,Gambling,2,False,❌,✅,❌,✅,❌,83.23,284.87,70.8,1.05,1394.2,0.297,1.178,0.252
FMC,Basic Materials,Agricultural Inputs,2,False,❌,✅,❌,✅,❌,9.58,33.42,71.3,1.05,207.4,0.295,1.178,0.25
OPEN,Real Estate,Real Estate Services,2,False,❌,✅,❌,✅,❌,2.57,9.69,73.5,0.6,960.7,0.292,1.178,0.248
FWDI,Consumer Cyclical,Footwear & Accessories,2,False,❌,✅,❌,✅,❌,8.42,30.32,72.2,1.62,40.9,0.288,1.178,0.245
METC,Basic Materials,Coking Coal,2,False,❌,✅,❌,✅,❌,9.02,57.8,84.4,1.08,111.1,0.287,1.178,0.244
SES,Consumer Cyclical,Auto Parts,2,False,❌,✅,❌,✅,❌,0.53,3.73,85.7,1.07,49.8,0.287,1.178,0.244
ZENA,Technology,Software - Infrastructure,2,False,❌,✅,❌,✅,❌,1.42,7.11,80.0,0.34,28.4,0.286,1.178,0.243
ENVX,Industrials,Electrical Equipment & Parts,2,False,❌,✅,❌,✅,❌,2.87,14.21,79.8,0.76,169.3,0.284,1.178,0.241
ZEO,Technology,Solar,2,False,❌,✅,❌,✅,❌,0.38,2.06,81.5,16.43,14.0,0.276,1.178,0.234
SRFM,Industrials,Airlines,2,False,❌,✅,❌,✅,❌,1.11,6.17,82.0,2.09,26.4,0.275,1.178,0.233
QFIN,Financial Services,Credit Services,2,False,❌,✅,❌,✅,❌,7.3,27.8,73.7,1.15,102.2,0.274,1.178,0.233
NFXL,その他,,2,False,❌,✅,❌,✅,❌,14.49,56.41,74.3,1.07,100.8,0.271,1.178,0.23
TTD,Communication Services,Advertising Agencies,2,False,❌,✅,❌,✅,❌,12.6,56.39,77.7,1.04,1793.9,0.267,1.178,0.227
AIRS,Healthcare,Medical Care Facilities,2,False,❌,✅,❌,✅,❌,1.96,12.0,83.7,1.23,15.5,0.264,1.178,0.224
XPON,Industrials,Electrical Equipment & Parts,2,False,❌,✅,❌,✅,❌,4.66,21.6,78.4,0.07,56.3,0.262,1.178,0.223
INSG,Technology,Communication Equipment,2,False,❌,✅,❌,✅,❌,3.76,21.9,82.8,0.72,13.1,0.261,1.178,0.221
EYPT,Healthcare,Biotechnology,2,False,❌,✅,❌,✅,❌,3.62,19.11,81.1,1.07,107.6,0.26,1.178,0.221
VERI,Technology,Software - Infrastructure,2,False,❌,✅,❌,✅,❌,1.31,9.42,86.1,0.88,19.8,0.258,1.178,0.219
HTZ,Industrials,Rental & Leasing Services,2,False,❌,✅,❌,✅,❌,1.74,8.18,78.7,0.45,282.0,0.257,1.178,0.218
YMAT,その他,,2,False,❌,✅,❌,✅,❌,1.56,13.0,88.0,4.18,33.8,0.256,1.178,0.217
IVDA,Industrials,Security & Protection Services,2,False,❌,✅,❌,✅,❌,0.3,2.24,86.4,0.06,15.4,0.253,1.178,0.215
GOGO,Communication Services,Telecom Services,2,False,❌,✅,❌,✅,❌,2.3,9.93,76.8,0.75,30.8,0.252,1.178,0.214
TENX,Healthcare,Biotechnology,2,False,❌,✅,❌,✅,❌,1.81,19.4,90.7,0.68,79.3,0.249,1.178,0.212
KPTI,Healthcare,Biotechnology,2,False,❌,✅,❌,✅,❌,1.62,10.99,85.3,0.98,21.0,0.247,1.178,0.21
TDUP,Consumer Cyclical,Internet Retail,2,False,❌,✅,❌,✅,❌,2.25,10.0,77.5,0.79,45.8,0.244,1.178,0.207
PSNY,Consumer Cyclical,Auto Manufacturers,2,False,❌,✅,❌,✅,❌,6.93,29.46,76.5,1.11,12.8,0.242,1.178,0.205
UPXI,Communication Services,Internet Content & Information,2,False,❌,✅,❌,✅,❌,1.23,7.75,84.1,2.21,14.7,0.236,1.178,0.2
CUPR,Healthcare,Medical Instruments & Supplies,2,False,❌,✅,❌,✅,❌,1.87,14.8,87.4,0.05,44.0,0.235,1.178,0.199
KRRO,Healthcare,Biotechnology,2,False,❌,✅,❌,✅,❌,9.57,55.89,82.9,1.21,10.4,0.235,1.178,0.2
NIXX,Industrials,Staffing & Employment Services,2,False,❌,✅,❌,✅,❌,0.34,1.97,82.6,0.12,13.5,0.233,1.178,0.198
GEMI,Financial Services,Capital Markets,2,False,❌,✅,❌,✅,❌,5.54,26.75,79.3,1.38,53.2,0.232,1.178,0.197
MGRX,Healthcare,Health Information Services,2,False,❌,✅,❌,✅,❌,0.47,2.75,83.1,0.04,23.1,0.216,1.178,0.183
ZSQR,Technology,Software - Infrastructure,2,False,❌,✅,❌,✅,❌,3.78,21.41,82.3,1.0,17.8,0.216,1.178,0.183
BRBR,Consumer Defensive,Packaged Foods,2,False,❌,✅,❌,✅,❌,7.91,36.95,78.6,0.92,231.0,0.215,1.178,0.182
UWMC,Financial Services,Mortgage Finance,2,False,❌,✅,❌,✅,❌,1.22,5.75,78.8,0.65,189.8,0.215,1.178,0.182
VEEA,Technology,Information Technology Services,2,False,❌,✅,❌,✅,❌,3.08,18.68,83.5,0.45,60.7,0.215,1.178,0.182
LDI,Financial Services,Mortgage Finance,2,False,❌,✅,❌,✅,❌,0.67,3.8,82.4,1.8,14.8,0.214,1.178,0.182
SSTK,Communication Services,Internet Content & Information,2,False,❌,✅,❌,✅,❌,4.18,27.65,84.9,0.82,36.6,0.212,1.178,0.18
BETR,Financial Services,Mortgage Finance,2,False,❌,✅,❌,✅,❌,10.45,92.69,88.7,1.32,44.0,0.197,1.178,0.167
CCOI,Communication Services,Telecom Services,2,False,❌,✅,❌,✅,❌,7.69,45.45,83.1,1.26,88.7,0.196,1.178,0.166
RDTL,その他,,2,False,❌,✅,❌,✅,❌,12.56,67.2,81.3,1.23,55.9,0.196,1.178,0.166
SOC,Energy,Oil & Gas Drilling,2,False,❌,✅,❌,✅,❌,3.88,20.74,81.3,0.85,245.9,0.196,1.178,0.167
CRWU,その他,,2,False,❌,✅,❌,✅,❌,35.68,288.03,87.6,0.46,91.9,0.195,1.178,0.165
MLTX,Healthcare,Biotechnology,2,False,❌,✅,❌,✅,❌,12.04,23.29,48.3,1.5,105.5,0.194,1.178,0.165
MRLN,Industrials,Aerospace & Defense,2,False,❌,✅,❌,✅,❌,1.99,17.0,88.3,2.0,61.9,0.191,1.178,0.162
QCLS,Technology,Computer Hardware,2,False,❌,✅,❌,✅,❌,0.87,8.17,89.4,2.04,16.6,0.187,1.178,0.159
LNAI,Healthcare,Biotechnology,2,False,❌,✅,❌,✅,❌,1.93,13.28,85.5,0.11,11.0,0.186,1.178,0.158
ENSC,Healthcare,Biotechnology,2,False,❌,✅,❌,✅,❌,0.41,2.75,85.0,0.03,24.8,0.184,1.178,0.156
AMIX,Healthcare,Medical Devices,2,False,❌,✅,❌,✅,❌,4.02,32.55,87.6,0.04,100.3,0.182,1.178,0.155
SION,Healthcare,Biotechnology,2,False,❌,✅,❌,✅,❌,5.23,54.97,90.5,1.15,104.2,0.181,1.178,0.153
LABD,その他,,2,False,❌,✅,❌,✅,❌,7.42,41.89,82.3,1.74,502.6,0.177,1.178,0.15
SPWR,Technology,Solar,2,False,❌,✅,❌,✅,❌,0.31,2.27,86.2,0.31,15.7,0.177,1.178,0.151
CCUP,その他,,2,False,❌,✅,❌,✅,❌,24.57,216.3,88.6,0.26,55.9,0.172,1.178,0.146
NNOX,Healthcare,Medical Devices,2,False,❌,✅,❌,✅,❌,0.64,4.7,86.4,0.49,10.1,0.172,1.178,0.146
LCID,Consumer Cyclical,Auto Manufacturers,2,False,❌,✅,❌,✅,❌,4.07,25.23,83.9,0.62,457.8,0.17,1.178,0.144
AEMD,Healthcare,Medical Devices,2,False,❌,✅,❌,✅,❌,6.28,41.5,84.9,0.25,42.8,0.167,1.178,0.142
BYRN,Industrials,Aerospace & Defense,2,False,❌,✅,❌,✅,❌,3.49,30.62,88.6,0.58,13.3,0.167,1.178,0.142
ELTX,Healthcare,Biotechnology,2,False,❌,✅,❌,✅,❌,1.84,16.0,88.5,0.27,22.6,0.167,1.178,0.142
VRAX,Healthcare,Biotechnology,2,False,❌,✅,❌,✅,❌,2.39,21.75,89.0,0.02,36.5,0.156,1.178,0.133
BJDX,Healthcare,Medical Devices,2,False,❌,✅,❌,✅,❌,0.92,16.68,94.5,0.27,41.0,0.155,1.178,0.131
ACH,Healthcare,Medical Distribution,2,False,❌,✅,❌,✅,❌,0.71,5.6,87.4,1.4,10.6,0.148,1.178,0.126
SLND,Industrials,Engineering & Construction,2,False,❌,✅,❌,✅,❌,0.66,5.34,87.7,0.04,13.1,0.148,1.178,0.126
THRY,Technology,Software - Application,2,False,❌,✅,❌,✅,❌,1.79,12.57,85.8,0.76,11.1,0.147,1.178,0.124
SUPX,Technology,Software - Infrastructure,2,False,❌,✅,❌,✅,❌,6.89,76.5,91.0,2.16,15.6,0.142,1.178,0.121
WKSP,Consumer Cyclical,Auto Parts,2,False,❌,✅,❌,✅,❌,0.44,3.9,88.7,0.07,21.7,0.142,1.178,0.12
DSY,Consumer Defensive,Household & Personal Products,2,False,❌,✅,❌,✅,❌,3.61,24.2,85.1,0.0,50.1,0.141,1.178,0.12
DVLT,Technology,Software - Infrastructure,2,False,❌,✅,❌,✅,❌,0.15,4.1,96.3,1.26,62.2,0.14,1.178,0.119
VEEE,Consumer Cyclical,Recreational Vehicles,2,False,❌,✅,❌,✅,❌,13.95,127.65,89.1,3.56,272.1,0.137,1.178,0.116
EVTL,Industrials,Aerospace & Defense,2,False,❌,✅,❌,✅,❌,0.74,7.33,89.9,1.57,26.6,0.136,1.178,0.115
BZAI,Technology,Software - Application,2,False,❌,✅,❌,✅,❌,0.51,6.76,92.4,0.45,26.4,0.132,1.178,0.112
KTUP,その他,,2,False,❌,✅,❌,✅,❌,4.72,67.57,93.0,2.32,11.6,0.132,1.178,0.112
STKH,Consumer Defensive,Packaged Foods,2,False,❌,✅,❌,✅,❌,1.72,20.91,91.8,0.02,31.7,0.132,1.178,0.112
VRRM,Technology,Information Technology Services,2,False,❌,✅,❌,✅,❌,3.24,25.45,87.3,0.76,153.8,0.132,1.178,0.112
MDXH,Healthcare,Diagnostics & Research,2,False,❌,✅,❌,✅,❌,0.57,5.33,89.4,0.06,16.0,0.122,1.178,0.104
ERNA,Healthcare,Biotechnology,2,False,❌,✅,❌,✅,❌,3.44,71.5,95.2,0.02,26.1,0.121,1.178,0.103
MRNO,Real Estate,Real Estate - Development,2,False,❌,✅,❌,✅,❌,0.29,2.91,90.0,0.5,16.5,0.114,1.178,0.097
CHOW,Technology,Software - Infrastructure,2,False,❌,✅,❌,✅,❌,0.67,12.05,94.5,0.03,18.4,0.113,1.178,0.096
LHAI,Real Estate,Real Estate Services,2,False,❌,✅,❌,✅,❌,1.02,15.66,93.5,0.01,45.7,0.107,1.178,0.091
SDOT,Consumer Defensive,Farm Products,2,False,❌,✅,❌,✅,❌,11.01,260.4,95.8,0.02,267.8,0.105,1.178,0.089
ADGM,Healthcare,Medical Devices,2,False,❌,✅,❌,✅,❌,0.19,2.58,92.4,1.58,18.1,0.102,1.178,0.087
MOBX,Technology,Semiconductors,2,False,❌,✅,❌,✅,❌,0.85,13.3,93.6,0.23,41.5,0.102,1.178,0.087
MSTU,その他,,2,False,❌,✅,❌,✅,❌,42.84,585.1,92.7,1.04,1038.6,0.1,1.178,0.085
FNGR,Communication Services,Telecom Services,2,False,❌,✅,❌,✅,❌,0.15,2.2,93.1,0.68,32.8,0.094,1.178,0.08
ABTC,Financial Services,Capital Markets,2,False,❌,✅,❌,✅,❌,9.1,112.5,91.9,1.08,61.3,0.092,1.178,0.078
RKDA,Consumer Defensive,Packaged Foods,2,False,❌,✅,❌,✅,❌,0.31,6.71,95.4,2.41,10.1,0.09,1.178,0.077
SRXH,Consumer Defensive,Packaged Foods,2,False,❌,✅,❌,✅,❌,1.7,41.55,95.9,0.33,39.4,0.089,1.178,0.075
SLE,Communication Services,Internet Content & Information,2,False,❌,✅,❌,✅,❌,5.03,71.88,93.0,0.12,31.0,0.086,1.178,0.073
MVIS,Technology,Scientific & Technical Instruments,2,False,❌,✅,❌,✅,❌,1.6,23.1,93.1,0.91,18.2,0.083,1.178,0.071
EZRA,Financial Services,Insurance Brokers,2,False,❌,✅,❌,✅,❌,2.68,53.2,95.0,0.02,15.9,0.079,1.178,0.067
VTGN,Healthcare,Biotechnology,2,False,❌,✅,❌,✅,❌,0.27,5.14,94.7,13.76,12.7,0.077,1.178,0.066
TNON,Healthcare,Medical Devices,2,False,❌,✅,❌,✅,❌,3.13,50.4,93.8,0.19,112.7,0.076,1.178,0.064
DLXY,Energy,Oil & Gas Refining & Marketing,2,False,❌,✅,❌,✅,❌,0.5,6.76,92.6,0.29,13.5,0.075,1.178,0.063
GPUS,Industrials,Aerospace & Defense,2,False,❌,✅,❌,✅,❌,0.17,3.65,95.5,2.73,84.1,0.072,1.178,0.061
GETY,Communication Services,Internet Content & Information,2,False,❌,✅,❌,✅,❌,0.14,3.21,95.6,1.11,22.2,0.07,1.178,0.059
CXAI,Technology,Software - Application,2,False,❌,✅,❌,✅,❌,2.49,52.0,95.2,0.14,17.3,0.068,1.178,0.057
DCOY,Healthcare,Biotechnology,2,False,❌,✅,❌,✅,❌,3.09,55.92,94.5,17.82,26.2,0.068,1.178,0.057
VTAK,Healthcare,Medical Devices,2,False,❌,✅,❌,✅,❌,0.15,3.2,95.2,0.09,23.9,0.065,1.178,0.056
SBFM,Healthcare,Drug Manufacturers - Specialty & Generic,2,False,❌,✅,❌,✅,❌,0.84,24.3,96.5,0.16,23.6,0.058,1.178,0.049
SGLY,Industrials,Integrated Freight & Logistics,2,False,❌,✅,❌,✅,❌,0.87,19.6,95.6,0.23,11.2,0.057,1.178,0.048
NXTS,Basic Materials,Agricultural Inputs,2,False,❌,✅,❌,✅,❌,1.47,49.0,97.0,0.14,20.3,0.055,1.178,0.047
BOXL,Technology,Consumer Electronics,2,False,❌,✅,❌,✅,❌,4.81,96.84,95.0,0.03,34.4,0.051,1.178,0.043
GOSS,Healthcare,Biotechnology,2,False,❌,✅,❌,✅,❌,10.94,309.6,96.5,1.06,19.7,0.051,1.178,0.043
MSGY,Industrials,Engineering & Construction,2,False,❌,✅,❌,✅,❌,8.07,170.72,95.3,9.89,28.4,0.051,1.178,0.043
SURG,Communication Services,Telecom Services,2,False,❌,✅,❌,✅,❌,0.15,3.14,95.3,0.28,21.3,0.051,1.178,0.044
LESL,Consumer Cyclical,Specialty Retail,2,False,❌,✅,❌,✅,❌,0.29,12.53,97.7,1.11,18.3,0.048,1.178,0.041
VVOS,Healthcare,Medical Devices,2,False,❌,✅,❌,✅,❌,0.14,3.45,95.9,0.12,10.9,0.045,1.178,0.038
CCTG,Industrials,Electrical Equipment & Parts,2,False,❌,✅,❌,✅,❌,0.51,26.1,98.0,0.02,15.8,0.044,1.178,0.037
TTDU,その他,,2,False,❌,✅,❌,✅,❌,10.74,384.87,97.2,1.26,14.1,0.039,1.178,0.033
JEM,Consumer Cyclical,Apparel Retail,2,False,❌,✅,❌,✅,❌,3.79,135.24,97.2,0.05,48.9,0.037,1.178,0.031
AKAN,Healthcare,Drug Manufacturers - Specialty & Generic,2,False,❌,✅,❌,✅,❌,3.05,209.23,98.5,1.21,38.2,0.035,1.178,0.03
ATPC,Consumer Defensive,Packaged Foods,2,False,❌,✅,❌,✅,❌,2.24,73.5,97.0,0.0,47.8,0.035,1.178,0.03
CRMT,Consumer Cyclical,Auto & Truck Dealerships,2,False,❌,✅,❌,✅,❌,1.06,30.75,96.6,0.31,16.5,0.035,1.178,0.03
CYCU,Technology,Information Technology Services,2,False,❌,✅,❌,✅,❌,2.81,123.54,97.7,0.09,47.7,0.035,1.178,0.03
FCUV,Technology,Scientific & Technical Instruments,2,False,❌,✅,❌,✅,❌,4.52,210.0,97.8,0.02,93.4,0.035,1.178,0.03
OFAL,Industrials,Engineering & Construction,2,False,❌,✅,❌,✅,❌,0.5,15.0,96.7,1.37,20.4,0.035,1.178,0.03
TVRD,Healthcare,Biotechnology,2,False,❌,✅,❌,✅,❌,1.27,43.65,97.1,0.26,23.3,0.035,1.178,0.03
MSS,Consumer Defensive,Grocery Stores,2,False,❌,✅,❌,✅,❌,1.62,198.0,99.2,7.12,23.1,0.034,1.178,0.029
AEHL,Industrials,Building Products & Equipment,2,False,❌,✅,❌,✅,❌,9.36,418.56,97.8,0.16,86.2,0.032,1.178,0.028
ARTL,Healthcare,Biotechnology,2,False,❌,✅,❌,✅,❌,4.54,179.19,97.5,14.3,11.7,0.031,1.178,0.026
CHAI,Communication Services,Internet Content & Information,2,False,❌,✅,❌,✅,❌,0.27,15.68,98.3,0.11,29.6,0.03,1.178,0.026
IVF,Healthcare,Medical Devices,2,False,❌,✅,❌,✅,❌,0.94,84.4,98.9,0.07,24.4,0.028,1.178,0.024
JZXN,Consumer Cyclical,Auto & Truck Dealerships,2,False,❌,✅,❌,✅,❌,1.13,28.8,96.1,0.03,35.7,0.026,1.178,0.022
VWAV,その他,,2,False,❌,✅,❌,✅,❌,4.87,316.0,98.5,1.45,19.4,0.025,1.178,0.022
JTAI,Technology,Software - Application,2,False,❌,✅,❌,✅,❌,1.56,69.78,97.8,1.17,10.9,0.022,1.178,0.019
JUNS,Healthcare,Biotechnology,2,False,❌,✅,❌,✅,❌,2.67,138.0,98.1,0.18,24.9,0.022,1.178,0.019
BDRX,Healthcare,Biotechnology,2,False,❌,✅,❌,✅,❌,0.68,59.4,98.9,0.17,13.9,0.021,1.178,0.018
KUST,Communication Services,Entertainment,2,False,❌,✅,❌,✅,❌,0.63,32.4,98.1,0.44,25.3,0.021,1.178,0.017
VNRX,Healthcare,Medical Devices,2,False,❌,✅,❌,✅,❌,0.26,14.8,98.2,0.37,12.7,0.021,1.178,0.018
VSME,Communication Services,Advertising Agencies,2,False,❌,✅,❌,✅,❌,1.0,58.1,98.3,0.55,38.5,0.02,1.178,0.017
SMTK,Technology,Semiconductor Equipment & Materials,2,False,❌,✅,❌,✅,❌,1.82,190.0,99.0,1.57,14.4,0.019,1.178,0.016
ONFO,Communication Services,Internet Content & Information,2,False,❌,✅,❌,✅,❌,0.91,123.9,99.3,0.15,19.1,0.016,1.178,0.013
DBGI,Consumer Cyclical,Apparel Retail,2,False,❌,✅,❌,✅,❌,4.73,720.0,99.3,1.58,27.4,0.014,1.178,0.012
OLOX,Industrials,Metal Fabrication,2,False,❌,✅,❌,✅,❌,0.86,93.4,99.1,1.02,20.7,0.011,1.178,0.009
PMI,Healthcare,Medical Devices,2,False,❌,✅,❌,✅,❌,4.62,684.0,99.3,0.08,59.2,0.011,1.178,0.009
TRUG,Consumer Cyclical,Leisure,2,False,❌,✅,❌,✅,❌,0.28,28.2,99.0,0.83,34.8,0.011,1.178,0.009
DFNS,Industrials,Aerospace & Defense,2,False,❌,✅,❌,✅,❌,7.79,1948.75,99.6,0.12,276.2,0.01,1.178,0.008
MIMI,Industrials,Engineering & Construction,2,False,❌,✅,❌,✅,❌,0.77,92.8,99.2,0.54,26.5,0.009,1.178,0.007
NVVE,Consumer Cyclical,Specialty Retail,2,False,❌,✅,❌,✅,❌,1.56,464.4,99.7,0.01,45.7,0.009,1.178,0.008
FFAI,Consumer Cyclical,Auto Manufacturers,2,False,❌,✅,❌,✅,❌,1.61,252.0,99.4,6.28,24.1,0.008,1.178,0.007
LNKS,Industrials,Electrical Equipment & Parts,2,False,❌,✅,❌,✅,❌,0.97,420.0,99.8,0.01,15.9,0.008,1.178,0.007
MUD,その他,,2,False,❌,✅,❌,✅,❌,8.95,1116.73,99.2,0.54,709.2,0.008,1.178,0.007
JAGX,Healthcare,Biotechnology,2,False,❌,✅,❌,✅,❌,7.7,1281.0,99.4,19.46,28.6,0.007,1.178,0.006
RETO,Basic Materials,Building Materials,2,False,❌,✅,❌,✅,❌,0.15,24.6,99.4,5.58,12.9,0.007,1.178,0.006
NUWE,Healthcare,Medical Devices,2,False,❌,✅,❌,✅,❌,0.78,172.9,99.6,0.11,20.8,0.006,1.178,0.005
NCT,Industrials,Marine Shipping,2,False,❌,✅,❌,✅,❌,4.43,1025.0,99.6,3.77,21.7,0.005,1.178,0.005
RDGT,Healthcare,Pharmaceutical Retailers,2,False,❌,✅,❌,✅,❌,0.83,760.5,99.9,0.61,16.6,0.004,1.178,0.004
TDIC,その他,,2,False,❌,✅,❌,✅,❌,3.16,987.5,99.7,5.37,53.4,0.004,1.178,0.004
SOXS,その他,,2,False,❌,✅,❌,✅,❌,32.43,15463.68,99.8,1.49,14043.5,0.002,1.178,0.002
EDBL,Consumer Defensive,Farm Products,2,False,❌,✅,❌,✅,❌,1.24,1251.0,99.9,3.29,18.3,0.001,1.178,0.001
FGL,Industrials,Engineering & Construction,2,False,❌,✅,❌,✅,❌,4.33,7070.0,99.9,1.5,10.6,0.001,1.178,0.001
GDC,Communication Services,Electronic Gaming & Multimedia,2,False,❌,✅,❌,✅,❌,1.36,2045.0,99.9,4.91,18.9,0.001,1.178,0.001
NIVF,Healthcare,Medical Care Facilities,2,False,❌,✅,❌,✅,❌,0.56,1539.0,100.0,4.04,14.8,0.001,1.178,0.0
PFSA,Healthcare,Medical Devices,2,False,❌,✅,❌,✅,❌,2.18,3000.0,99.9,10.86,29.1,0.001,1.178,0.001
VMAR,Consumer Cyclical,Recreational Vehicles,2,False,❌,✅,❌,✅,❌,7.83,6800.0,99.9,0.11,14.9,0.001,1.178,0.001
CDT,Healthcare,Biotechnology,2,False,❌,✅,❌,✅,❌,0.08,1778.0,100.0,5.96,21.5,0.0,1.178,0.0
CTNT,Industrials,Integrated Freight & Logistics,2,False,❌,✅,❌,✅,❌,0.03,424.0,100.0,6.14,16.9,0.0,1.178,0.0
GMEX,Technology,Consumer Electronics,2,False,❌,✅,❌,✅,❌,0.37,2694.51,100.0,0.43,14.8,0.0,1.178,0.0
CVGI,Consumer Cyclical,Auto Parts,1,False,❌,❌,✅,❌,❌,2.98,5.88,49.3,0.56,9.4,1.753,1.178,1.488
EDSA,Healthcare,Biotechnology,1,False,❌,❌,✅,❌,❌,4.01,20.32,80.3,0.19,5.1,1.61,1.178,1.367
KEN,Utilities,Utilities - Independent Power Producers,1,False,❌,❌,✅,❌,❌,63.75,95.93,33.5,0.4,7.5,1.59,1.178,1.35
RANI,Healthcare,Biotechnology,1,False,❌,❌,✅,❌,❌,0.76,3.87,80.4,0.72,3.5,1.582,1.178,1.343
ADAG,Healthcare,Biotechnology,1,False,❌,❌,✅,❌,❌,2.93,4.85,39.6,0.91,4.4,1.495,1.178,1.269
IBIO,Healthcare,Biotechnology,1,False,❌,❌,✅,❌,❌,1.19,3.82,68.8,1.0,5.8,1.469,1.178,1.247
APYX,Healthcare,Medical Devices,1,False,❌,❌,✅,❌,❌,2.96,5.08,41.7,0.86,2.4,1.465,1.178,1.244
TROO,Financial Services,Credit Services,1,False,❌,❌,✅,❌,❌,1.77,5.28,66.5,0.54,4.3,1.451,1.178,1.232
CVV,Industrials,Specialty Industrial Machinery,1,False,❌,❌,✅,❌,❌,4.4,9.1,51.6,0.46,4.0,1.35,1.178,1.146
FNGG,その他,,1,False,✅,❌,❌,❌,❌,281.87,285.16,1.2,0.72,7.2,1.291,1.178,1.096
SRBK,Financial Services,Banks - Regional,1,False,✅,❌,❌,❌,❌,19.2,20.95,8.4,0.58,3.3,1.286,1.178,1.092
EDN,Utilities,Utilities - Regulated Electric,1,False,❌,❌,❌,✅,❌,21.32,36.7,41.9,0.66,11.8,1.284,1.178,1.09
FDSB,Financial Services,Banks - Regional,1,False,✅,❌,❌,❌,❌,17.75,18.69,5.0,0.67,0.7,1.282,1.178,1.088
DOW,Basic Materials,Chemicals,1,False,❌,❌,❌,✅,❌,28.02,41.82,33.0,0.85,1540.2,1.281,1.178,1.087
SHE,その他,,1,False,✅,❌,❌,❌,❌,159.52,161.52,1.2,0.82,2.0,1.275,1.178,1.082
ELLO,Utilities,Utilities - Renewable,1,False,❌,❌,❌,❌,✅,21.98,30.34,27.6,0.06,1.0,1.272,1.178,1.08
PAAS,Basic Materials,Gold,1,False,❌,❌,❌,✅,❌,48.04,69.34,30.7,0.73,1078.5,1.264,1.178,1.073
ACLS,Technology,Semiconductor Equipment & Materials,1,False,❌,❌,❌,✅,❌,123.11,193.78,36.5,0.74,338.6,1.263,1.178,1.072
LPTH,Technology,Electronic Components,1,False,❌,❌,❌,✅,❌,9.98,18.94,47.3,0.68,214.3,1.263,1.178,1.072
ALB,Basic Materials,Specialty Chemicals,1,False,❌,❌,❌,✅,❌,109.73,219.7,50.1,1.13,1542.9,1.26,1.178,1.069
ASTS,Technology,Communication Equipment,1,False,❌,❌,❌,✅,❌,61.81,133.86,53.8,0.55,6663.5,1.259,1.178,1.069
ODFL,Industrials,Trucking,1,False,❌,❌,❌,✅,❌,173.3,251.64,31.1,0.88,1815.1,1.258,1.178,1.068
QYLG,その他,,1,False,✅,❌,❌,❌,❌,30.52,30.6,0.2,1.35,6.2,1.248,1.178,1.059
ARMP,Healthcare,Biotechnology,1,False,❌,✅,❌,❌,❌,3.74,16.34,77.1,0.83,4.7,1.243,1.178,1.055
ILDR,その他,,1,False,✅,❌,❌,❌,❌,39.96,40.99,2.5,0.87,9.6,1.243,1.178,1.055
MIRM,Healthcare,Biotechnology,1,False,❌,❌,❌,✅,❌,89.7,130.0,31.0,0.9,425.6,1.233,1.178,1.046
NAK,Basic Materials,Other Industrial Metals & Mining,1,False,❌,❌,❌,✅,❌,1.4,2.98,53.0,0.77,47.4,1.228,1.178,1.042
NSTS,Financial Services,Banks - Regional,1,False,✅,❌,❌,❌,❌,14.12,14.19,0.5,0.61,1.0,1.223,1.178,1.038
ACDC,Energy,Oil & Gas Equipment & Services,1,False,❌,❌,❌,✅,❌,4.61,8.22,44.0,0.72,39.4,1.221,1.178,1.037
NSYS,Healthcare,Medical Devices,1,False,❌,✅,❌,❌,❌,11.28,18.01,37.4,0.2,1.5,1.219,1.178,1.035
CPSS,Financial Services,Credit Services,1,False,✅,❌,❌,❌,❌,9.56,10.49,8.9,1.06,1.1,1.216,1.178,1.032
LXU,Basic Materials,Chemicals,1,False,❌,❌,❌,✅,❌,9.89,17.22,42.6,0.93,46.0,1.212,1.178,1.029
APLD,Technology,Information Technology Services,1,False,❌,❌,❌,✅,❌,26.25,50.72,48.3,0.79,3100.2,1.209,1.178,1.026
UUU,Industrials,Building Products & Equipment,1,False,❌,✅,❌,❌,❌,5.11,7.82,34.7,0.38,0.8,1.208,1.178,1.025
FID,その他,,1,False,✅,❌,❌,❌,❌,22.61,23.2,2.5,0.94,1.5,1.203,1.178,1.021
BKH,Utilities,Utilities - Regulated Gas,1,False,❌,❌,❌,✅,❌,70.46,77.21,8.7,1.37,319.8,1.202,1.178,1.02
ITWO,その他,,1,False,✅,❌,❌,❌,❌,43.66,46.97,7.0,1.15,6.4,1.202,1.178,1.021
SCHL,Communication Services,Publishing,1,False,❌,❌,❌,✅,❌,32.35,47.76,32.3,1.85,69.1,1.202,1.178,1.021
LEE,Communication Services,Publishing,1,False,❌,✅,❌,❌,❌,6.79,11.88,42.8,0.65,2.7,1.2,1.178,1.018
APLY,その他,,1,False,✅,❌,❌,❌,❌,11.98,12.46,3.9,0.61,6.1,1.199,1.178,1.018
EPSN,Energy,Oil & Gas E&P,1,False,✅,❌,❌,❌,❌,5.93,6.51,8.9,0.82,4.6,1.198,1.178,1.016
CEPI,その他,,1,False,✅,❌,❌,❌,❌,31.91,32.49,1.8,1.02,6.9,1.196,1.178,1.015
WDIV,その他,,1,False,✅,❌,❌,❌,❌,82.66,85.04,2.8,1.1,2.7,1.196,1.178,1.015
OVLY,Financial Services,Banks - Regional,1,False,✅,❌,❌,❌,❌,34.17,35.57,3.9,0.44,6.4,1.194,1.178,1.014
SHIM,Industrials,Engineering & Construction,1,False,❌,✅,❌,❌,❌,3.15,6.76,53.3,0.93,2.9,1.191,1.178,1.011
SJ,Communication Services,Internet Content & Information,1,False,❌,✅,❌,❌,❌,0.69,1.63,57.7,0.43,0.3,1.19,1.178,1.01
BKSY,Industrials,Specialty Business Services,1,False,❌,❌,❌,✅,❌,23.25,52.88,56.0,0.52,235.0,1.18,1.178,1.001
FDM,その他,,1,False,✅,❌,❌,❌,❌,88.82,95.71,7.2,0.83,3.9,1.175,1.178,0.998
ALCO,Consumer Defensive,Farm Products,1,False,❌,❌,❌,❌,✅,39.07,44.96,13.1,0.95,4.0,1.169,1.178,0.992
WNEB,Financial Services,Banks - Regional,1,False,✅,❌,❌,❌,❌,13.97,14.93,6.5,0.89,3.4,1.168,1.178,0.991
GMF,その他,,1,False,✅,❌,❌,❌,❌,158.01,161.39,2.1,0.67,6.4,1.167,1.178,0.991
FRPT,Consumer Defensive,Packaged Foods,1,False,❌,❌,❌,✅,❌,57.91,86.0,32.7,0.77,399.1,1.166,1.178,0.989
CMP,Basic Materials,Other Industrial Metals & Mining,1,False,❌,❌,❌,✅,❌,22.62,34.5,34.4,0.74,73.0,1.164,1.178,0.988
ASM,Basic Materials,Other Precious Metals & Mining,1,False,❌,❌,❌,✅,❌,5.94,11.99,50.5,0.78,127.9,1.162,1.178,0.987
NAUT,Healthcare,Biotechnology,1,False,❌,✅,❌,❌,❌,0.96,4.31,77.7,0.72,6.0,1.161,1.178,0.986
AUDC,Technology,Communication Equipment,1,False,✅,❌,❌,❌,❌,10.66,10.77,1.0,1.11,5.1,1.158,1.178,0.983
CE,Basic Materials,Chemicals,1,False,❌,❌,❌,✅,❌,47.09,70.65,33.3,1.26,417.7,1.158,1.178,0.983
DGRS,その他,,1,False,✅,❌,❌,❌,❌,57.05,61.81,7.7,0.92,8.3,1.158,1.178,0.983
OKUR,Healthcare,Biotechnology,1,False,❌,✅,❌,❌,❌,2.9,5.38,46.1,0.63,5.0,1.155,1.178,0.981
ECVT,Basic Materials,Specialty Chemicals,1,False,❌,❌,❌,✅,❌,10.14,15.09,32.8,0.68,90.9,1.152,1.178,0.978
NDRA,Healthcare,Diagnostics & Research,1,False,❌,✅,❌,❌,❌,6.04,9.85,38.7,1.17,0.9,1.152,1.178,0.978
SBC,Industrials,Consulting Services,1,False,❌,✅,❌,❌,❌,4.9,5.3,7.5,1.65,2.7,1.148,1.178,0.974
WCME,その他,,1,False,✅,❌,❌,❌,❌,19.37,20.28,4.5,0.66,0.8,1.148,1.178,0.974
MGYR,Financial Services,Banks - Regional,1,False,✅,❌,❌,❌,❌,19.36,20.0,3.2,0.29,0.3,1.146,1.178,0.973
ATOM,Technology,Semiconductor Equipment & Materials,1,False,❌,❌,❌,✅,❌,4.35,12.36,64.8,0.48,31.2,1.142,1.178,0.969
JFLI,その他,,1,False,✅,❌,❌,❌,❌,53.32,54.51,2.2,0.67,1.1,1.138,1.178,0.966
DJIA,その他,,1,False,✅,❌,❌,❌,❌,22.35,22.94,2.6,0.91,6.2,1.136,1.178,0.964
EUDG,その他,,1,False,✅,❌,❌,❌,❌,38.35,40.59,5.5,0.96,0.7,1.131,1.178,0.96
EWW,その他,,1,False,❌,❌,❌,✅,❌,73.34,80.47,8.9,1.09,437.4,1.13,1.178,0.959
NTIP,Industrials,Specialty Business Services,1,False,✅,❌,❌,❌,❌,1.59,1.69,6.1,0.61,0.2,1.126,1.178,0.956
EWM,その他,,1,False,❌,❌,❌,✅,❌,27.83,30.02,7.3,0.67,33.0,1.122,1.178,0.952
DBD,Technology,Software - Application,1,False,❌,❌,❌,✅,❌,62.72,92.08,31.9,0.67,103.9,1.117,1.178,0.948
GAL,その他,,1,False,✅,❌,❌,❌,❌,53.03,54.78,3.2,0.96,3.2,1.116,1.178,0.947
DFE,その他,,1,False,✅,❌,❌,❌,❌,75.1,78.34,4.1,1.08,2.1,1.115,1.178,0.946
EQ,Healthcare,Biotechnology,1,False,❌,✅,❌,❌,❌,1.67,3.54,52.8,1.2,9.2,1.113,1.178,0.945
SAIA,Industrials,Trucking,1,False,❌,❌,❌,✅,❌,324.22,494.71,34.5,0.86,808.4,1.104,1.178,0.937
TT,Industrials,Building Products & Equipment,1,False,❌,❌,❌,✅,❌,454.44,504.68,10.0,0.91,2707.8,1.102,1.178,0.936
COHN,Financial Services,Capital Markets,1,False,❌,✅,❌,❌,❌,10.11,29.53,65.8,0.36,1.2,1.099,1.178,0.933
LUNG,Healthcare,Medical Devices,1,False,❌,✅,❌,❌,❌,1.91,2.89,33.9,0.49,4.1,1.098,1.178,0.932
AD,Communication Services,Telecom Services,1,False,❌,❌,❌,✅,❌,34.49,52.58,34.4,0.73,55.2,1.097,1.178,0.931
FTS,Utilities,Utilities - Regulated Electric,1,False,❌,❌,❌,✅,❌,53.09,58.92,9.9,1.13,198.5,1.096,1.178,0.93
OMCL,Healthcare,Health Information Services,1,False,❌,❌,❌,✅,❌,33.66,55.0,38.8,0.74,126.0,1.096,1.178,0.93
PED,Energy,Oil & Gas E&P,1,False,❌,✅,❌,❌,❌,13.11,18.89,30.6,0.67,2.4,1.096,1.178,0.93
GOLF,Consumer Cyclical,Leisure,1,False,❌,❌,❌,✅,❌,83.02,119.3,30.4,0.98,169.0,1.094,1.178,0.928
RRX,Industrials,Specialty Industrial Machinery,1,False,❌,❌,❌,✅,❌,156.18,247.8,37.0,0.95,1051.2,1.094,1.178,0.929
HLIT,Technology,Communication Equipment,1,False,❌,❌,❌,✅,❌,11.01,17.68,37.7,0.45,166.0,1.093,1.178,0.928
YSPY,その他,,1,False,✅,❌,❌,❌,❌,15.12,15.27,1.0,0.24,1.1,1.092,1.178,0.927
QRMI,その他,,1,False,✅,❌,❌,❌,❌,15.26,15.27,0.1,0.33,0.6,1.09,1.178,0.925
IMTX,Healthcare,Biotechnology,1,False,❌,❌,❌,✅,❌,8.37,12.41,32.6,1.55,24.4,1.087,1.178,0.923
CCEF,その他,,1,False,✅,❌,❌,❌,❌,28.82,30.15,4.4,0.96,0.5,1.083,1.178,0.92
APEI,Consumer Defensive,Education & Training Services,1,False,❌,❌,❌,✅,❌,41.67,61.59,32.4,1.04,69.5,1.081,1.178,0.918
SPIR,Industrials,Specialty Business Services,1,False,❌,❌,❌,✅,❌,12.08,25.93,53.4,0.6,84.1,1.081,1.178,0.918
SKYX,Industrials,Electrical Equipment & Parts,1,False,❌,✅,❌,❌,❌,1.23,3.29,62.6,0.36,7.2,1.079,1.178,0.916
TPL,Energy,Oil & Gas E&P,1,False,❌,❌,❌,✅,❌,341.07,544.86,37.4,1.1,726.5,1.079,1.178,0.916
CREX,Technology,Software - Application,1,False,❌,✅,❌,❌,❌,2.48,4.42,43.9,0.84,0.6,1.078,1.178,0.915
OMSE,Energy,Oil & Gas Equipment & Services,1,False,❌,✅,❌,❌,❌,4.36,7.1,38.6,0.69,0.5,1.078,1.178,0.915
IBAC,Financial Services,Shell Companies,1,False,✅,❌,❌,❌,❌,11.3,11.64,2.9,0.93,0.1,1.071,1.178,0.909
ED,Utilities,Utilities - Regulated Electric,1,False,❌,❌,❌,✅,❌,103.1,114.33,9.8,0.9,1197.2,1.069,1.178,0.908
VDC,その他,,1,False,❌,❌,❌,✅,❌,222.17,240.39,7.6,1.13,167.4,1.067,1.178,0.906
TRDA,Healthcare,Biotechnology,1,False,❌,❌,❌,✅,❌,6.16,16.45,62.6,0.87,12.1,1.062,1.178,0.902
MARM,その他,,1,False,✅,❌,❌,❌,❌,34.56,34.98,1.2,1.13,0.7,1.061,1.178,0.901
BEAM,Healthcare,Biotechnology,1,False,❌,❌,❌,✅,❌,24.27,38.26,36.6,0.91,291.8,1.057,1.178,0.897
EXTR,Technology,Communication Equipment,1,False,❌,❌,❌,✅,❌,21.52,33.73,36.2,0.68,245.6,1.057,1.178,0.898
APT,Industrials,Building Products & Equipment,1,False,✅,❌,❌,❌,❌,5.14,7.5,31.5,0.4,1.5,1.055,1.178,0.896
POCI,Healthcare,Medical Instruments & Supplies,1,False,❌,❌,❌,❌,✅,4.63,6.15,24.7,1.01,1.1,1.055,1.178,0.895
IREN,Financial Services,Capital Markets,1,False,❌,❌,❌,✅,❌,44.12,76.87,42.6,0.82,10075.3,1.054,1.178,0.895
MAYS,Real Estate,Real Estate Services,1,False,❌,✅,❌,❌,❌,40.0,61.99,35.5,0.95,0.4,1.053,1.178,0.894
VLN,Technology,Semiconductors,1,False,❌,❌,❌,✅,❌,1.88,3.71,49.3,0.42,21.0,1.05,1.178,0.892
BTU,Energy,Thermal Coal,1,False,❌,❌,❌,✅,❌,25.44,40.88,37.8,0.77,346.8,1.049,1.178,0.89
SPFF,その他,,1,False,✅,❌,❌,❌,❌,9.18,9.61,4.5,0.56,2.5,1.049,1.178,0.891
AESI,Energy,Oil & Gas Equipment & Services,1,False,❌,❌,❌,✅,❌,12.47,20.13,38.1,1.72,219.6,1.048,1.178,0.89
ASPC,Financial Services,Shell Companies,1,False,❌,✅,❌,❌,❌,10.84,63.98,83.1,0.02,0.8,1.048,1.178,0.889
SNFCA,Financial Services,Insurance - Life,1,False,❌,❌,❌,❌,✅,8.74,10.23,14.6,0.94,1.5,1.048,1.178,0.889
VRME,Industrials,Security & Protection Services,1,False,❌,✅,❌,❌,❌,0.96,1.95,50.8,16.62,7.6,1.048,1.178,0.89
GPAT,Financial Services,Shell Companies,1,False,✅,❌,❌,❌,❌,11.09,12.0,7.6,0.39,2.9,1.047,1.178,0.889
MACI,Financial Services,Shell Companies,1,False,✅,❌,❌,❌,❌,11.05,11.38,2.9,0.18,0.4,1.047,1.178,0.889
VRCA,Healthcare,Biotechnology,1,False,❌,✅,❌,❌,❌,4.37,9.82,55.5,0.88,1.6,1.045,1.178,0.887
KGC,Basic Materials,Gold,1,False,❌,❌,❌,✅,❌,25.05,38.96,35.7,1.23,1067.0,1.043,1.178,0.885
DAX,その他,,1,False,✅,❌,❌,❌,❌,45.04,47.92,6.0,0.53,7.6,1.04,1.178,0.883
ELD,その他,,1,False,✅,❌,❌,❌,❌,28.08,29.26,4.0,0.38,3.8,1.036,1.178,0.879
SIFY,Communication Services,Telecom Services,1,False,❌,❌,❌,❌,✅,13.35,17.85,25.2,0.97,3.9,1.036,1.178,0.879
ALF,Financial Services,Shell Companies,1,False,✅,❌,❌,❌,❌,10.92,10.99,0.6,0.0,2.3,1.034,1.178,0.878
AUBN,Financial Services,Banks - Regional,1,False,✅,❌,❌,❌,❌,27.23,28.59,4.8,1.26,0.3,1.034,1.178,0.877
TROX,Basic Materials,Chemicals,1,False,❌,❌,❌,✅,❌,4.03,10.45,61.4,0.76,80.9,1.034,1.178,0.877
TTI,Industrials,Conglomerates,1,False,❌,❌,❌,✅,❌,6.08,12.54,51.5,0.94,72.9,1.032,1.178,0.876
CCJ,Energy,Uranium,1,False,❌,❌,❌,✅,❌,88.07,135.24,34.9,0.92,1505.5,1.031,1.178,0.875
REMX,その他,,1,False,❌,❌,❌,✅,❌,66.66,111.55,40.2,0.59,314.3,1.031,1.178,0.875
DYNC,Financial Services,Shell Companies,1,False,✅,❌,❌,❌,❌,10.9,10.98,0.8,0.24,3.1,1.03,1.178,0.874
CORZ,Technology,Software - Infrastructure,1,False,❌,❌,❌,✅,❌,17.34,30.46,43.1,0.88,1315.2,1.029,1.178,0.874
CW,Industrials,Aerospace & Defense,1,False,❌,❌,❌,✅,❌,539.73,808.16,33.2,1.52,1067.4,1.027,1.178,0.872
SRET,その他,,1,False,❌,❌,❌,❌,✅,20.31,23.1,12.1,1.42,3.8,1.027,1.178,0.872
STOK,Healthcare,Biotechnology,1,False,❌,❌,❌,✅,❌,24.8,40.22,38.3,1.15,118.2,1.027,1.178,0.872
XLRE,その他,,1,False,❌,❌,❌,✅,❌,41.56,46.07,9.8,1.15,1085.9,1.027,1.178,0.872
ZDGE,Communication Services,Internet Content & Information,1,False,❌,✅,❌,❌,❌,3.0,4.61,35.0,0.32,1.9,1.027,1.178,0.872
LPAA,Financial Services,Shell Companies,1,False,❌,✅,❌,❌,❌,10.76,11.67,7.8,0.0,1.3,1.025,1.178,0.87
CPSH,Technology,Electronic Components,1,False,❌,❌,❌,✅,❌,3.85,14.39,73.2,0.12,45.0,1.024,1.178,0.869
MTZ,Industrials,Engineering & Construction,1,False,❌,❌,❌,✅,❌,212.85,441.43,51.8,0.96,2047.2,1.023,1.178,0.868
VLRS,Industrials,Airlines,1,False,❌,❌,❌,✅,❌,6.88,10.8,36.3,0.77,20.6,1.022,1.178,0.868
CGNT,Technology,Software - Infrastructure,1,False,❌,❌,❌,✅,❌,8.52,12.31,30.8,0.84,29.4,1.02,1.178,0.866
IYRI,その他,,1,False,❌,❌,❌,✅,❌,45.96,49.73,7.6,1.03,18.6,1.02,1.178,0.866
LMBS,その他,,1,False,❌,❌,❌,✅,❌,48.66,51.54,5.6,1.42,118.7,1.02,1.178,0.866
EMB,その他,,1,False,❌,❌,❌,✅,❌,92.18,96.01,4.0,1.68,2855.9,1.019,1.178,0.865
NVYY,その他,,1,False,❌,❌,❌,❌,✅,11.27,12.8,11.9,0.55,3.3,1.019,1.178,0.865
STRS,Real Estate,Real Estate - Diversified,1,False,❌,✅,❌,❌,❌,18.35,26.61,31.0,0.1,6.6,1.019,1.178,0.865
IBOC,Financial Services,Banks - Regional,1,False,❌,❌,❌,✅,❌,69.94,77.68,10.0,1.0,123.3,1.018,1.178,0.864
YYY,その他,,1,False,❌,❌,❌,✅,❌,10.61,11.46,7.4,1.81,20.5,1.018,1.178,0.864
TQQY,その他,,1,False,✅,❌,❌,❌,❌,12.34,13.1,5.8,0.37,0.7,1.017,1.178,0.863
MX,Technology,Semiconductors,1,False,❌,❌,❌,✅,❌,3.3,9.86,66.5,1.15,48.6,1.015,1.178,0.862
TAN,その他,,1,False,❌,❌,❌,✅,❌,44.06,75.6,41.7,0.62,344.3,1.015,1.178,0.861
FPEI,その他,,1,False,❌,❌,❌,✅,❌,18.59,19.18,3.1,1.36,33.6,1.014,1.178,0.861
META,Communication Services,Internet Content & Information,1,False,❌,❌,❌,✅,❌,751.66,779.82,3.6,1.86,55691.0,1.014,1.178,0.861
VCSH,その他,,1,False,❌,❌,❌,✅,❌,77.4,78.6,1.5,1.62,1676.1,1.014,1.178,0.86
VRDN,Healthcare,Biotechnology,1,False,❌,❌,❌,✅,❌,20.47,34.29,40.3,1.13,178.5,1.014,1.178,0.861
VTIP,その他,,1,False,❌,❌,❌,✅,❌,49.26,50.3,2.1,1.29,644.6,1.014,1.178,0.861
VWOB,その他,,1,False,❌,❌,❌,✅,❌,64.04,66.82,4.2,1.05,166.7,1.014,1.178,0.861
AEVA,Technology,Software - Infrastructure,1,False,❌,❌,❌,✅,❌,15.35,31.3,51.0,0.68,210.3,1.013,1.178,0.86
BSBK,Financial Services,Banks - Regional,1,False,✅,❌,❌,❌,❌,9.11,9.55,4.6,0.06,0.5,1.013,1.178,0.86
CEPF,Financial Services,Shell Companies,1,False,❌,✅,❌,❌,❌,10.3,10.67,3.5,3.35,2.9,1.01,1.178,0.857
NXE,Energy,Uranium,1,False,❌,❌,❌,✅,❌,9.19,13.96,34.2,0.69,257.9,1.01,1.178,0.857
LSAK,Technology,Software - Infrastructure,1,False,❌,❌,❌,❌,✅,4.18,5.54,24.5,1.89,3.4,1.005,1.178,0.853
PTN,Healthcare,Biotechnology,1,False,❌,✅,❌,❌,❌,10.1,31.0,67.4,0.83,2.6,1.004,1.178,0.853
BLBD,Industrials,Farm & Heavy Construction Machinery,1,False,❌,❌,❌,✅,❌,58.12,83.39,30.3,1.1,170.3,1.003,1.178,0.851
SPIB,その他,,1,False,❌,❌,❌,✅,❌,32.43,33.31,2.6,0.97,1035.4,1.002,1.178,0.85
HNNA,Financial Services,Asset Management,1,False,✅,❌,❌,❌,❌,10.18,10.74,5.2,1.15,0.3,1.001,1.178,0.85
LBTYB,Communication Services,Telecom Services,1,False,❌,✅,❌,❌,❌,12.41,29.01,57.2,1.86,0.4,0.999,1.178,0.848
ATMU,Consumer Cyclical,Auto Parts,1,False,❌,❌,❌,✅,❌,44.71,66.34,32.6,0.71,182.8,0.998,1.178,0.847
FPE,その他,,1,False,❌,❌,❌,✅,❌,17.24,17.95,4.0,1.46,87.7,0.996,1.178,0.846
PRG,Industrials,Rental & Leasing Services,1,False,❌,❌,❌,✅,❌,32.68,47.57,31.3,1.51,106.0,0.995,1.178,0.845
BNDX,その他,,1,False,❌,❌,❌,✅,❌,46.94,48.43,3.1,1.22,1046.7,0.994,1.178,0.844
GANX,Healthcare,Biotechnology,1,False,❌,✅,❌,❌,❌,1.78,4.34,59.0,0.62,6.3,0.994,1.178,0.844
ORA,Utilities,Utilities - Renewable,1,False,❌,❌,❌,✅,❌,93.63,146.23,36.0,0.69,502.4,0.991,1.178,0.841
UNB,Financial Services,Banks - Regional,1,False,❌,✅,❌,❌,❌,23.6,26.03,9.3,0.22,1.6,0.991,1.178,0.841
BND,その他,,1,False,❌,❌,❌,✅,❌,70.63,73.49,3.9,1.25,2904.2,0.99,1.178,0.841
VNDA,Healthcare,Biotechnology,1,False,❌,❌,❌,✅,❌,5.05,9.94,49.2,0.93,24.6,0.99,1.178,0.841
AGG,その他,,1,False,❌,❌,❌,✅,❌,95.12,99.1,4.0,1.45,3999.0,0.989,1.178,0.84
PFF,その他,,1,False,❌,❌,❌,✅,❌,29.82,31.21,4.4,1.2,417.1,0.989,1.178,0.84
USIG,その他,,1,False,❌,❌,❌,✅,❌,49.08,51.1,4.0,1.06,490.7,0.988,1.178,0.839
CPHC,Consumer Cyclical,Resorts & Casinos,1,False,❌,✅,❌,❌,❌,15.78,17.17,8.1,0.86,0.1,0.987,1.178,0.838
SPTI,その他,,1,False,❌,❌,❌,✅,❌,27.4,28.59,4.2,1.31,314.8,0.987,1.178,0.838
IGIB,その他,,1,False,❌,❌,❌,✅,❌,50.72,53.03,4.4,1.62,668.2,0.986,1.178,0.837
PIO,その他,,1,False,❌,❌,❌,❌,✅,43.19,48.25,10.5,0.82,1.7,0.986,1.178,0.837
FIXD,その他,,1,False,❌,❌,❌,✅,❌,41.65,43.95,5.2,1.32,74.1,0.985,1.178,0.836
VCIT,その他,,1,False,❌,❌,❌,✅,❌,78.84,82.48,4.4,1.61,3607.6,0.985,1.178,0.836
ARL,Real Estate,Real Estate Services,1,False,❌,✅,❌,❌,❌,16.21,24.44,33.7,0.74,1.0,0.984,1.178,0.835
SPIP,その他,,1,False,❌,❌,❌,✅,❌,24.5,25.59,4.2,1.59,52.5,0.984,1.178,0.836
TIP,その他,,1,False,❌,❌,❌,✅,❌,104.54,109.11,4.2,1.12,1005.1,0.984,1.178,0.835
AAON,Industrials,Building Products & Equipment,1,False,❌,❌,❌,✅,❌,89.1,150.27,40.7,1.31,562.8,0.983,1.178,0.835
BIV,その他,,1,False,❌,❌,❌,✅,❌,73.34,77.12,4.9,1.53,584.1,0.982,1.178,0.833
AOSL,Technology,Semiconductors,1,False,❌,❌,❌,✅,❌,27.93,54.34,48.6,0.69,128.2,0.981,1.178,0.833
INOD,Technology,Information Technology Services,1,False,❌,❌,❌,✅,❌,69.21,125.14,44.7,1.96,604.8,0.981,1.178,0.833
RTB,Technology,Software - Application,1,False,❌,✅,❌,❌,❌,10.27,20.75,50.5,1.04,7.3,0.978,1.178,0.83
GERN,Healthcare,Biotechnology,1,False,❌,❌,❌,✅,❌,1.26,2.01,37.3,0.61,76.8,0.977,1.178,0.829
CVR,Industrials,Tools & Accessories,1,False,❌,✅,❌,❌,❌,10.25,15.0,31.7,0.71,0.2,0.976,1.178,0.829
SHLS,Technology,Solar,1,False,❌,❌,❌,✅,❌,7.47,13.18,43.3,0.71,238.6,0.975,1.178,0.828
LQD,その他,,1,False,❌,❌,❌,✅,❌,103.21,108.92,5.2,1.22,14411.5,0.972,1.178,0.825
MGRC,Industrials,Rental & Leasing Services,1,False,❌,❌,❌,✅,❌,113.23,125.32,9.6,0.97,94.2,0.972,1.178,0.825
IPGP,Technology,Semiconductor Equipment & Materials,1,False,❌,❌,❌,✅,❌,78.12,155.82,49.9,0.83,218.6,0.971,1.178,0.824
PFFD,その他,,1,False,❌,❌,❌,✅,❌,17.82,18.83,5.4,1.63,63.0,0.971,1.178,0.824
XLC,その他,,1,False,❌,❌,❌,✅,❌,112.96,119.32,5.3,1.15,3077.5,0.968,1.178,0.821
ALP,Financial Services,Asset Management,1,False,❌,❌,❌,✅,❌,5.58,13.8,59.6,0.01,19.2,0.967,1.178,0.821
ASUR,Technology,Software - Application,1,False,❌,❌,❌,❌,✅,7.89,10.2,22.6,0.84,4.4,0.967,1.178,0.821
VUZI,Technology,Consumer Electronics,1,False,❌,❌,❌,✅,❌,2.94,5.62,47.7,0.68,25.2,0.967,1.178,0.821
LUMN,Communication Services,Telecom Services,1,False,❌,❌,❌,✅,❌,5.71,11.95,52.2,0.81,485.0,0.965,1.178,0.819
RVLV,Consumer Cyclical,Internet Retail,1,False,❌,❌,❌,✅,❌,21.2,31.68,33.1,0.79,101.9,0.964,1.178,0.818
HII,Industrials,Aerospace & Defense,1,False,❌,❌,❌,✅,❌,264.02,455.9,42.1,0.9,699.5,0.963,1.178,0.817
FEBO,Technology,Consumer Electronics,1,False,❌,✅,❌,❌,❌,0.69,1.46,52.7,1.06,0.3,0.962,1.178,0.817
USAU,Basic Materials,Gold,1,False,❌,❌,❌,✅,❌,15.59,23.75,34.4,0.77,16.2,0.961,1.178,0.815
DNN,Energy,Uranium,1,False,❌,❌,❌,✅,❌,2.65,4.43,40.2,1.04,373.5,0.957,1.178,0.812
PAMT,Industrials,Trucking,1,False,✅,❌,❌,❌,❌,11.75,17.75,33.8,1.1,1.3,0.957,1.178,0.812
UNHG,その他,,1,False,❌,❌,❌,✅,❌,18.07,27.59,34.5,0.82,80.6,0.957,1.178,0.812
BWX,その他,,1,False,❌,❌,❌,✅,❌,21.34,22.79,6.4,0.68,48.1,0.956,1.178,0.812
FORTY,Technology,Information Technology Services,1,False,❌,✅,❌,❌,❌,114.99,170.47,32.5,6.22,0.3,0.952,1.178,0.808
CRUS,Technology,Semiconductors,1,False,❌,❌,❌,✅,❌,119.92,180.42,33.5,0.74,465.1,0.951,1.178,0.807
VCLT,その他,,1,False,❌,❌,❌,✅,❌,69.62,75.39,7.7,1.24,1582.5,0.951,1.178,0.807
DIS,Communication Services,Entertainment,1,False,❌,❌,❌,✅,❌,106.15,115.42,8.0,0.81,4718.9,0.949,1.178,0.806
INR,Energy,Oil & Gas E&P,1,False,❌,❌,❌,✅,❌,13.06,19.58,33.3,1.06,23.8,0.949,1.178,0.806
SMG,Basic Materials,Agricultural Inputs,1,False,❌,❌,❌,✅,❌,50.89,74.53,31.7,1.39,277.8,0.949,1.178,0.805
SPLB,その他,,1,False,❌,❌,❌,✅,❌,20.72,22.46,7.8,1.0,281.6,0.949,1.178,0.806
BLV,その他,,1,False,❌,❌,❌,✅,❌,63.78,69.64,8.4,1.07,217.3,0.948,1.178,0.805
CRVL,Financial Services,Insurance Brokers,1,False,❌,❌,❌,✅,❌,74.33,79.43,6.4,0.95,63.6,0.945,1.178,0.802
CC,Basic Materials,Specialty Chemicals,1,False,❌,❌,❌,✅,❌,14.46,28.4,49.1,0.69,213.5,0.944,1.178,0.801
VCR,その他,,1,False,❌,❌,❌,✅,❌,370.94,411.81,9.9,0.89,102.4,0.941,1.178,0.799
PII,Consumer Cyclical,Recreational Vehicles,1,False,❌,❌,❌,✅,❌,53.03,77.16,31.3,1.15,261.4,0.938,1.178,0.796
LTTI,その他,,1,False,❌,❌,❌,❌,✅,16.84,19.72,14.6,0.65,0.5,0.936,1.178,0.794
MSFD,その他,,1,False,❌,❌,❌,✅,❌,9.9,15.08,34.4,0.98,88.2,0.936,1.178,0.795
UTSI,Technology,Communication Equipment,1,False,❌,✅,❌,❌,❌,2.32,3.63,36.1,0.34,2.7,0.935,1.178,0.794
SPCE,Industrials,Aerospace & Defense,1,False,❌,❌,❌,✅,❌,3.19,8.9,64.2,0.25,434.0,0.933,1.178,0.792
SPRU,Technology,Solar,1,False,❌,✅,❌,❌,❌,1.94,6.75,71.3,5.39,0.8,0.933,1.178,0.792
VLTO,Industrials,Pollution & Treatment Controls,1,False,❌,❌,❌,✅,❌,97.14,107.44,9.6,0.97,873.4,0.933,1.178,0.792
CCU,Consumer Defensive,Beverages - Brewers,1,False,❌,❌,❌,❌,✅,11.0,15.15,27.4,0.84,8.4,0.932,1.178,0.791
LGCY,Consumer Defensive,Education & Training Services,1,False,❌,✅,❌,❌,❌,9.31,14.7,36.7,2.92,2.8,0.932,1.178,0.791
CTMX,Healthcare,Biotechnology,1,False,❌,❌,❌,✅,❌,2.7,8.21,67.1,1.13,62.5,0.931,1.178,0.79
NFTY,その他,,1,False,❌,❌,❌,❌,✅,52.3,59.6,12.2,0.65,6.7,0.931,1.178,0.79
RICK,Consumer Cyclical,Restaurants,1,False,❌,❌,❌,❌,✅,27.56,31.91,13.6,0.73,6.9,0.929,1.178,0.788
MTEX,Consumer Defensive,Food Distribution,1,False,❌,✅,❌,❌,❌,7.7,12.45,38.2,0.84,0.8,0.928,1.178,0.787
PSK,その他,,1,False,❌,❌,❌,✅,❌,28.77,31.29,8.0,1.72,15.1,0.928,1.178,0.788
COYA,Healthcare,Biotechnology,1,False,❌,✅,❌,❌,❌,5.08,7.75,34.5,0.94,4.2,0.925,1.178,0.785
TLSI,Healthcare,Medical Devices,1,False,❌,✅,❌,❌,❌,4.34,7.95,45.4,3.07,8.3,0.923,1.178,0.784
CLFD,Technology,Communication Equipment,1,False,❌,❌,❌,✅,❌,31.07,52.73,41.1,0.43,44.3,0.921,1.178,0.782
TWI,Industrials,Farm & Heavy Construction Machinery,1,False,❌,❌,❌,✅,❌,7.07,11.7,39.6,1.05,19.4,0.919,1.178,0.78
COCH,Healthcare,Medical Devices,1,False,❌,✅,❌,❌,❌,0.71,1.89,62.2,0.18,0.9,0.918,1.178,0.779
LND,Consumer Defensive,Farm Products,1,False,❌,❌,❌,❌,✅,3.51,4.45,21.1,1.18,0.9,0.914,1.178,0.776
NN,Technology,Software - Infrastructure,1,False,❌,❌,❌,✅,❌,14.38,24.42,41.1,0.81,217.4,0.914,1.178,0.776
INSP,Healthcare,Medical Devices,1,False,❌,❌,❌,✅,❌,70.5,147.03,52.1,0.92,234.8,0.913,1.178,0.775
GAU,Basic Materials,Gold,1,False,❌,❌,❌,✅,❌,2.06,3.62,43.1,0.78,30.4,0.912,1.178,0.774
RILY,Financial Services,Financial Conglomerates,1,False,❌,❌,❌,✅,❌,5.71,11.24,49.2,0.65,29.2,0.912,1.178,0.774
CXDO,Communication Services,Telecom Services,1,False,❌,❌,❌,✅,❌,6.09,11.23,45.8,0.57,18.4,0.909,1.178,0.772
IDR,Basic Materials,Gold,1,False,❌,❌,❌,✅,❌,30.39,54.7,44.4,0.68,38.2,0.906,1.178,0.769
AXR,Real Estate,Real Estate - Development,1,False,❌,❌,❌,❌,✅,22.37,29.01,22.9,0.78,1.2,0.905,1.178,0.768
ULBI,Industrials,Electrical Equipment & Parts,1,False,❌,❌,❌,❌,✅,6.16,8.25,25.3,1.32,1.3,0.905,1.178,0.768
PSHG,Industrials,Marine Shipping,1,False,❌,✅,❌,❌,❌,1.77,2.58,31.4,0.99,0.4,0.903,1.178,0.767
PAHC,Healthcare,Drug Manufacturers - Specialty & Generic,1,False,❌,❌,❌,✅,❌,34.45,59.64,42.2,0.6,46.6,0.899,1.178,0.763
WLK,Basic Materials,Specialty Chemicals,1,False,❌,❌,❌,✅,❌,67.71,122.63,44.8,0.63,370.4,0.896,1.178,0.76
IPM,Technology,Software - Application,1,False,❌,❌,❌,❌,✅,1.79,2.26,20.8,0.52,0.2,0.895,1.178,0.76
WSC,Industrials,Rental & Leasing Services,1,False,❌,❌,❌,✅,❌,18.17,29.66,38.7,1.55,282.7,0.895,1.178,0.76
AMPX,Industrials,Electrical Equipment & Parts,1,False,❌,❌,❌,✅,❌,9.75,24.23,59.8,0.71,432.5,0.892,1.178,0.757
STRR,Industrials,Conglomerates,1,False,❌,❌,❌,❌,✅,10.17,11.99,15.2,1.28,0.3,0.892,1.178,0.757
UAA,Consumer Cyclical,Apparel Manufacturing,1,False,❌,❌,❌,✅,❌,4.43,8.15,45.6,1.26,247.5,0.891,1.178,0.757
CRNT,Technology,Communication Equipment,1,False,❌,✅,❌,❌,❌,2.11,3.29,35.9,0.63,6.9,0.89,1.178,0.756
BIPC,Utilities,Utilities - Regulated Gas,1,False,❌,❌,❌,✅,❌,34.96,50.1,30.2,0.99,201.7,0.889,1.178,0.755
ENPH,Technology,Solar,1,False,❌,❌,❌,✅,❌,32.4,73.74,56.1,0.86,1421.9,0.888,1.178,0.753
QQQD,その他,,1,False,❌,❌,❌,❌,✅,11.65,15.29,23.8,0.69,6.0,0.887,1.178,0.753
MYSE,Technology,Software - Application,1,False,✅,❌,❌,❌,❌,1.86,5.77,67.8,0.61,3.4,0.886,1.178,0.752
SAH,Consumer Cyclical,Auto & Truck Dealerships,1,False,❌,❌,❌,✅,❌,64.95,113.06,42.6,1.17,112.0,0.886,1.178,0.752
TELO,Healthcare,Biotechnology,1,False,❌,✅,❌,❌,❌,1.23,2.09,41.2,0.61,0.6,0.885,1.178,0.751
URA,その他,,1,False,❌,❌,❌,✅,❌,40.91,62.28,34.3,0.73,737.4,0.885,1.178,0.752
DCH,Consumer Cyclical,Auto Parts,1,False,❌,❌,❌,✅,❌,5.46,9.25,41.0,1.58,106.7,0.883,1.178,0.75
STZ,Consumer Defensive,Beverages - Brewers,1,False,❌,❌,❌,✅,❌,113.63,166.17,31.6,0.88,1406.6,0.883,1.178,0.749
SANA,Healthcare,Biotechnology,1,False,❌,❌,❌,✅,❌,2.94,6.55,55.0,1.13,56.1,0.882,1.178,0.748
CVNA,Consumer Cyclical,Auto & Truck Dealerships,1,False,❌,❌,❌,✅,❌,65.06,97.38,33.2,0.67,3114.5,0.881,1.178,0.748
IE,Basic Materials,Copper,1,False,❌,❌,❌,✅,❌,10.56,21.55,51.0,1.02,109.3,0.881,1.178,0.748
SRL,Financial Services,Capital Markets,1,False,❌,✅,❌,❌,❌,5.36,10.39,48.4,0.33,0.3,0.879,1.178,0.746
NC,Energy,Thermal Coal,1,False,❌,✅,❌,❌,❌,37.67,58.75,35.9,1.6,3.3,0.878,1.178,0.745
DFEN,その他,,1,False,❌,❌,❌,✅,❌,51.99,97.65,46.8,1.6,71.8,0.877,1.178,0.745
UFPI,Basic Materials,Lumber & Wood Production,1,False,❌,❌,❌,✅,❌,79.49,116.57,31.8,0.98,192.7,0.876,1.178,0.743
USAR,Basic Materials,Other Industrial Metals & Mining,1,False,❌,❌,❌,✅,❌,15.18,43.98,65.5,1.02,1316.9,0.876,1.178,0.744
LMND,Financial Services,Insurance - Property & Casualty,1,False,❌,❌,❌,✅,❌,44.93,99.9,55.0,1.1,363.8,0.874,1.178,0.742
NOC,Industrials,Aerospace & Defense,1,False,❌,❌,❌,✅,❌,510.52,767.12,33.4,0.94,2281.7,0.873,1.178,0.741
INKT,Healthcare,Biotechnology,1,False,❌,❌,❌,❌,✅,12.18,16.93,28.0,0.51,1.2,0.872,1.178,0.741
SLVM,Basic Materials,Paper & Paper Products,1,False,❌,❌,❌,✅,❌,35.96,55.55,35.3,1.01,57.7,0.871,1.178,0.739
AMPG,Technology,Communication Equipment,1,False,❌,❌,❌,✅,❌,3.34,10.11,67.0,0.18,105.3,0.87,1.178,0.738
MNDO,Technology,Software - Application,1,False,❌,❌,❌,❌,✅,1.0,1.29,22.5,0.49,0.2,0.87,1.178,0.738
KLTR,Technology,Software - Application,1,False,❌,✅,❌,❌,❌,1.32,2.05,35.9,0.44,3.8,0.865,1.178,0.734
ALTG,Industrials,Rental & Leasing Services,1,False,❌,❌,❌,❌,✅,6.22,8.69,28.4,1.14,7.2,0.864,1.178,0.733
GILT,Technology,Communication Equipment,1,False,❌,❌,❌,✅,❌,10.14,20.93,51.6,0.5,46.2,0.864,1.178,0.733
BEPC,Utilities,Utilities - Renewable,1,False,❌,❌,❌,✅,❌,28.47,43.8,35.0,1.02,265.3,0.858,1.178,0.728
TIMB,Communication Services,Telecom Services,1,False,❌,❌,❌,✅,❌,18.16,28.01,35.2,1.21,43.1,0.855,1.178,0.726
ALTI,Financial Services,Asset Management,1,False,❌,✅,❌,❌,❌,3.13,5.45,42.5,0.37,3.5,0.851,1.178,0.722
REAL,Consumer Cyclical,Luxury Goods,1,False,❌,❌,❌,✅,❌,8.83,17.39,49.2,1.06,160.5,0.851,1.178,0.723
SARO,Industrials,Aerospace & Defense,1,False,❌,❌,❌,✅,❌,22.74,34.48,34.0,1.06,475.1,0.851,1.178,0.722
AMTM,Industrials,Specialty Business Services,1,False,❌,❌,❌,✅,❌,19.19,38.11,49.6,0.71,218.8,0.85,1.178,0.722
NXST,Communication Services,Broadcasting,1,False,❌,❌,❌,✅,❌,162.1,249.42,35.0,0.92,326.9,0.85,1.178,0.722
KEP,Utilities,Utilities - Regulated Electric,1,False,❌,❌,❌,✅,❌,11.01,23.41,53.0,0.69,66.3,0.848,1.178,0.719
QRHC,Industrials,Waste Management,1,False,❌,✅,❌,❌,❌,1.37,2.41,43.2,0.74,0.2,0.846,1.178,0.718
IHRT,Communication Services,Broadcasting,1,False,❌,❌,❌,✅,❌,2.29,6.56,65.1,0.9,16.3,0.845,1.178,0.717
OPCH,Healthcare,Medical Care Facilities,1,False,❌,❌,❌,✅,❌,23.07,36.8,37.3,0.73,279.2,0.845,1.178,0.717
DNUT,Consumer Defensive,Grocery Stores,1,False,❌,❌,❌,✅,❌,2.89,5.11,43.4,0.82,44.2,0.843,1.178,0.715
ASIX,Basic Materials,Chemicals,1,False,❌,❌,❌,✅,❌,15.8,26.28,39.9,0.93,24.3,0.842,1.178,0.715
LONA,Healthcare,Biotechnology,1,False,❌,✅,❌,❌,❌,3.25,14.21,77.1,2.82,1.6,0.842,1.178,0.715
XPER,Technology,Software - Application,1,False,❌,❌,❌,✅,❌,5.56,8.75,36.5,0.77,15.6,0.842,1.178,0.715
EXE,Energy,Oil & Gas E&P,1,False,❌,❌,❌,✅,❌,86.84,124.43,30.2,1.15,1487.1,0.84,1.178,0.713
MDIA,Communication Services,Broadcasting,1,False,✅,❌,❌,❌,❌,1.09,1.64,33.5,0.14,0.3,0.838,1.178,0.712
PLUG,Industrials,Electrical Equipment & Parts,1,False,❌,❌,❌,✅,❌,1.98,4.58,56.8,0.7,815.2,0.835,1.178,0.709
CSIQ,Technology,Solar,1,False,❌,❌,❌,✅,❌,10.8,34.59,68.8,0.77,181.0,0.834,1.178,0.708
OSIS,Technology,Electronic Components,1,False,❌,❌,❌,✅,❌,197.24,311.72,36.7,0.71,268.2,0.834,1.178,0.708
SYM,Industrials,Specialty Industrial Machinery,1,False,❌,❌,❌,✅,❌,43.47,87.88,50.5,0.83,414.0,0.834,1.178,0.708
FATN,Technology,Software - Infrastructure,1,False,✅,❌,❌,❌,❌,5.31,8.61,38.3,0.29,6.4,0.832,1.178,0.706
RIBB,Financial Services,Shell Companies,1,False,❌,✅,❌,❌,❌,8.52,18.47,53.9,1.24,0.6,0.831,1.178,0.705
PACK,Consumer Cyclical,Packaging & Containers,1,False,❌,❌,❌,✅,❌,4.39,7.81,43.8,0.95,14.8,0.83,1.178,0.704
WAFU,Consumer Defensive,Education & Training Services,1,False,❌,✅,❌,❌,❌,1.49,3.06,51.3,1.6,6.9,0.828,1.178,0.703
EVAX,Healthcare,Biotechnology,1,False,❌,✅,❌,❌,❌,3.34,12.15,72.5,0.27,2.3,0.827,1.178,0.702
CHDN,Consumer Cyclical,Gambling,1,False,❌,❌,❌,✅,❌,79.77,118.35,32.6,1.05,414.3,0.826,1.178,0.701
ELUT,Healthcare,Medical Devices,1,False,❌,✅,❌,❌,❌,0.82,1.38,40.8,0.41,0.4,0.826,1.178,0.701
AMRN,Healthcare,Drug Manufacturers - General,1,False,❌,✅,❌,❌,❌,13.2,20.9,36.8,0.96,5.0,0.825,1.178,0.7
CAVA,Consumer Cyclical,Restaurants,1,False,❌,❌,❌,✅,❌,51.58,98.79,47.8,1.06,1154.7,0.824,1.178,0.699
LHX,Industrials,Aerospace & Defense,1,False,❌,❌,❌,✅,❌,237.69,375.9,36.8,1.06,1995.0,0.823,1.178,0.699
PRVA,Healthcare,Health Information Services,1,False,❌,❌,❌,✅,❌,19.71,28.82,31.6,1.06,128.9,0.823,1.178,0.698
HGV,Consumer Cyclical,Resorts & Casinos,1,False,❌,❌,❌,✅,❌,35.77,55.4,35.4,1.05,257.2,0.822,1.178,0.698
IDXX,Healthcare,Diagnostics & Research,1,False,❌,❌,❌,✅,❌,519.26,769.98,32.6,0.69,1620.6,0.821,1.178,0.697
SMRT,Technology,Software - Application,1,False,❌,✅,❌,❌,❌,1.19,2.2,45.9,0.44,9.4,0.821,1.178,0.697
DCBO,Technology,Software - Application,1,False,❌,❌,❌,❌,✅,22.84,28.72,20.5,0.26,9.1,0.82,1.178,0.696
WLDN,Industrials,Engineering & Construction,1,False,❌,❌,❌,✅,❌,78.9,137.0,42.4,0.64,125.3,0.82,1.178,0.696
ANIX,Healthcare,Biotechnology,1,False,❌,✅,❌,❌,❌,2.78,5.46,49.1,1.54,3.8,0.818,1.178,0.694
CMMB,Healthcare,Biotechnology,1,False,❌,✅,❌,❌,❌,2.16,3.58,39.7,0.87,1.2,0.818,1.178,0.695
GDS,Technology,Information Technology Services,1,False,❌,❌,❌,✅,❌,32.77,48.61,32.6,0.6,328.5,0.818,1.178,0.694
GROY,Basic Materials,Gold,1,False,❌,❌,❌,✅,❌,3.16,5.45,42.1,0.65,29.1,0.817,1.178,0.693
LBTYA,Communication Services,Telecom Services,1,False,❌,❌,❌,✅,❌,9.45,13.52,30.1,1.47,110.8,0.817,1.178,0.693
HERO,その他,,1,False,❌,❌,❌,❌,✅,26.94,33.76,20.2,0.83,2.9,0.816,1.178,0.692
HE,Utilities,Utilities - Regulated Electric,1,False,❌,❌,❌,✅,❌,9.1,17.38,47.6,1.41,122.6,0.815,1.178,0.692
CYD,Consumer Cyclical,Auto Manufacturers,1,False,❌,❌,❌,✅,❌,33.03,60.28,45.2,0.75,37.8,0.814,1.178,0.691
IBP,Consumer Cyclical,Residential Construction,1,False,❌,❌,❌,✅,❌,200.23,344.87,41.9,1.01,462.0,0.814,1.178,0.691
LW,Consumer Defensive,Packaged Foods,1,False,❌,❌,❌,✅,❌,43.58,65.45,33.4,1.03,358.5,0.814,1.178,0.691
NOAH,Financial Services,Asset Management,1,False,❌,❌,❌,❌,✅,7.92,10.77,26.5,0.92,3.9,0.814,1.178,0.691
BGS,Consumer Defensive,Packaged Foods,1,False,❌,❌,❌,✅,❌,3.1,6.0,48.3,0.84,38.9,0.813,1.178,0.69
FIGR,Financial Services,Capital Markets,1,False,❌,❌,❌,✅,❌,31.9,78.0,59.1,1.03,663.8,0.813,1.178,0.69
SEED,Basic Materials,Agricultural Inputs,1,False,❌,✅,❌,❌,❌,0.91,2.49,63.5,0.1,0.5,0.813,1.178,0.69
AMRZ,Basic Materials,Building Materials,1,False,❌,❌,❌,✅,❌,38.22,65.13,41.3,1.13,803.3,0.812,1.178,0.689
KRMD,Healthcare,Medical Instruments & Supplies,1,False,❌,✅,❌,❌,❌,3.21,6.61,51.4,2.19,3.4,0.811,1.178,0.688
XLO,Healthcare,Biotechnology,1,False,❌,❌,❌,❌,✅,9.04,12.74,29.0,0.21,1.5,0.811,1.178,0.689
FSLR,Technology,Solar,1,False,❌,❌,❌,✅,❌,177.71,320.95,44.6,1.34,2711.3,0.808,1.178,0.686
ALK,Industrials,Airlines,1,False,❌,❌,❌,✅,❌,40.94,60.63,32.5,1.1,638.6,0.805,1.178,0.683
EBIZ,その他,,1,False,❌,❌,❌,❌,✅,27.96,35.55,21.4,0.49,0.4,0.804,1.178,0.683
JBTM,Industrials,Specialty Industrial Machinery,1,False,❌,❌,❌,✅,❌,110.09,169.81,35.2,0.84,335.2,0.804,1.178,0.682
XBIT,Healthcare,Biotechnology,1,False,❌,✅,❌,❌,❌,2.17,3.44,36.9,0.66,0.4,0.804,1.178,0.682
LKQ,Consumer Cyclical,Auto Parts,1,False,❌,❌,❌,✅,❌,23.29,35.92,35.2,0.92,385.2,0.803,1.178,0.681
LUCD,Healthcare,Medical Devices,1,False,❌,✅,❌,❌,❌,0.83,1.63,49.3,0.99,6.1,0.802,1.178,0.681
SCOR,Technology,Software - Application,1,False,❌,✅,❌,❌,❌,4.91,10.18,51.8,0.74,1.0,0.802,1.178,0.681
GTEC,Consumer Cyclical,Auto Parts,1,False,❌,✅,❌,❌,❌,1.09,1.61,32.3,1.74,1.3,0.801,1.178,0.68
LPX,Industrials,Building Products & Equipment,1,False,❌,❌,❌,✅,❌,66.7,99.15,32.7,0.97,394.1,0.8,1.178,0.679
CEG,Utilities,Utilities - Independent Power Producers,1,False,❌,❌,❌,✅,❌,263.27,410.41,35.9,0.77,4288.9,0.799,1.178,0.678
IPWR,Technology,Semiconductors,1,False,❌,❌,❌,✅,❌,4.03,9.3,56.7,0.43,15.1,0.799,1.178,0.678
G,Technology,Information Technology Services,1,False,❌,❌,❌,✅,❌,33.1,47.86,30.8,0.67,395.4,0.797,1.178,0.676
NLR,その他,,1,False,❌,❌,❌,✅,❌,105.78,165.21,36.0,0.78,245.8,0.796,1.178,0.676
RCKT,Healthcare,Biotechnology,1,False,❌,❌,❌,✅,❌,2.6,5.45,52.4,1.2,33.4,0.796,1.178,0.676
ARDT,Healthcare,Medical Care Facilities,1,False,❌,❌,❌,✅,❌,10.54,15.48,31.9,0.88,24.3,0.795,1.178,0.675
MLM,Basic Materials,Building Materials,1,False,❌,❌,❌,✅,❌,484.3,707.94,31.6,1.71,1713.6,0.794,1.178,0.674
KLXE,Energy,Oil & Gas Equipment & Services,1,False,❌,✅,❌,❌,❌,1.61,4.5,64.2,3.0,4.8,0.793,1.178,0.673
NAMS,Healthcare,Biotechnology,1,False,❌,❌,❌,✅,❌,22.58,42.21,46.5,1.83,184.7,0.792,1.178,0.673
RXRX,Healthcare,Biotechnology,1,False,❌,❌,❌,✅,❌,3.74,7.18,47.9,1.38,320.7,0.792,1.178,0.673
TOON,Communication Services,Entertainment,1,False,❌,✅,❌,❌,❌,0.58,1.29,55.2,0.35,4.6,0.792,1.178,0.673
TPG,Financial Services,Asset Management,1,False,❌,❌,❌,✅,❌,44.39,67.83,34.6,1.06,549.0,0.792,1.178,0.672
TSDD,その他,,1,False,❌,❌,❌,✅,❌,7.41,12.55,41.0,0.4,696.3,0.792,1.178,0.672
LFWD,Healthcare,Medical Devices,1,False,❌,✅,❌,❌,❌,6.99,10.2,31.5,0.43,0.3,0.791,1.178,0.672
WFCF,Industrials,Specialty Business Services,1,False,❌,✅,❌,❌,❌,10.79,22.15,51.3,0.11,0.7,0.791,1.178,0.672
KNSL,Financial Services,Insurance - Property & Casualty,1,False,❌,❌,❌,✅,❌,330.49,483.75,31.7,0.75,450.8,0.79,1.178,0.671
PENN,Consumer Cyclical,Resorts & Casinos,1,False,❌,❌,❌,✅,❌,15.65,22.36,30.0,1.07,294.5,0.79,1.178,0.671
MAT,Consumer Cyclical,Leisure,1,False,❌,❌,❌,✅,❌,13.29,22.48,40.9,0.93,295.2,0.786,1.178,0.668
GLXY,Financial Services,Capital Markets,1,False,❌,❌,❌,✅,❌,24.24,45.92,47.2,0.84,788.3,0.784,1.178,0.666
PRQR,Healthcare,Biotechnology,1,False,❌,✅,❌,❌,❌,1.65,3.1,46.8,0.71,7.9,0.782,1.178,0.664
SGI,Consumer Cyclical,"Furnishings, Fixtures & Appliances",1,False,❌,❌,❌,✅,❌,63.95,97.86,34.6,0.9,1026.5,0.781,1.178,0.663
CSBR,Healthcare,Biotechnology,1,False,❌,✅,❌,❌,❌,4.9,8.31,41.0,0.74,0.3,0.778,1.178,0.66
MARA,Financial Services,Capital Markets,1,False,❌,❌,❌,✅,❌,12.55,23.45,46.5,0.95,2693.4,0.778,1.178,0.66
EVR,Financial Services,Capital Markets,1,False,❌,❌,❌,✅,❌,262.91,385.54,31.8,1.41,711.2,0.776,1.178,0.659
BLDP,Industrials,Electrical Equipment & Parts,1,False,❌,❌,❌,✅,❌,2.13,6.57,67.6,0.3,126.7,0.775,1.178,0.657
CMCSA,Communication Services,Telecom Services,1,False,❌,❌,❌,✅,❌,21.91,32.05,31.6,1.2,3762.8,0.773,1.178,0.656
CERT,Healthcare,Health Information Services,1,False,❌,❌,❌,✅,❌,9.11,13.88,34.4,0.66,121.5,0.772,1.178,0.655
NRDS,Communication Services,Internet Content & Information,1,False,❌,❌,❌,✅,❌,8.5,16.24,47.7,1.26,35.0,0.772,1.178,0.655
BWXT,Industrials,Aerospace & Defense,1,False,❌,❌,❌,✅,❌,138.47,241.12,42.6,1.02,849.4,0.771,1.178,0.654
TSLZ,その他,,1,False,❌,❌,❌,✅,❌,11.19,19.03,41.2,1.21,173.7,0.771,1.178,0.655
OCUL,Healthcare,Biotechnology,1,False,❌,❌,❌,✅,❌,9.65,16.44,41.3,0.81,120.2,0.77,1.178,0.654
HNRG,Energy,Thermal Coal,1,False,❌,❌,❌,✅,❌,14.72,24.7,40.4,0.79,60.8,0.769,1.178,0.653
TSYY,その他,,1,False,❌,❌,❌,❌,✅,20.34,28.76,29.3,0.35,5.2,0.769,1.178,0.653
ADTN,Technology,Communication Equipment,1,False,❌,❌,❌,✅,❌,7.13,19.98,64.3,0.63,119.9,0.768,1.178,0.652
CWK,Real Estate,Real Estate Services,1,False,❌,❌,❌,✅,❌,12.16,17.4,30.1,0.99,127.6,0.766,1.178,0.65
GOTU,Consumer Defensive,Education & Training Services,1,False,❌,❌,❌,❌,✅,2.46,3.38,27.2,1.44,4.0,0.766,1.178,0.651
TLK,Communication Services,Telecom Services,1,False,❌,❌,❌,✅,❌,13.34,21.71,38.5,0.98,60.8,0.766,1.178,0.651
ALT,Healthcare,Biotechnology,1,False,❌,❌,❌,✅,❌,3.06,6.44,52.5,0.96,57.9,0.765,1.178,0.649
FEAM,Basic Materials,Specialty Chemicals,1,False,❌,✅,❌,❌,❌,2.8,7.5,62.7,1.51,4.8,0.765,1.178,0.649
MXCT,Healthcare,Medical Devices,1,False,❌,✅,❌,❌,❌,1.17,1.87,37.3,0.33,5.9,0.765,1.178,0.649
STAA,Healthcare,Medical Instruments & Supplies,1,False,❌,❌,❌,✅,❌,20.51,35.87,42.8,0.98,120.4,0.765,1.178,0.65
BODI,Communication Services,Internet Content & Information,1,False,❌,✅,❌,❌,❌,4.56,16.87,73.0,0.54,1.9,0.764,1.178,0.648
FINX,その他,,1,False,❌,❌,❌,❌,✅,25.36,35.32,28.2,0.66,9.1,0.764,1.178,0.649
YI,Healthcare,Medical Distribution,1,False,❌,✅,❌,❌,❌,3.6,11.17,67.8,0.83,0.4,0.764,1.178,0.649
BAFN,Financial Services,Banks - Regional,1,False,❌,✅,❌,❌,❌,6.8,11.34,40.1,2.91,2.1,0.763,1.178,0.648
GRNQ,Industrials,Consulting Services,1,False,❌,✅,❌,❌,❌,10.55,31.8,66.8,2.07,2.1,0.763,1.178,0.648
FPH,Real Estate,Real Estate - Development,1,False,❌,❌,❌,❌,✅,4.75,6.47,26.6,1.58,4.0,0.762,1.178,0.647
SDS,その他,,1,False,❌,❌,❌,✅,❌,53.26,78.73,32.4,1.24,809.5,0.762,1.178,0.647
HLLY,Consumer Cyclical,Auto Parts,1,False,❌,❌,❌,✅,❌,2.47,4.48,44.9,1.5,12.9,0.76,1.178,0.645
ALZN,Healthcare,Biotechnology,1,False,❌,✅,❌,❌,❌,1.83,2.68,31.7,0.8,0.9,0.759,1.178,0.645
PHAR,Healthcare,Biotechnology,1,False,❌,✅,❌,❌,❌,10.46,21.34,51.0,5.25,1.0,0.759,1.178,0.644
BAH,Industrials,Consulting Services,1,False,❌,❌,❌,✅,❌,72.95,106.66,31.6,0.75,708.5,0.758,1.178,0.644
CRH,Basic Materials,Building Materials,1,False,❌,❌,❌,✅,❌,85.04,130.09,34.6,1.17,2236.5,0.757,1.178,0.642
FBIN,Industrials,Building Products & Equipment,1,False,❌,❌,❌,✅,❌,39.38,63.7,38.2,0.96,547.9,0.757,1.178,0.642
RAIL,Industrials,Railroads,1,False,❌,✅,❌,❌,❌,7.18,14.9,51.8,1.39,9.2,0.757,1.178,0.642
TAOX,Technology,Software - Infrastructure,1,False,❌,✅,❌,❌,❌,4.43,10.0,55.7,3.24,2.8,0.757,1.178,0.643
NTGR,Technology,Communication Equipment,1,False,❌,❌,❌,✅,❌,22.07,36.86,40.1,0.74,40.4,0.755,1.178,0.64
ARLO,Industrials,Building Products & Equipment,1,False,❌,❌,❌,✅,❌,12.84,19.94,35.6,0.91,84.1,0.754,1.178,0.64
WGS,Healthcare,Diagnostics & Research,1,False,❌,❌,❌,✅,❌,88.4,170.87,48.3,1.27,288.1,0.754,1.178,0.64
MKC,Consumer Defensive,Packaged Foods,1,False,❌,❌,❌,✅,❌,47.94,71.13,32.6,0.79,881.1,0.753,1.178,0.639
SIEB,Financial Services,Capital Markets,1,False,❌,✅,❌,❌,❌,2.2,4.14,46.9,0.56,0.8,0.753,1.178,0.64
INDI,Technology,Semiconductors,1,False,❌,❌,❌,✅,❌,3.02,6.05,50.1,0.75,117.8,0.751,1.178,0.638
LOW,Consumer Cyclical,Home Improvement Retail,1,False,❌,❌,❌,✅,❌,189.28,289.87,34.7,1.14,3146.3,0.751,1.178,0.638
ONIT,Financial Services,Mortgage Finance,1,False,❌,❌,❌,✅,❌,30.75,54.1,43.2,0.95,12.0,0.75,1.178,0.637
YCBD,Healthcare,Drug Manufacturers - Specialty & Generic,1,False,❌,✅,❌,❌,❌,0.47,2.56,81.7,6.58,0.9,0.75,1.178,0.637
TMDX,Healthcare,Medical Devices,1,False,❌,❌,❌,✅,❌,85.29,156.0,45.3,0.67,370.8,0.749,1.178,0.636
VNT,Technology,Scientific & Technical Instruments,1,False,❌,❌,❌,✅,❌,31.48,48.09,34.5,0.67,248.9,0.749,1.178,0.636
OEC,Basic Materials,Specialty Chemicals,1,False,❌,❌,❌,✅,❌,5.89,8.61,31.6,0.84,16.9,0.747,1.178,0.634
ATHR,Technology,Software - Application,1,False,❌,✅,❌,❌,❌,3.7,6.86,46.1,0.76,0.3,0.746,1.178,0.633
PNBK,Financial Services,Banks - Regional,1,False,❌,✅,❌,❌,❌,1.0,2.0,50.0,0.32,2.1,0.746,1.178,0.633
SYK,Healthcare,Medical Devices,1,False,❌,❌,❌,✅,❌,272.36,389.48,30.1,0.95,4082.0,0.746,1.178,0.633
ATNM,Healthcare,Biotechnology,1,False,❌,✅,❌,❌,❌,1.2,1.74,31.0,0.62,0.7,0.745,1.178,0.633
OPAD,Real Estate,Real Estate Services,1,False,✅,❌,❌,❌,❌,3.36,7.05,52.3,0.15,2.8,0.745,1.178,0.632
SMMT,Healthcare,Biotechnology,1,False,❌,❌,❌,✅,❌,15.61,29.23,46.6,0.89,389.5,0.745,1.178,0.632
WAVE,Utilities,Utilities - Renewable,1,False,❌,✅,❌,❌,❌,6.05,10.87,44.3,0.35,2.2,0.745,1.178,0.632
COOT,Consumer Defensive,Packaged Foods,1,False,❌,✅,❌,❌,❌,0.48,4.5,89.4,0.22,3.0,0.744,1.178,0.631
DECK,Consumer Cyclical,Footwear & Accessories,1,False,❌,❌,❌,✅,❌,78.67,122.29,35.7,1.24,1169.8,0.744,1.178,0.631
BMI,Technology,Scientific & Technical Instruments,1,False,❌,❌,❌,✅,❌,129.48,201.67,35.8,0.93,283.1,0.743,1.178,0.63
MEGL,Financial Services,Capital Markets,1,False,❌,✅,❌,❌,❌,1.12,1.9,41.1,0.17,0.2,0.742,1.178,0.63
JL,Consumer Cyclical,Apparel Manufacturing,1,False,❌,✅,❌,❌,❌,4.85,8.22,41.0,0.23,0.9,0.74,1.178,0.629
PAX,Financial Services,Asset Management,1,False,❌,❌,❌,✅,❌,10.24,17.11,40.2,0.88,53.5,0.74,1.178,0.628
PBH,Healthcare,Drug Manufacturers - Specialty & Generic,1,False,❌,❌,❌,✅,❌,46.61,71.07,34.4,0.92,152.2,0.74,1.178,0.628
TLN,Utilities,Utilities - Independent Power Producers,1,False,❌,❌,❌,✅,❌,304.42,451.28,32.5,0.81,1395.8,0.74,1.178,0.628
BCDA,Healthcare,Biotechnology,1,False,❌,❌,❌,✅,❌,1.05,1.8,41.7,0.29,10.4,0.739,1.178,0.628
PLTU,その他,,1,False,❌,❌,❌,✅,❌,57.9,103.82,44.2,0.32,450.5,0.739,1.178,0.627
CCL,Consumer Cyclical,Travel Services,1,False,❌,❌,❌,✅,❌,22.25,33.49,33.6,1.29,2821.2,0.738,1.178,0.627
LVS,Consumer Cyclical,Resorts & Casinos,1,False,❌,❌,❌,✅,❌,38.99,69.24,43.7,1.04,1086.2,0.738,1.178,0.626
RPAY,Technology,Software - Infrastructure,1,False,❌,❌,❌,❌,✅,3.79,5.39,29.7,0.73,9.7,0.736,1.178,0.625
CDRE,Industrials,Aerospace & Defense,1,False,❌,❌,❌,✅,❌,26.39,48.44,45.5,1.34,59.2,0.735,1.178,0.623
HWKN,Basic Materials,Specialty Chemicals,1,False,❌,❌,❌,✅,❌,129.03,185.12,30.3,0.89,110.8,0.733,1.178,0.622
DOX,Technology,Software - Infrastructure,1,False,❌,❌,❌,✅,❌,57.71,83.39,30.8,0.63,353.7,0.731,1.178,0.62
ASR,Industrials,Airports & Air Services,1,False,❌,❌,❌,✅,❌,243.21,374.42,35.0,1.26,88.4,0.729,1.178,0.619
BOOT,Consumer Cyclical,Apparel Retail,1,False,❌,❌,❌,✅,❌,123.3,210.25,41.4,0.86,547.0,0.729,1.178,0.619
CRWV,Technology,Software - Infrastructure,1,False,❌,❌,❌,✅,❌,87.59,153.2,42.8,1.11,12889.5,0.728,1.178,0.618
OPAL,Utilities,Utilities - Regulated Gas,1,False,❌,✅,❌,❌,❌,1.85,2.87,35.5,1.08,2.6,0.728,1.178,0.618
XYL,Industrials,Specialty Industrial Machinery,1,False,❌,❌,❌,✅,❌,102.63,152.14,32.5,1.25,1112.7,0.728,1.178,0.618
BRID,Consumer Defensive,Packaged Foods,1,False,❌,✅,❌,❌,❌,5.82,8.62,32.4,0.12,0.1,0.727,1.178,0.617
KKR,Financial Services,Asset Management,1,False,❌,❌,❌,✅,❌,96.67,144.02,32.9,0.82,2092.3,0.727,1.178,0.617
AENT,Communication Services,Entertainment,1,False,❌,✅,❌,❌,❌,4.88,8.8,44.5,0.56,3.4,0.725,1.178,0.616
BZUN,Consumer Cyclical,Internet Retail,1,False,✅,❌,❌,❌,❌,2.94,4.27,31.1,1.07,3.2,0.724,1.178,0.615
KROS,Healthcare,Biotechnology,1,False,❌,❌,❌,✅,❌,11.62,22.55,48.5,0.8,13.2,0.724,1.178,0.615
ROP,Technology,Software - Application,1,False,❌,❌,❌,✅,❌,358.56,517.59,30.7,0.9,1680.1,0.724,1.178,0.615
MBUU,Consumer Cyclical,Recreational Vehicles,1,False,❌,❌,❌,✅,❌,24.09,34.97,31.1,0.83,35.1,0.723,1.178,0.613
BOOM,Industrials,Conglomerates,1,False,❌,✅,❌,❌,❌,5.91,9.2,35.8,0.6,7.3,0.722,1.178,0.613
GRDX,Healthcare,Biotechnology,1,False,❌,✅,❌,❌,❌,3.43,6.93,50.5,0.74,2.2,0.722,1.178,0.613
RDCM,Communication Services,Telecom Services,1,False,❌,❌,❌,✅,❌,10.36,16.74,38.1,0.28,10.9,0.722,1.178,0.613
FG,Financial Services,Insurance - Life,1,False,❌,❌,❌,✅,❌,22.12,34.26,35.4,0.79,97.2,0.72,1.178,0.611
FHTX,Healthcare,Biotechnology,1,False,❌,✅,❌,❌,❌,3.5,7.61,54.0,2.22,7.6,0.72,1.178,0.611
MCHX,Communication Services,Advertising Agencies,1,False,❌,✅,❌,❌,❌,1.31,2.04,35.8,1.06,0.2,0.72,1.178,0.611
NTLA,Healthcare,Biotechnology,1,False,❌,❌,❌,✅,❌,11.75,28.25,58.4,0.87,312.9,0.72,1.178,0.612
UAMY,Basic Materials,Other Industrial Metals & Mining,1,False,❌,❌,❌,✅,❌,4.5,19.71,77.2,0.58,238.7,0.72,1.178,0.611
SPCB,Industrials,Security & Protection Services,1,False,❌,❌,❌,❌,✅,9.27,13.16,29.6,0.69,4.4,0.719,1.178,0.61
ADNT,Consumer Cyclical,Auto Parts,1,False,❌,❌,❌,✅,❌,17.63,27.32,35.5,1.04,96.7,0.716,1.178,0.607
BROS,Consumer Cyclical,Restaurants,1,False,❌,❌,❌,✅,❌,37.89,74.02,48.8,1.25,1004.5,0.714,1.178,0.606
INCR,Healthcare,Drug Manufacturers - Specialty & Generic,1,False,❌,✅,❌,❌,❌,5.21,8.45,38.3,0.41,0.5,0.714,1.178,0.606
SDOW,その他,,1,False,❌,❌,❌,✅,❌,24.71,37.59,34.3,1.03,478.8,0.714,1.178,0.606
UPBD,Technology,Software - Application,1,False,❌,❌,❌,✅,❌,16.09,23.19,30.6,1.08,86.1,0.714,1.178,0.606
EPAM,Technology,Information Technology Services,1,False,❌,❌,❌,✅,❌,108.23,222.53,51.4,0.58,811.0,0.713,1.178,0.605
GIS,Consumer Defensive,Packaged Foods,1,False,❌,❌,❌,✅,❌,33.64,48.86,31.2,1.23,1713.1,0.713,1.178,0.606
SPOT,Communication Services,Internet Content & Information,1,False,❌,❌,❌,✅,❌,510.01,740.0,31.1,0.82,4464.2,0.712,1.178,0.604
MP,Basic Materials,Other Industrial Metals & Mining,1,False,❌,❌,❌,✅,❌,48.83,100.25,51.3,0.83,1551.4,0.711,1.178,0.604
PLRX,Healthcare,Biotechnology,1,False,❌,✅,❌,❌,❌,1.08,1.95,44.6,0.67,2.7,0.711,1.178,0.603
SSYS,Technology,Computer Hardware,1,False,❌,❌,❌,✅,❌,8.26,12.81,35.5,0.71,34.5,0.711,1.178,0.603
MELI,Consumer Cyclical,Internet Retail,1,False,❌,❌,❌,✅,❌,1752.61,2548.5,31.2,1.63,4422.5,0.71,1.178,0.603
OLN,Basic Materials,Chemicals,1,False,❌,❌,❌,✅,❌,16.4,29.9,45.2,0.75,282.0,0.71,1.178,0.602
EVCM,Technology,Software - Application,1,False,❌,✅,❌,❌,❌,8.08,14.41,43.9,1.03,7.5,0.708,1.178,0.601
SITE,Industrials,Industrial Distribution,1,False,❌,❌,❌,✅,❌,91.31,168.56,45.8,0.93,435.4,0.707,1.178,0.6
UBER,Technology,Software - Application,1,False,❌,❌,❌,✅,❌,69.62,101.29,31.3,0.93,6820.0,0.707,1.178,0.6
CLX,Consumer Defensive,Household & Personal Products,1,False,❌,❌,❌,✅,❌,83.8,125.83,33.4,1.17,1242.2,0.705,1.178,0.599
CGTX,Healthcare,Biotechnology,1,False,❌,✅,❌,❌,❌,0.94,2.05,54.3,0.48,5.8,0.704,1.178,0.598
BBSI,Industrials,Staffing & Employment Services,1,False,❌,❌,❌,✅,❌,31.14,45.06,30.9,1.14,39.4,0.703,1.178,0.597
BX,Financial Services,Asset Management,1,False,❌,❌,❌,✅,❌,118.42,170.32,30.5,0.96,2777.4,0.703,1.178,0.597
CGC,Healthcare,Drug Manufacturers - Specialty & Generic,1,False,❌,❌,❌,✅,❌,0.94,2.38,60.4,0.57,21.5,0.703,1.178,0.596
HROW,Healthcare,Drug Manufacturers - Specialty & Generic,1,False,❌,❌,❌,✅,❌,33.07,54.85,39.7,0.61,131.2,0.702,1.178,0.596
CRCL,Financial Services,Capital Markets,1,False,❌,❌,❌,✅,❌,89.0,159.47,44.2,0.89,5992.6,0.701,1.178,0.595
SAMG,Financial Services,Asset Management,1,False,❌,✅,❌,❌,❌,10.3,15.29,32.6,1.59,3.3,0.701,1.178,0.595
BNTC,Healthcare,Biotechnology,1,False,❌,✅,❌,❌,❌,9.59,16.76,42.8,1.79,7.8,0.7,1.178,0.594
GO,Consumer Defensive,Grocery Stores,1,False,❌,❌,❌,✅,❌,11.07,16.99,34.8,0.61,130.2,0.699,1.178,0.593
PLTD,その他,,1,False,❌,❌,❌,✅,❌,4.71,9.65,51.2,0.71,1255.0,0.699,1.178,0.593
GROV,Consumer Defensive,Household & Personal Products,1,False,❌,✅,❌,❌,❌,1.06,1.57,32.5,0.79,0.3,0.697,1.178,0.592
FDNI,その他,,1,False,❌,✅,❌,❌,❌,26.02,39.54,34.2,0.04,2.6,0.695,1.178,0.59
THO,Consumer Cyclical,Recreational Vehicles,1,False,❌,❌,❌,✅,❌,72.15,121.16,40.5,1.61,267.2,0.695,1.178,0.59
AREC,Basic Materials,Coking Coal,1,False,❌,❌,❌,✅,❌,1.9,7.0,72.9,0.66,27.9,0.694,1.178,0.589
LAKE,Consumer Cyclical,Apparel Manufacturing,1,False,❌,✅,❌,❌,❌,10.49,17.97,41.6,0.37,5.8,0.693,1.178,0.588
EFOR,Technology,Information Technology Services,1,False,❌,❌,❌,✅,❌,33.12,54.94,39.7,0.58,112.6,0.692,1.178,0.587
IDX,その他,,1,False,❌,✅,❌,❌,❌,10.95,17.32,36.8,0.24,3.3,0.692,1.178,0.588
POST,Consumer Defensive,Packaged Foods,1,False,❌,❌,❌,✅,❌,73.15,117.28,37.6,1.02,387.0,0.691,1.178,0.586
RYAN,Financial Services,Insurance - Specialty,1,False,❌,❌,❌,✅,❌,37.89,58.44,35.2,1.14,414.1,0.69,1.178,0.586
UEC,Energy,Uranium,1,False,❌,❌,❌,✅,❌,9.41,20.34,53.7,0.93,508.9,0.688,1.178,0.584
GDDY,Technology,Software - Infrastructure,1,False,❌,❌,❌,✅,❌,97.14,142.49,31.8,1.91,1056.4,0.687,1.178,0.583
KTTA,Healthcare,Biotechnology,1,False,❌,✅,❌,❌,❌,0.5,2.06,75.8,0.2,1.5,0.687,1.178,0.583
LE,Consumer Cyclical,Apparel Retail,1,False,❌,❌,❌,✅,❌,10.26,20.04,48.8,0.67,13.2,0.686,1.178,0.583
PPC,Consumer Defensive,Packaged Foods,1,False,❌,❌,❌,✅,❌,27.82,44.84,38.0,1.02,213.5,0.686,1.178,0.583
PWP,Financial Services,Capital Markets,1,False,❌,❌,❌,✅,❌,14.47,25.63,43.5,1.43,99.9,0.686,1.178,0.583
DPZ,Consumer Cyclical,Restaurants,1,False,❌,❌,❌,✅,❌,292.14,434.73,32.8,0.88,1343.0,0.685,1.178,0.581
IZEA,Communication Services,Internet Content & Information,1,False,❌,✅,❌,❌,❌,2.59,5.86,55.8,0.82,0.9,0.685,1.178,0.582
CNTB,Healthcare,Biotechnology,1,False,❌,✅,❌,❌,❌,1.08,3.82,71.7,1.52,6.7,0.684,1.178,0.58
RPC,Financial Services,Asset Management,1,False,❌,❌,❌,✅,❌,7.54,11.31,33.3,1.21,20.0,0.684,1.178,0.58
SOGP,Communication Services,Internet Content & Information,1,False,❌,✅,❌,❌,❌,12.17,23.96,49.2,0.26,1.0,0.684,1.178,0.581
IBO,Healthcare,Biotechnology,1,False,❌,✅,❌,❌,❌,5.69,10.51,45.8,2.37,0.3,0.683,1.178,0.58
GGLS,その他,,1,False,❌,❌,❌,✅,❌,58.14,89.12,34.8,0.1,187.3,0.682,1.178,0.579
MIRA,Healthcare,Drug Manufacturers - General,1,False,❌,✅,❌,❌,❌,0.9,2.45,63.3,0.39,1.6,0.682,1.178,0.579
GLE,Technology,Information Technology Services,1,False,❌,✅,❌,❌,❌,0.49,1.09,54.7,0.02,8.3,0.681,1.178,0.578
PTC,Technology,Software - Application,1,False,❌,❌,❌,✅,❌,138.12,206.82,33.2,0.86,1069.3,0.681,1.178,0.578
VERU,Healthcare,Biotechnology,1,False,❌,❌,❌,✅,❌,2.54,7.33,65.3,0.09,21.5,0.681,1.178,0.578
GEVO,Basic Materials,Specialty Chemicals,1,False,❌,❌,❌,✅,❌,1.4,2.97,52.9,0.93,24.2,0.68,1.178,0.577
LYFT,Technology,Software - Application,1,False,❌,❌,❌,✅,❌,14.86,25.54,41.8,0.67,893.8,0.68,1.178,0.577
SY,Healthcare,Health Information Services,1,False,❌,✅,❌,❌,❌,2.7,4.75,43.2,0.65,6.8,0.68,1.178,0.577
LOPE,Consumer Defensive,Education & Training Services,1,False,❌,❌,❌,✅,❌,147.28,223.04,34.0,1.06,240.1,0.679,1.178,0.576
SPT,Technology,Software - Application,1,False,❌,❌,❌,✅,❌,9.54,14.16,32.6,0.79,55.0,0.679,1.178,0.577
UUUU,Energy,Uranium,1,False,❌,❌,❌,✅,❌,11.35,27.9,59.3,0.89,582.5,0.679,1.178,0.577
FLY,Industrials,Aerospace & Defense,1,False,❌,❌,❌,✅,❌,24.36,62.17,60.8,0.62,797.0,0.677,1.178,0.575
IONQ,Technology,Computer Hardware,1,False,❌,❌,❌,✅,❌,45.48,84.64,46.3,1.49,5716.2,0.676,1.178,0.574
IONR,Basic Materials,Other Industrial Metals & Mining,1,False,❌,✅,❌,❌,❌,3.31,8.2,59.6,0.77,1.8,0.676,1.178,0.573
SMID,Basic Materials,Building Materials,1,False,❌,✅,❌,❌,❌,24.28,42.15,42.4,1.18,2.0,0.676,1.178,0.574
MOS,Basic Materials,Agricultural Inputs,1,False,❌,❌,❌,✅,❌,23.01,34.72,33.7,1.02,953.4,0.675,1.178,0.573
ATEC,Healthcare,Medical Devices,1,False,❌,❌,❌,✅,❌,10.12,23.29,56.5,0.71,111.8,0.674,1.178,0.572
HDB,Financial Services,Banks - Regional,1,False,❌,❌,❌,✅,❌,23.01,37.45,38.6,1.2,1107.7,0.674,1.178,0.572
INVE,Industrials,Building Products & Equipment,1,False,❌,✅,❌,❌,❌,2.45,5.3,53.8,0.62,2.8,0.673,1.178,0.571
MDXG,Healthcare,Biotechnology,1,False,❌,❌,❌,✅,❌,4.67,7.97,41.4,0.86,25.8,0.673,1.178,0.571
PCOR,Technology,Software - Application,1,False,❌,❌,❌,✅,❌,49.3,82.32,40.1,0.89,733.4,0.672,1.178,0.57
VST,Utilities,Utilities - Independent Power Producers,1,False,❌,❌,❌,✅,❌,138.46,215.85,35.9,1.0,3305.8,0.672,1.178,0.57
ACET,Healthcare,Biotechnology,1,False,❌,✅,❌,❌,❌,9.02,17.44,48.3,2.5,4.6,0.671,1.178,0.57
CAR,Industrials,Rental & Leasing Services,1,False,❌,❌,❌,✅,❌,108.29,847.7,87.2,0.8,452.5,0.671,1.178,0.57
PLBY,Consumer Cyclical,Leisure,1,False,❌,✅,❌,❌,❌,1.03,2.75,62.5,0.72,5.2,0.669,1.178,0.568
BRIA,Consumer Cyclical,Apparel Retail,1,False,❌,✅,❌,❌,❌,1.4,2.3,39.1,0.07,0.3,0.667,1.178,0.566
CRNC,Technology,Software - Application,1,False,❌,❌,❌,✅,❌,7.95,13.74,42.1,0.65,40.5,0.667,1.178,0.566
CRK,Energy,Oil & Gas E&P,1,False,❌,❌,❌,✅,❌,13.12,28.1,53.3,1.1,175.5,0.666,1.178,0.565
ANVS,Healthcare,Biotechnology,1,False,❌,✅,❌,❌,❌,1.31,5.5,76.2,0.97,8.3,0.665,1.178,0.564
RAVE,Consumer Cyclical,Restaurants,1,False,❌,✅,❌,❌,❌,2.29,3.6,36.4,4.27,0.9,0.664,1.178,0.563
TRON,Consumer Cyclical,Leisure,1,False,❌,✅,❌,❌,❌,1.44,4.65,69.0,0.7,7.4,0.664,1.178,0.563
KMRK,Consumer Cyclical,Leisure,1,False,❌,✅,❌,❌,❌,0.95,6.59,85.6,0.02,2.8,0.663,1.178,0.563
BOLT,Healthcare,Biotechnology,1,False,❌,✅,❌,❌,❌,3.58,7.2,50.3,0.48,0.6,0.661,1.178,0.561
OFIX,Healthcare,Medical Devices,1,False,❌,❌,❌,✅,❌,9.44,16.99,44.4,1.23,19.7,0.661,1.178,0.561
BLIV,Technology,Software - Application,1,False,❌,✅,❌,❌,❌,2.32,4.32,46.5,0.12,0.0,0.66,1.178,0.56
MITQ,Technology,Communication Equipment,1,False,❌,✅,❌,❌,❌,0.62,1.12,44.6,2.17,0.2,0.66,1.178,0.56
CMCL,Basic Materials,Gold,1,False,❌,❌,❌,✅,❌,23.84,38.3,37.8,0.85,23.3,0.659,1.178,0.559
FLNC,Utilities,Utilities - Renewable,1,False,❌,❌,❌,✅,❌,7.85,33.51,76.6,0.98,798.6,0.659,1.178,0.559
INFY,Technology,Information Technology Services,1,False,❌,❌,❌,✅,❌,10.5,29.37,64.2,0.79,1123.0,0.659,1.178,0.559
RMTI,Healthcare,Drug Manufacturers - Specialty & Generic,1,False,❌,✅,❌,❌,❌,8.37,12.9,35.1,0.78,1.0,0.659,1.178,0.559
FUTU,Financial Services,Capital Markets,1,False,❌,❌,❌,✅,❌,111.87,199.33,43.9,0.34,1323.6,0.658,1.178,0.558
WAY,Healthcare,Health Information Services,1,False,❌,❌,❌,✅,❌,24.7,40.35,38.8,0.6,273.8,0.658,1.178,0.558
PTHS,Healthcare,Biotechnology,1,False,❌,✅,❌,❌,❌,22.19,37.5,40.8,0.56,6.0,0.657,1.178,0.557
RCAT,Industrials,Aerospace & Defense,1,False,❌,❌,❌,✅,❌,6.66,18.78,64.5,0.87,558.9,0.657,1.178,0.558
TRI,Industrials,Specialty Business Services,1,False,❌,❌,❌,✅,❌,98.99,157.66,37.2,0.72,880.2,0.657,1.178,0.558
ESAB,Industrials,Metal Fabrication,1,False,❌,❌,❌,✅,❌,71.91,137.11,47.6,1.57,315.0,0.656,1.178,0.557
MIR,Industrials,Specialty Industrial Machinery,1,False,❌,❌,❌,✅,❌,15.59,30.28,48.5,0.88,320.9,0.656,1.178,0.557
BRO,Financial Services,Insurance Brokers,1,False,❌,❌,❌,✅,❌,60.82,95.63,36.4,0.96,827.8,0.655,1.178,0.556
SNAP,Communication Services,Internet Content & Information,1,False,❌,❌,❌,✅,❌,5.42,9.13,40.6,0.76,984.3,0.655,1.178,0.556
ZS,Technology,Software - Infrastructure,1,False,❌,❌,❌,✅,❌,193.05,336.99,42.7,0.89,2973.0,0.655,1.178,0.556
MGIH,Consumer Cyclical,Packaging & Containers,1,False,❌,✅,❌,❌,❌,1.53,2.64,42.0,0.09,1.7,0.654,1.178,0.555
ADBE,Technology,Software - Application,1,False,❌,❌,❌,✅,❌,235.47,363.7,35.3,0.81,6781.6,0.653,1.178,0.555
ATER,Consumer Cyclical,"Furnishings, Fixtures & Appliances",1,False,❌,✅,❌,❌,❌,0.66,1.87,64.5,0.12,4.7,0.651,1.178,0.553
FBYD,Industrials,Conglomerates,1,False,❌,✅,❌,❌,❌,7.43,29.02,74.4,0.74,7.8,0.651,1.178,0.553
QBTS,Technology,Computer Hardware,1,False,❌,❌,❌,✅,❌,17.41,46.75,62.8,0.76,2699.1,0.651,1.178,0.552
ADSK,Technology,Software - Application,1,False,❌,❌,❌,✅,❌,209.4,326.2,35.8,0.73,2629.0,0.649,1.178,0.551
MLYS,Healthcare,Biotechnology,1,False,❌,❌,❌,✅,❌,25.86,47.65,45.7,0.81,168.3,0.647,1.178,0.549
IRTC,Healthcare,Medical Devices,1,False,❌,❌,❌,✅,❌,110.38,212.0,47.9,1.08,329.0,0.646,1.178,0.549
CXM,Technology,Software - Application,1,False,❌,❌,❌,✅,❌,5.07,8.27,38.7,0.77,99.4,0.645,1.178,0.548
GBR,Real Estate,Real Estate Services,1,False,❌,✅,❌,❌,❌,0.69,1.31,47.3,0.39,0.2,0.645,1.178,0.548
ROCK,Industrials,Building Products & Equipment,1,False,❌,❌,❌,✅,❌,40.56,75.08,46.0,1.3,70.9,0.645,1.178,0.547
ASLE,Industrials,Airports & Air Services,1,False,❌,❌,❌,✅,❌,5.4,8.58,37.1,1.0,12.4,0.644,1.178,0.547
BABA,Consumer Cyclical,Internet Retail,1,False,❌,❌,❌,✅,❌,109.74,190.92,42.5,0.86,6726.4,0.644,1.178,0.547
BBWI,Consumer Cyclical,Specialty Retail,1,False,❌,❌,❌,✅,❌,16.45,26.26,37.4,1.17,561.2,0.644,1.178,0.546
BOEU,その他,,1,False,❌,✅,❌,❌,❌,26.8,51.12,47.6,3.13,6.9,0.644,1.178,0.546
CG,Financial Services,Asset Management,1,False,❌,❌,❌,✅,❌,40.03,65.91,39.3,0.84,767.1,0.643,1.178,0.546
PRKS,Consumer Cyclical,Leisure,1,False,❌,❌,❌,✅,❌,33.25,55.71,40.3,0.79,161.2,0.643,1.178,0.546
BRLT,Consumer Cyclical,Luxury Goods,1,False,❌,✅,❌,❌,❌,1.37,2.9,52.8,0.34,0.6,0.642,1.178,0.545
EVI,Industrials,Industrial Distribution,1,False,❌,✅,❌,❌,❌,20.33,32.9,38.2,0.77,5.8,0.642,1.178,0.545
SPAI,Industrials,Aerospace & Defense,1,False,❌,✅,❌,❌,❌,4.17,9.05,53.9,0.27,7.6,0.642,1.178,0.545
SPXS,その他,,1,False,❌,❌,❌,✅,❌,23.91,43.8,45.4,1.22,1512.4,0.642,1.178,0.545
CHKP,Technology,Software - Infrastructure,1,False,❌,❌,❌,✅,❌,131.24,210.66,37.7,0.99,802.2,0.641,1.178,0.544
SLDP,Consumer Cyclical,Auto Parts,1,False,❌,❌,❌,✅,❌,2.39,8.86,73.0,0.74,54.3,0.641,1.178,0.544
LSTA,Healthcare,Biotechnology,1,False,❌,✅,❌,❌,❌,1.58,5.07,68.8,0.46,2.3,0.64,1.178,0.543
SPXU,その他,,1,False,❌,❌,❌,✅,❌,33.59,61.52,45.4,1.07,1494.0,0.64,1.178,0.544
SGRP,Industrials,Specialty Business Services,1,False,❌,✅,❌,❌,❌,0.69,1.15,40.0,0.05,0.4,0.639,1.178,0.542
HLI,Financial Services,Capital Markets,1,False,❌,❌,❌,✅,❌,129.07,205.2,37.1,1.08,537.5,0.638,1.178,0.541
DLHC,Industrials,Specialty Business Services,1,False,❌,✅,❌,❌,❌,3.55,8.1,56.2,0.23,1.0,0.636,1.178,0.54
YMM,Technology,Software - Application,1,False,❌,❌,❌,✅,❌,8.13,13.79,41.0,0.62,332.9,0.636,1.178,0.54
KWEB,その他,,1,False,❌,❌,❌,✅,❌,24.58,40.87,39.9,0.8,2709.6,0.635,1.178,0.539
MI,Consumer Cyclical,Internet Retail,1,False,❌,✅,❌,❌,❌,2.27,19.84,88.6,0.64,1.0,0.635,1.178,0.539
REZI,Industrials,Industrial Distribution,1,False,❌,❌,❌,✅,❌,18.27,31.52,42.0,0.65,247.3,0.635,1.178,0.539
WYNN,Consumer Cyclical,Resorts & Casinos,1,False,❌,❌,❌,✅,❌,81.12,133.75,39.3,1.59,754.4,0.635,1.178,0.539
FWRG,Consumer Cyclical,Restaurants,1,False,❌,❌,❌,✅,❌,10.14,18.82,46.1,0.97,68.2,0.634,1.178,0.538
OKYO,Healthcare,Biotechnology,1,False,❌,✅,❌,❌,❌,1.38,3.2,56.9,1.13,0.7,0.633,1.178,0.537
GWRE,Technology,Software - Application,1,False,❌,❌,❌,✅,❌,145.56,255.89,43.1,0.62,1094.7,0.632,1.178,0.536
CSPI,Technology,Information Technology Services,1,False,❌,✅,❌,❌,❌,7.71,14.81,47.9,0.41,1.1,0.631,1.178,0.536
PLBL,Consumer Cyclical,Department Stores,1,False,❌,✅,❌,❌,❌,5.26,11.75,55.2,1.09,7.6,0.631,1.178,0.536
WIT,Technology,Information Technology Services,1,False,❌,❌,❌,✅,❌,1.65,3.06,46.0,0.62,100.5,0.63,1.178,0.535
BMEA,Healthcare,Biotechnology,1,False,❌,✅,❌,❌,❌,1.32,2.99,55.9,2.91,9.6,0.629,1.178,0.534
GIFT,Communication Services,Internet Content & Information,1,False,❌,✅,❌,❌,❌,0.67,1.29,48.3,0.86,0.3,0.629,1.178,0.534
CIA,Financial Services,Insurance - Life,1,False,❌,✅,❌,❌,❌,3.59,6.54,45.1,0.95,2.9,0.628,1.178,0.533
KRUS,Consumer Cyclical,Restaurants,1,False,❌,❌,❌,✅,❌,38.91,80.84,51.9,0.88,71.9,0.628,1.178,0.533
HLNE,Financial Services,Asset Management,1,False,❌,❌,❌,✅,❌,86.21,152.64,43.5,0.98,336.9,0.627,1.178,0.532
OTEX,Technology,Software - Application,1,False,❌,❌,❌,✅,❌,22.51,38.26,41.2,0.5,224.4,0.627,1.178,0.532
INTS,Healthcare,Biotechnology,1,False,❌,✅,❌,❌,❌,3.8,43.5,91.3,0.26,0.7,0.626,1.178,0.531
WBX,Technology,Electronic Components,1,False,❌,✅,❌,❌,❌,2.85,7.83,63.6,0.17,1.8,0.626,1.178,0.532
QID,その他,,1,False,❌,❌,❌,✅,❌,13.01,23.96,45.7,1.83,1635.7,0.625,1.178,0.531
COIN,Financial Services,Financial Data & Stock Exchanges,1,False,❌,❌,❌,✅,❌,195.11,402.16,51.5,0.98,7476.9,0.624,1.178,0.53
EVLV,Industrials,Security & Protection Services,1,False,❌,❌,❌,✅,❌,4.79,8.81,45.6,0.83,65.7,0.624,1.178,0.529
RKT,Financial Services,Mortgage Finance,1,False,❌,❌,❌,✅,❌,12.17,24.36,50.0,1.45,1963.7,0.624,1.178,0.529
AMTD,Financial Services,Asset Management,1,False,❌,✅,❌,❌,❌,0.73,1.65,55.6,0.55,0.1,0.623,1.178,0.529
LAES,Technology,Semiconductors,1,False,❌,❌,❌,✅,❌,2.35,8.71,73.0,0.38,186.5,0.623,1.178,0.529
KTCC,Technology,Computer Hardware,1,False,❌,✅,❌,❌,❌,2.17,4.42,50.9,0.97,0.4,0.622,1.178,0.528
AI,Technology,Software - Infrastructure,1,False,❌,❌,❌,✅,❌,10.65,20.22,47.3,0.66,277.4,0.621,1.178,0.527
ARKR,Consumer Cyclical,Restaurants,1,False,❌,✅,❌,❌,❌,4.51,9.5,52.5,1.67,0.1,0.618,1.178,0.524
KC,Technology,Software - Application,1,False,❌,❌,❌,✅,❌,9.66,18.52,47.8,0.69,81.3,0.618,1.178,0.524
TMC,Basic Materials,Other Industrial Metals & Mining,1,False,❌,❌,❌,✅,❌,3.93,11.35,65.4,0.84,124.3,0.618,1.178,0.525
ARDX,Healthcare,Biotechnology,1,False,❌,❌,❌,✅,❌,3.42,8.4,59.3,0.95,91.4,0.617,1.178,0.524
BLIN,Technology,Software - Infrastructure,1,False,❌,✅,❌,❌,❌,0.83,1.62,48.7,0.26,0.4,0.616,1.178,0.523
LRE,Real Estate,Real Estate - Development,1,False,❌,✅,❌,❌,❌,1.1,1.89,41.8,2.38,0.2,0.616,1.178,0.523
CPRT,Industrials,Specialty Business Services,1,False,❌,❌,❌,✅,❌,27.59,45.89,39.9,0.9,1692.5,0.615,1.178,0.522
CPS,Consumer Cyclical,Auto Parts,1,False,❌,❌,❌,✅,❌,22.7,47.98,52.7,1.24,24.1,0.615,1.178,0.522
FND,Consumer Cyclical,Home Improvement Retail,1,False,❌,❌,❌,✅,❌,47.06,77.46,39.2,0.96,663.0,0.615,1.178,0.522
TYL,Technology,Software - Application,1,False,❌,❌,❌,✅,❌,325.57,531.94,38.8,0.69,1372.1,0.615,1.178,0.522
VNET,Technology,Information Technology Services,1,False,❌,❌,❌,✅,❌,6.64,14.48,54.1,0.83,250.1,0.615,1.178,0.522
TIC,Industrials,Specialty Business Services,1,False,❌,❌,❌,✅,❌,8.89,14.94,40.5,0.55,81.1,0.614,1.178,0.521
ONMD,Healthcare,Health Information Services,1,False,❌,✅,❌,❌,❌,0.65,4.22,84.6,0.84,2.8,0.613,1.178,0.521
RH,Consumer Cyclical,Specialty Retail,1,False,❌,❌,❌,✅,❌,124.17,239.4,48.1,0.91,628.3,0.613,1.178,0.52
LINK,Technology,Electronic Components,1,False,✅,❌,❌,❌,❌,5.55,10.1,45.1,0.45,1.5,0.611,1.178,0.519
MMS,Industrials,Specialty Business Services,1,False,❌,❌,❌,✅,❌,52.61,98.42,46.5,0.95,190.1,0.609,1.178,0.517
NAII,Consumer Defensive,Packaged Foods,1,False,❌,✅,❌,❌,❌,1.75,4.96,64.7,0.38,0.4,0.608,1.178,0.516
PDYN,Technology,Software - Infrastructure,1,False,❌,❌,❌,✅,❌,5.39,10.73,49.8,0.61,45.2,0.608,1.178,0.516
AXON,Industrials,Aerospace & Defense,1,False,❌,❌,❌,✅,❌,430.11,764.02,43.7,0.95,2490.5,0.607,1.178,0.515
BFAM,Consumer Cyclical,Personal Services,1,False,❌,❌,❌,✅,❌,65.86,109.86,40.1,1.03,357.7,0.607,1.178,0.515
PLTK,Communication Services,Electronic Gaming & Multimedia,1,False,❌,❌,❌,✅,❌,2.13,4.36,51.1,0.65,22.7,0.607,1.178,0.515
ACHR,Industrials,Aerospace & Defense,1,False,❌,❌,❌,✅,❌,5.61,14.62,61.6,0.63,1056.7,0.605,1.178,0.513
BSY,Technology,Software - Application,1,False,❌,❌,❌,✅,❌,31.44,56.82,44.7,0.88,459.1,0.605,1.178,0.514
BZFD,Communication Services,Internet Content & Information,1,False,❌,❌,❌,✅,❌,1.04,2.21,52.9,0.13,18.5,0.605,1.178,0.513
JMIA,Consumer Cyclical,Internet Retail,1,False,❌,❌,❌,✅,❌,6.88,14.72,53.3,0.84,60.7,0.605,1.178,0.513
GSHD,Financial Services,Insurance Brokers,1,False,❌,❌,❌,✅,❌,45.23,79.85,43.4,1.75,127.6,0.604,1.178,0.512
LRMR,Healthcare,Biotechnology,1,False,❌,❌,❌,✅,❌,3.08,6.42,52.1,1.23,31.7,0.604,1.178,0.512
MNKD,Healthcare,Biotechnology,1,False,❌,❌,❌,✅,❌,3.34,6.51,48.7,1.54,87.9,0.604,1.178,0.513
VHC,Technology,Software - Infrastructure,1,False,❌,✅,❌,❌,❌,10.36,29.0,64.3,2.13,2.8,0.604,1.178,0.513
BRLS,Consumer Defensive,Packaged Foods,1,False,❌,✅,❌,❌,❌,1.39,5.02,72.3,0.0,4.7,0.602,1.178,0.511
CRDF,Healthcare,Biotechnology,1,False,❌,✅,❌,❌,❌,1.24,3.31,62.5,0.44,7.7,0.602,1.178,0.511
LCTX,Healthcare,Biotechnology,1,False,❌,✅,❌,❌,❌,1.03,2.09,50.7,1.41,7.6,0.602,1.178,0.511
MZTI,Consumer Defensive,Packaged Foods,1,False,❌,❌,❌,✅,❌,100.47,171.9,41.6,1.07,190.9,0.602,1.178,0.511
ADMA,Healthcare,Biotechnology,1,False,❌,❌,❌,✅,❌,9.38,20.46,54.1,0.97,129.4,0.601,1.178,0.51
CNVS,Communication Services,Entertainment,1,False,❌,✅,❌,❌,❌,2.02,3.55,43.1,0.41,3.1,0.601,1.178,0.51
NWTG,Consumer Cyclical,Leisure,1,False,❌,✅,❌,❌,❌,1.04,1.97,47.2,3.72,0.3,0.601,1.178,0.51
SHAK,Consumer Cyclical,Restaurants,1,False,❌,❌,❌,✅,❌,55.55,107.46,48.3,0.8,574.6,0.601,1.178,0.51
SNDL,Consumer Defensive,Beverages - Wineries & Distilleries,1,False,❌,❌,❌,✅,❌,1.4,2.89,51.6,0.57,11.5,0.601,1.178,0.51
BLSH,Technology,Software - Infrastructure,1,False,❌,❌,❌,✅,❌,37.58,70.5,46.7,0.97,228.3,0.6,1.178,0.51
PASG,Healthcare,Biotechnology,1,False,❌,✅,❌,❌,❌,4.8,20.0,76.0,0.59,1.3,0.6,1.178,0.509
RPD,Technology,Software - Infrastructure,1,False,❌,❌,❌,✅,❌,11.62,20.17,42.4,0.68,110.7,0.599,1.178,0.509
BTBT,Financial Services,Capital Markets,1,False,❌,❌,❌,✅,❌,1.76,4.55,61.3,1.06,228.3,0.597,1.178,0.506
PDD,Consumer Cyclical,Internet Retail,1,False,❌,❌,❌,✅,❌,77.57,139.41,44.4,0.7,3274.5,0.597,1.178,0.507
CNXC,Technology,Information Technology Services,1,False,❌,❌,❌,✅,❌,27.08,47.1,42.5,1.37,203.7,0.596,1.178,0.506
AUST,Basic Materials,Gold,1,False,❌,✅,❌,❌,❌,1.08,3.92,72.6,0.28,0.6,0.595,1.178,0.505
GENK,Consumer Cyclical,Restaurants,1,False,❌,✅,❌,❌,❌,1.74,3.22,46.0,0.17,1.3,0.594,1.178,0.504
HTLM,Consumer Cyclical,Specialty Retail,1,False,❌,✅,❌,❌,❌,1.78,4.05,56.1,0.14,0.1,0.593,1.178,0.504
RYM,Consumer Defensive,Tobacco,1,False,❌,✅,❌,❌,❌,21.76,53.65,59.4,0.57,1.4,0.593,1.178,0.504
SOFI,Financial Services,Credit Services,1,False,❌,❌,❌,✅,❌,16.58,32.73,49.3,0.94,5557.7,0.593,1.178,0.503
BRCC,Consumer Defensive,Packaged Foods,1,False,❌,✅,❌,❌,❌,9.22,18.55,50.3,0.77,6.8,0.591,1.178,0.502
GNLX,Healthcare,Biotechnology,1,False,❌,✅,❌,❌,❌,2.48,8.53,70.9,0.67,3.1,0.59,1.178,0.501
EFX,Industrials,Consulting Services,1,False,❌,❌,❌,✅,❌,148.11,255.48,42.0,1.22,1283.9,0.589,1.178,0.5
NFLX,Communication Services,Entertainment,1,False,❌,❌,❌,✅,❌,71.14,124.86,43.0,0.83,14284.1,0.588,1.178,0.499
TLS,Technology,Software - Infrastructure,1,False,❌,❌,❌,✅,❌,4.04,8.36,51.7,0.9,15.3,0.585,1.178,0.496
TSCO,Consumer Cyclical,Specialty Retail,1,False,❌,❌,❌,✅,❌,32.27,56.84,43.2,0.9,1748.7,0.585,1.178,0.496
FBIO,Healthcare,Biotechnology,1,False,❌,✅,❌,❌,❌,2.28,4.53,49.7,0.51,7.2,0.583,1.178,0.495
GPI,Consumer Cyclical,Auto & Truck Dealerships,1,False,❌,❌,❌,✅,❌,252.18,458.18,45.0,1.19,293.1,0.583,1.178,0.495
NCLH,Consumer Cyclical,Travel Services,1,False,❌,❌,❌,✅,❌,14.61,26.09,44.0,1.23,1514.4,0.583,1.178,0.495
UIS,Technology,Information Technology Services,1,False,❌,❌,❌,✅,❌,2.32,4.98,53.4,0.63,13.5,0.583,1.178,0.495
MBLY,Consumer Cyclical,Auto Parts,1,False,❌,❌,❌,✅,❌,8.03,15.81,49.2,1.18,262.9,0.58,1.178,0.492
EYE,Consumer Cyclical,Specialty Retail,1,False,❌,❌,❌,✅,❌,16.53,30.02,44.9,1.05,210.6,0.579,1.178,0.492
MBI,Financial Services,Insurance - Specialty,1,False,❌,❌,❌,✅,❌,4.39,7.87,44.2,1.02,11.2,0.577,1.178,0.49
PETS,Healthcare,Pharmaceutical Retailers,1,False,❌,✅,❌,❌,❌,1.53,4.1,62.7,0.37,4.4,0.577,1.178,0.49
HFFG,Consumer Defensive,Food Distribution,1,False,❌,✅,❌,❌,❌,1.59,3.04,47.7,0.36,2.0,0.576,1.178,0.489
CATO,Consumer Cyclical,Apparel Retail,1,False,❌,✅,❌,❌,❌,2.45,4.67,47.5,0.48,1.6,0.575,1.178,0.488
KULR,Technology,Electronic Components,1,False,❌,❌,❌,✅,❌,2.44,6.0,59.3,0.39,30.2,0.574,1.178,0.487
PTON,Consumer Cyclical,Leisure,1,False,❌,❌,❌,✅,❌,4.92,9.2,46.5,1.05,284.5,0.574,1.178,0.488
LEGN,Healthcare,Biotechnology,1,False,❌,❌,❌,✅,❌,19.11,37.5,49.0,0.88,300.9,0.573,1.178,0.486
YELP,Communication Services,Internet Content & Information,1,False,❌,❌,❌,✅,❌,18.03,34.49,47.7,1.31,140.2,0.573,1.178,0.486
FIS,Technology,Information Technology Services,1,False,❌,❌,❌,✅,❌,35.41,66.6,46.8,0.97,1240.7,0.572,1.178,0.486
BILI,Communication Services,Internet Content & Information,1,False,❌,❌,❌,✅,❌,14.9,36.4,59.1,0.74,254.2,0.571,1.178,0.485
CINT,Technology,Software - Infrastructure,1,False,❌,✅,❌,❌,❌,2.97,5.8,48.8,0.31,2.4,0.571,1.178,0.485
HIHO,Industrials,Metal Fabrication,1,False,❌,✅,❌,❌,❌,0.91,2.11,56.9,0.05,5.3,0.571,1.178,0.484
HOUR,Consumer Cyclical,Internet Retail,1,False,❌,✅,❌,❌,❌,1.74,3.29,47.1,0.29,0.4,0.569,1.178,0.483
NTRP,Consumer Cyclical,Travel Services,1,False,❌,✅,❌,❌,❌,1.93,5.2,62.9,0.93,1.3,0.569,1.178,0.483
SFM,Consumer Defensive,Grocery Stores,1,False,❌,❌,❌,✅,❌,62.49,114.34,45.3,1.16,798.5,0.569,1.178,0.483
TZA,その他,,1,False,❌,❌,❌,✅,❌,45.44,92.1,50.7,0.31,3201.5,0.569,1.178,0.483
FICO,Technology,Software - Application,1,False,❌,❌,❌,✅,❌,863.09,1998.01,56.8,1.33,1839.1,0.568,1.178,0.482
WBTN,Communication Services,Internet Content & Information,1,False,❌,❌,❌,✅,❌,11.04,20.01,44.8,0.77,19.7,0.568,1.178,0.482
OWL,Financial Services,Asset Management,1,False,❌,❌,❌,✅,❌,9.32,16.67,44.1,0.99,1006.5,0.567,1.178,0.481
FTEK,Industrials,Pollution & Treatment Controls,1,False,❌,✅,❌,❌,❌,1.72,3.45,50.3,0.46,2.4,0.566,1.178,0.48
ALGS,Healthcare,Biotechnology,1,False,❌,✅,❌,❌,❌,5.51,13.69,59.7,0.49,4.1,0.563,1.178,0.478
FUN,Consumer Cyclical,Leisure,1,False,❌,❌,❌,✅,❌,12.32,27.37,55.0,0.84,191.4,0.563,1.178,0.478
GOOS,Consumer Cyclical,Apparel Manufacturing,1,False,❌,❌,❌,✅,❌,7.61,14.69,48.2,0.85,32.2,0.563,1.178,0.478
LITS,Healthcare,Biotechnology,1,False,❌,✅,❌,❌,❌,1.44,2.97,51.5,5.03,2.3,0.563,1.178,0.477
PINS,Communication Services,Internet Content & Information,1,False,❌,❌,❌,✅,❌,18.9,35.42,46.6,0.96,1520.4,0.563,1.178,0.477
WB,Communication Services,Internet Content & Information,1,False,❌,❌,❌,✅,❌,6.49,12.11,46.4,0.64,42.6,0.563,1.178,0.478
GPGI,Industrials,Metal Fabrication,1,False,❌,❌,❌,✅,❌,11.61,26.76,56.6,0.68,112.2,0.561,1.178,0.476
VYX,Technology,Information Technology Services,1,False,❌,❌,❌,✅,❌,7.07,13.02,45.7,1.2,94.0,0.561,1.178,0.476
WVVI,Consumer Defensive,Beverages - Wineries & Distilleries,1,False,❌,✅,❌,❌,❌,1.94,4.0,51.5,0.38,0.1,0.561,1.178,0.476
LNSR,Healthcare,Medical Devices,1,False,❌,✅,❌,❌,❌,6.92,12.94,46.5,0.35,3.4,0.56,1.178,0.476
QSI,Healthcare,Medical Devices,1,False,❌,❌,❌,✅,❌,0.83,3.1,73.1,0.47,17.7,0.56,1.178,0.475
EVEX,Industrials,Aerospace & Defense,1,False,❌,❌,❌,✅,❌,2.17,5.16,57.9,1.07,12.8,0.559,1.178,0.475
TSSI,Technology,Information Technology Services,1,False,❌,❌,❌,✅,❌,9.87,21.77,54.7,1.29,58.9,0.559,1.178,0.474
WVE,Healthcare,Biotechnology,1,False,❌,❌,❌,✅,❌,3.78,21.73,82.6,1.01,89.7,0.556,1.178,0.472
PTLO,Consumer Cyclical,Restaurants,1,False,❌,❌,❌,✅,❌,3.49,6.83,48.8,1.04,29.7,0.553,1.178,0.469
AORT,Healthcare,Medical Devices,1,False,❌,❌,❌,✅,❌,22.63,48.25,53.1,0.77,85.9,0.551,1.178,0.468
FWRD,Industrials,Integrated Freight & Logistics,1,False,❌,❌,❌,✅,❌,14.69,31.18,52.9,0.5,61.4,0.55,1.178,0.466
MOGU,Consumer Cyclical,Internet Retail,1,False,❌,✅,❌,❌,❌,1.87,3.57,47.6,0.04,0.1,0.547,1.178,0.464
BMNR,Financial Services,Capital Markets,1,False,❌,❌,❌,✅,❌,27.56,65.58,58.0,1.03,3671.1,0.546,1.178,0.463
MSTY,その他,,1,False,❌,❌,❌,✅,❌,16.49,33.91,51.4,1.55,123.5,0.546,1.178,0.464
UCFI,Financial Services,Shell Companies,1,False,❌,✅,❌,❌,❌,5.51,11.0,49.9,0.0,0.0,0.546,1.178,0.463
WDH,Financial Services,Insurance - Diversified,1,False,❌,✅,❌,❌,❌,1.04,1.99,47.8,1.46,2.0,0.546,1.178,0.463
FINW,Financial Services,Banks - Regional,1,False,❌,✅,❌,❌,❌,11.32,20.77,45.5,2.01,2.1,0.544,1.178,0.462
AMBR,Technology,Software - Infrastructure,1,False,❌,✅,❌,❌,❌,1.86,3.74,50.3,1.17,1.7,0.541,1.178,0.459
CMTL,Technology,Communication Equipment,1,False,❌,✅,❌,❌,❌,1.39,6.21,77.6,0.52,6.1,0.541,1.178,0.459
FBGL,Industrials,Engineering & Construction,1,False,❌,✅,❌,❌,❌,0.38,1.4,72.6,15.36,2.8,0.54,1.178,0.458
HCKT,Technology,Information Technology Services,1,False,❌,❌,❌,✅,❌,10.03,19.99,49.8,0.49,17.2,0.54,1.178,0.458
TSMZ,その他,,1,False,❌,✅,❌,❌,❌,7.25,13.47,46.2,0.68,3.4,0.54,1.178,0.459
HTT,Financial Services,Credit Services,1,False,❌,✅,❌,❌,❌,2.41,5.05,52.3,0.28,2.9,0.539,1.178,0.458
HYPR,Healthcare,Medical Devices,1,False,❌,✅,❌,❌,❌,0.81,2.22,63.4,0.62,4.7,0.539,1.178,0.457
SE,Consumer Cyclical,Internet Retail,1,False,❌,❌,❌,✅,❌,99.55,193.48,48.5,0.68,2156.5,0.539,1.178,0.458
PFSI,Financial Services,Mortgage Finance,1,False,❌,❌,❌,✅,❌,65.46,158.66,58.7,1.07,213.3,0.535,1.178,0.454
RGTI,Technology,Computer Hardware,1,False,❌,❌,❌,✅,❌,16.66,58.15,71.3,0.63,2956.7,0.534,1.178,0.454
NKE,Consumer Cyclical,Footwear & Accessories,1,False,❌,❌,❌,✅,❌,35.75,74.51,52.0,1.53,5095.2,0.533,1.178,0.452
MGPI,Consumer Defensive,Beverages - Wineries & Distilleries,1,False,❌,❌,❌,✅,❌,12.82,26.12,50.9,1.86,16.7,0.532,1.178,0.452
BL,Technology,Software - Application,1,False,❌,❌,❌,✅,❌,27.99,59.57,53.0,0.71,168.2,0.53,1.178,0.45
OLED,Technology,Electronic Components,1,False,❌,❌,❌,✅,❌,77.39,150.21,48.5,0.81,310.7,0.529,1.178,0.449
GIBO,Communication Services,Internet Content & Information,1,False,❌,✅,❌,❌,❌,33.0,77.5,57.4,0.87,1.3,0.526,1.178,0.446
OCS,Healthcare,Biotechnology,1,False,❌,❌,❌,✅,❌,9.27,34.47,73.1,0.41,35.2,0.526,1.178,0.446
TGLS,Basic Materials,Building Materials,1,False,❌,❌,❌,✅,❌,35.44,67.9,47.8,0.95,56.1,0.526,1.178,0.446
CTOR,Healthcare,Drug Manufacturers - Specialty & Generic,1,False,❌,✅,❌,❌,❌,1.05,2.25,53.3,0.95,0.3,0.525,1.178,0.446
EUDA,Real Estate,Real Estate Services,1,False,❌,✅,❌,❌,❌,17.86,86.0,79.2,2.14,0.9,0.525,1.178,0.446
INAB,Healthcare,Biotechnology,1,False,❌,✅,❌,❌,❌,1.2,2.73,56.0,1.18,0.4,0.524,1.178,0.445
TCX,Technology,Software - Infrastructure,1,False,❌,✅,❌,❌,❌,9.98,25.17,60.3,0.81,4.0,0.524,1.178,0.445
COIW,その他,,1,False,❌,✅,❌,❌,❌,9.52,24.48,61.1,1.61,7.4,0.522,1.178,0.443
APRE,Healthcare,Biotechnology,1,False,❌,✅,❌,❌,❌,0.76,1.69,55.0,0.7,0.8,0.521,1.178,0.442
DKNG,Consumer Cyclical,Gambling,1,False,❌,❌,❌,✅,❌,22.02,42.8,48.6,1.55,1470.4,0.52,1.178,0.442
KLRS,Healthcare,Biotechnology,1,False,❌,✅,❌,❌,❌,2.92,11.88,75.4,0.24,4.0,0.52,1.178,0.442
WW,その他,,1,False,❌,❌,❌,✅,❌,14.35,38.38,62.6,1.28,16.6,0.52,1.178,0.442
WWR,Basic Materials,Other Industrial Metals & Mining,1,False,❌,✅,❌,❌,❌,0.53,3.75,86.0,0.24,8.3,0.52,1.178,0.441
NB,Basic Materials,Other Industrial Metals & Mining,1,False,❌,❌,❌,✅,❌,3.54,12.58,71.9,0.65,75.4,0.519,1.178,0.441
TSLR,その他,,1,False,❌,❌,❌,✅,❌,17.25,39.54,56.4,1.16,154.2,0.517,1.178,0.439
ABAT,Industrials,Waste Management,1,False,❌,❌,❌,✅,❌,2.26,11.49,80.3,0.51,69.7,0.516,1.178,0.438
DSS,Consumer Cyclical,Packaging & Containers,1,False,❌,✅,❌,❌,❌,0.71,1.86,62.0,0.03,7.6,0.516,1.178,0.438
LZ,Industrials,Specialty Business Services,1,False,❌,❌,❌,✅,❌,5.62,12.4,54.7,1.12,86.5,0.516,1.178,0.438
MCRP,Technology,Computer Hardware,1,False,❌,✅,❌,❌,❌,0.78,4.61,83.1,0.2,3.6,0.516,1.178,0.438
HUDI,Basic Materials,Steel,1,False,❌,✅,❌,❌,❌,0.73,1.67,56.5,0.01,3.5,0.515,1.178,0.438
LBRDA,Communication Services,Telecom Services,1,False,❌,❌,❌,✅,❌,35.99,70.47,48.9,0.0,36.8,0.514,1.215,0.423
REFR,Technology,Electronic Components,1,False,❌,✅,❌,❌,❌,0.79,2.7,70.7,1.43,3.5,0.514,1.178,0.436
UONEK,Communication Services,Broadcasting,1,False,❌,✅,❌,❌,❌,3.7,10.9,66.1,0.17,0.7,0.514,1.178,0.436
MSTR,Technology,Software - Application,1,False,❌,❌,❌,✅,❌,158.61,365.21,56.6,1.14,12929.8,0.513,1.178,0.436
AMSC,Industrials,Specialty Industrial Machinery,1,False,❌,❌,❌,✅,❌,30.01,70.49,57.4,0.84,172.5,0.512,1.178,0.435
ROOT,Financial Services,Insurance - Property & Casualty,1,False,❌,❌,❌,✅,❌,47.4,94.04,49.6,1.08,66.6,0.512,1.178,0.435
AFRU,その他,,1,False,❌,✅,❌,❌,❌,9.06,19.24,52.9,0.85,2.5,0.511,1.178,0.434
FOXX,Technology,Consumer Electronics,1,False,❌,❌,❌,✅,❌,2.5,7.9,68.4,0.01,24.7,0.511,1.178,0.434
ISPR,Consumer Defensive,Tobacco,1,False,❌,✅,❌,❌,❌,1.35,3.87,65.1,0.28,0.8,0.511,1.178,0.434
SCYX,Healthcare,Drug Manufacturers - Specialty & Generic,1,False,❌,✅,❌,❌,❌,4.39,9.12,51.9,0.65,2.6,0.51,1.178,0.433
TSLG,その他,,1,False,❌,❌,❌,✅,❌,4.97,11.52,56.9,1.35,1040.0,0.509,1.178,0.432
REBN,Consumer Cyclical,Restaurants,1,False,❌,✅,❌,❌,❌,1.24,2.95,58.0,1.71,0.6,0.508,1.178,0.431
TSLL,その他,,1,False,❌,❌,❌,✅,❌,9.94,23.21,57.2,0.86,4066.8,0.508,1.178,0.431
ZTS,Healthcare,Drug Manufacturers - Specialty & Generic,1,False,❌,❌,❌,✅,❌,71.05,145.99,51.3,0.61,2390.4,0.505,1.178,0.428
HIMS,Healthcare,Drug Manufacturers - Specialty & Generic,1,False,❌,❌,❌,✅,❌,29.42,65.3,54.9,0.81,2238.9,0.504,1.178,0.428
CTXR,Healthcare,Biotechnology,1,False,❌,✅,❌,❌,❌,0.58,2.19,73.6,0.31,1.6,0.503,1.178,0.427
GPK,Consumer Cyclical,Packaging & Containers,1,False,❌,❌,❌,✅,❌,9.38,18.93,50.5,1.26,293.3,0.503,1.178,0.427
INSE,Consumer Cyclical,Gambling,1,False,❌,✅,❌,❌,❌,4.57,9.95,54.1,1.82,5.0,0.501,1.178,0.425
YINN,その他,,1,False,❌,❌,❌,✅,❌,24.89,55.84,55.4,0.98,222.6,0.501,1.178,0.425
DRIO,Healthcare,Health Information Services,1,False,❌,✅,❌,❌,❌,6.63,17.74,62.6,1.37,0.7,0.5,1.178,0.424
KVYO,Technology,Software - Application,1,False,❌,❌,❌,✅,❌,15.8,33.35,52.6,1.09,492.0,0.499,1.178,0.423
BCYC,Healthcare,Biotechnology,1,False,❌,✅,❌,❌,❌,3.68,9.16,59.8,1.16,8.0,0.498,1.178,0.423
STLA,Consumer Cyclical,Auto Manufacturers,1,False,❌,❌,❌,✅,❌,4.6,12.22,62.4,1.21,578.0,0.498,1.178,0.423
KNDI,Consumer Cyclical,Recreational Vehicles,1,False,❌,✅,❌,❌,❌,0.59,1.35,56.4,0.22,2.2,0.494,1.178,0.419
MMYT,Consumer Cyclical,Travel Services,1,False,❌,❌,❌,✅,❌,46.75,96.79,51.7,1.11,221.1,0.494,1.178,0.419
TSLT,その他,,1,False,❌,❌,❌,✅,❌,13.92,33.03,57.9,0.71,202.7,0.494,1.178,0.419
GGR,Consumer Cyclical,Auto Manufacturers,1,False,❌,✅,❌,❌,❌,3.05,6.5,53.1,0.25,0.4,0.492,1.178,0.418
MYPS,Communication Services,Electronic Gaming & Multimedia,1,False,❌,✅,❌,❌,❌,0.48,1.01,52.8,0.79,1.9,0.492,1.178,0.418
FLO,Consumer Defensive,Packaged Foods,1,False,❌,❌,❌,✅,❌,5.74,12.17,52.8,1.09,271.0,0.491,1.178,0.417
TRIP,Consumer Cyclical,Travel Services,1,False,❌,❌,❌,✅,❌,8.41,17.82,52.8,1.46,212.0,0.491,1.178,0.416
ZVIA,Consumer Defensive,Beverages - Non-Alcoholic,1,False,❌,✅,❌,❌,❌,1.33,2.81,52.7,0.46,6.0,0.491,1.178,0.417
AMS,Healthcare,Medical Care Facilities,1,False,❌,✅,❌,❌,❌,1.42,3.1,54.2,0.08,0.7,0.49,1.178,0.416
FABC,Consumer Cyclical,Auto Manufacturers,1,False,❌,❌,❌,✅,❌,2.41,7.85,69.3,0.26,10.1,0.49,1.178,0.416
SNAL,Communication Services,Electronic Gaming & Multimedia,1,False,❌,❌,❌,✅,❌,2.5,10.8,76.9,0.02,26.4,0.49,1.178,0.416
LXEO,Healthcare,Biotechnology,1,False,❌,❌,❌,✅,❌,3.31,10.99,69.9,1.96,20.7,0.489,1.178,0.415
ORCL,Technology,Software - Infrastructure,1,False,❌,❌,❌,✅,❌,137.1,319.46,57.1,1.07,22559.4,0.489,1.178,0.415
ARRY,Technology,Solar,1,False,❌,❌,❌,✅,❌,4.03,12.23,67.0,1.0,188.0,0.488,1.178,0.414
BARK,Consumer Cyclical,Specialty Retail,1,False,❌,✅,❌,❌,❌,8.16,20.8,60.8,0.9,3.3,0.486,1.178,0.412
FOUR,Technology,Software - Infrastructure,1,False,❌,❌,❌,✅,❌,38.45,80.98,52.5,1.25,366.0,0.486,1.178,0.413
LPA,Real Estate,Real Estate - Development,1,False,❌,✅,❌,❌,❌,2.91,6.1,52.3,0.12,4.9,0.485,1.178,0.412
LVO,Communication Services,Internet Content & Information,1,False,❌,✅,❌,❌,❌,2.34,7.19,67.5,1.83,1.9,0.485,1.178,0.412
AEYE,Technology,Software - Application,1,False,❌,✅,❌,❌,❌,6.86,16.39,58.1,0.74,4.9,0.483,1.178,0.41
LEU,Energy,Uranium,1,False,❌,❌,❌,✅,❌,147.07,464.25,68.3,0.78,645.8,0.482,1.178,0.409
WD,Financial Services,Mortgage Finance,1,False,❌,❌,❌,✅,❌,37.98,85.09,55.4,1.32,85.0,0.482,1.178,0.409
IMTE,Technology,Electronic Components,1,False,❌,✅,❌,❌,❌,0.5,1.34,62.7,0.03,0.5,0.481,1.178,0.408
NXXT,Utilities,Utilities - Renewable,1,False,❌,❌,❌,✅,❌,0.85,2.88,70.5,0.03,42.5,0.481,1.178,0.408
CNF,Financial Services,Mortgage Finance,1,False,❌,✅,❌,❌,❌,1.97,6.49,69.6,0.65,0.2,0.48,1.178,0.408
GDTC,Healthcare,Biotechnology,1,False,❌,✅,❌,❌,❌,0.95,3.68,74.0,0.33,0.3,0.48,1.178,0.407
CDIO,Healthcare,Biotechnology,1,False,❌,✅,❌,❌,❌,1.95,7.91,75.3,0.45,0.5,0.479,1.178,0.407
ROBN,その他,,1,False,❌,❌,❌,✅,❌,36.5,118.42,69.2,0.61,147.3,0.479,1.178,0.407
BAER,Industrials,Security & Protection Services,1,False,❌,✅,❌,❌,❌,0.79,3.44,76.9,0.76,6.4,0.478,1.178,0.406
HOOG,その他,,1,False,❌,❌,❌,✅,❌,36.44,118.72,69.3,0.54,74.0,0.478,1.178,0.406
BKKT,Technology,Software - Infrastructure,1,False,❌,❌,❌,✅,❌,8.5,49.79,82.9,1.03,68.0,0.474,1.178,0.402
LI,Consumer Cyclical,Auto Manufacturers,1,False,❌,❌,❌,✅,❌,11.5,26.5,56.6,0.78,256.6,0.472,1.178,0.401
SSTI,Technology,Software - Application,1,False,❌,✅,❌,❌,❌,5.64,12.24,53.9,0.51,4.5,0.471,1.178,0.4
BFRG,Healthcare,Health Information Services,1,False,❌,✅,❌,❌,❌,0.67,2.04,67.4,18.81,9.5,0.47,1.178,0.399
PTLE,Consumer Cyclical,Specialty Retail,1,False,❌,✅,❌,❌,❌,7.15,36.0,80.1,0.11,1.2,0.47,1.178,0.399
AAME,Financial Services,Insurance - Life,1,False,❌,✅,❌,❌,❌,1.36,3.24,58.0,0.41,0.3,0.469,1.178,0.398
FTLF,Consumer Defensive,Packaged Foods,1,False,❌,✅,❌,❌,❌,9.26,20.98,55.9,0.41,1.2,0.466,1.178,0.395
APP,Communication Services,Advertising Agencies,1,False,❌,❌,❌,✅,❌,310.75,745.61,58.3,0.86,11172.6,0.464,1.178,0.394
LFMD,Healthcare,Health Information Services,1,False,❌,❌,❌,✅,❌,2.97,7.32,59.4,0.81,17.3,0.462,1.178,0.392
CHWY,Consumer Cyclical,Internet Retail,1,False,❌,❌,❌,✅,❌,18.27,40.55,54.9,1.31,926.7,0.461,1.178,0.391
SQQQ,その他,,1,False,❌,❌,❌,✅,❌,33.75,88.04,61.7,0.95,10778.3,0.461,1.178,0.392
YHGJ,Consumer Cyclical,Packaging & Containers,1,False,❌,✅,❌,❌,❌,2.44,10.29,76.3,1.34,0.1,0.46,1.178,0.391
PALD,その他,,1,False,❌,✅,❌,❌,❌,9.84,30.48,67.7,1.37,4.4,0.458,1.178,0.388
SRAD,Technology,Software - Application,1,False,❌,❌,❌,✅,❌,13.24,29.41,55.0,1.23,167.0,0.457,1.178,0.388
TIGR,Financial Services,Capital Markets,1,False,❌,❌,❌,✅,❌,4.64,11.35,59.1,0.46,83.8,0.457,1.178,0.388
PMCB,Healthcare,Biotechnology,1,False,❌,✅,❌,❌,❌,0.44,1.51,70.8,1.08,0.6,0.455,1.178,0.386
PHIO,Healthcare,Biotechnology,1,False,❌,✅,❌,❌,❌,1.01,4.19,75.9,0.31,2.3,0.453,1.178,0.384
CTEV,Healthcare,Health Information Services,1,False,❌,❌,❌,✅,❌,23.2,73.68,68.5,1.25,19.9,0.451,1.178,0.383
PSIX,Industrials,Specialty Industrial Machinery,1,False,❌,❌,❌,✅,❌,46.65,111.05,58.0,0.66,112.1,0.45,1.178,0.382
MNY,Communication Services,Internet Content & Information,1,False,❌,✅,❌,❌,❌,0.67,1.6,57.9,1.38,0.2,0.449,1.178,0.381
EVO,Healthcare,Drug Manufacturers - Specialty & Generic,1,False,❌,✅,❌,❌,❌,1.56,4.27,63.5,2.55,0.7,0.448,1.178,0.381
BSX,Healthcare,Medical Devices,1,False,❌,❌,❌,✅,❌,43.92,105.65,58.4,0.97,4711.1,0.447,1.178,0.38
ACCS,Communication Services,Advertising Agencies,1,False,❌,✅,❌,❌,❌,4.79,11.34,57.8,0.24,0.6,0.446,1.178,0.378
NRDY,Technology,Software - Application,1,False,❌,✅,❌,❌,❌,8.67,22.35,61.2,0.31,2.3,0.445,1.178,0.377
QUBT,Technology,Computer Hardware,1,False,❌,❌,❌,✅,❌,8.96,25.84,65.3,0.67,709.5,0.445,1.178,0.378
SLNH,Financial Services,Capital Markets,1,False,❌,❌,❌,✅,❌,1.22,5.14,76.3,0.47,107.0,0.444,1.178,0.377
XPEV,Consumer Cyclical,Auto Manufacturers,1,False,❌,❌,❌,✅,❌,10.12,28.24,64.2,0.92,457.2,0.444,1.178,0.377
BYSI,Healthcare,Biotechnology,1,False,❌,✅,❌,❌,❌,0.78,2.44,68.1,0.04,1.9,0.442,1.178,0.375
HTOO,Utilities,Utilities - Renewable,1,False,❌,✅,❌,❌,❌,2.04,5.42,62.4,1.38,0.5,0.442,1.178,0.375
STXS,Healthcare,Medical Instruments & Supplies,1,False,❌,✅,❌,❌,❌,1.3,3.59,63.8,0.62,5.1,0.442,1.178,0.375
DUOL,Technology,Software - Application,1,False,❌,❌,❌,✅,❌,143.51,353.0,59.3,0.8,802.1,0.44,1.178,0.373
INLX,Technology,Software - Application,1,False,❌,✅,❌,❌,❌,5.15,11.75,56.2,0.22,0.1,0.439,1.178,0.373
OSG,Financial Services,Insurance - Specialty,1,False,❌,❌,❌,✅,❌,4.19,10.38,59.6,0.98,12.7,0.439,1.178,0.373
EP,Energy,Oil & Gas E&P,1,False,❌,✅,❌,❌,❌,2.11,4.85,56.5,0.4,1.0,0.438,1.178,0.372
NVD,その他,,1,False,❌,❌,❌,✅,❌,3.73,8.69,57.1,1.07,1573.6,0.438,1.178,0.372
IH,Consumer Defensive,Education & Training Services,1,False,❌,✅,❌,❌,❌,1.15,2.92,60.6,1.18,0.1,0.437,1.178,0.371
TCRT,Healthcare,Biotechnology,1,False,❌,✅,❌,❌,❌,1.09,4.59,76.3,0.59,3.1,0.436,1.178,0.37
JKS,Technology,Solar,1,False,❌,❌,❌,✅,❌,9.67,29.42,67.1,1.01,60.4,0.435,1.178,0.369
ORKT,Technology,Software - Application,1,False,❌,✅,❌,❌,❌,1.01,2.76,63.4,0.68,0.9,0.435,1.178,0.37
LAC,Basic Materials,Other Industrial Metals & Mining,1,False,❌,❌,❌,✅,❌,2.75,10.52,73.9,0.95,181.4,0.434,1.178,0.369
DFH,Consumer Cyclical,Residential Construction,1,False,❌,❌,❌,✅,❌,11.3,27.19,58.4,1.65,52.7,0.432,1.178,0.367
NNE,Industrials,Specialty Industrial Machinery,1,False,❌,❌,❌,✅,❌,16.99,60.87,72.1,0.85,236.5,0.432,1.178,0.367
COUR,Consumer Defensive,Education & Training Services,1,False,❌,❌,❌,✅,❌,5.05,12.32,59.0,1.19,174.3,0.431,1.178,0.366
CPNG,Consumer Cyclical,Internet Retail,1,False,❌,❌,❌,✅,❌,13.88,32.96,57.9,0.62,1591.1,0.431,1.178,0.366
PHR,Healthcare,Health Information Services,1,False,❌,❌,❌,✅,❌,10.15,24.25,58.1,0.73,52.1,0.43,1.178,0.365
EDHL,Communication Services,Advertising Agencies,1,False,❌,❌,❌,✅,❌,5.0,21.6,76.9,0.15,52.8,0.428,1.178,0.363
CNTY,Consumer Cyclical,Resorts & Casinos,1,False,❌,✅,❌,❌,❌,1.1,2.73,59.7,0.44,0.4,0.426,1.178,0.362
EBON,Technology,Computer Hardware,1,False,❌,✅,❌,❌,❌,2.06,5.9,65.1,1.25,0.1,0.426,1.178,0.361
UPWK,Communication Services,Internet Content & Information,1,False,❌,❌,❌,✅,❌,8.15,22.84,64.3,0.77,143.9,0.426,1.178,0.361
DTSS,Technology,Software - Infrastructure,1,False,❌,✅,❌,❌,❌,0.88,2.29,61.6,0.2,9.6,0.425,1.178,0.361
LIVE,Consumer Cyclical,Home Improvement Retail,1,False,❌,✅,❌,❌,❌,7.85,22.7,65.4,0.32,0.5,0.425,1.178,0.361
BMBL,Communication Services,Internet Content & Information,1,False,❌,❌,❌,✅,❌,2.66,6.34,58.0,0.6,41.3,0.424,1.178,0.36
HYPD,Healthcare,Biotechnology,1,False,❌,✅,❌,❌,❌,4.04,11.89,66.0,1.13,8.4,0.422,1.178,0.358
JBI,Industrials,Building Products & Equipment,1,False,❌,❌,❌,✅,❌,4.21,10.32,59.2,1.45,44.7,0.42,1.178,0.357
WHR,Consumer Cyclical,"Furnishings, Fixtures & Appliances",1,False,❌,❌,❌,✅,❌,31.71,93.59,66.1,1.02,495.1,0.42,1.178,0.357
SORA,Consumer Cyclical,Luxury Goods,1,False,❌,✅,❌,❌,❌,2.0,6.99,71.4,0.04,0.8,0.419,1.178,0.356
XBP,Technology,Software - Infrastructure,1,False,❌,✅,❌,❌,❌,3.33,8.62,61.4,0.72,0.3,0.419,1.178,0.356
RZLT,Healthcare,Biotechnology,1,False,❌,❌,❌,✅,❌,3.9,11.46,66.0,1.18,36.3,0.418,1.178,0.354
VIOT,Consumer Cyclical,"Furnishings, Fixtures & Appliances",1,False,❌,✅,❌,❌,❌,1.35,3.39,60.2,0.16,5.1,0.417,1.178,0.354
BBAI,Technology,Information Technology Services,1,False,❌,❌,❌,✅,❌,2.8,9.39,70.2,0.48,499.3,0.416,1.178,0.353
WIX,Technology,Software - Infrastructure,1,False,❌,❌,❌,✅,❌,73.79,181.11,59.3,0.8,506.8,0.416,1.178,0.353
UPST,Financial Services,Credit Services,1,False,❌,❌,❌,✅,❌,23.81,57.95,58.9,1.19,630.1,0.415,1.178,0.352
SINT,Healthcare,Medical Devices,1,False,❌,✅,❌,❌,❌,1.88,4.66,59.7,0.56,0.7,0.414,1.178,0.352
INTZ,Technology,Software - Infrastructure,1,False,❌,✅,❌,❌,❌,0.71,2.27,68.7,0.09,5.3,0.413,1.178,0.351
RGC,Healthcare,Drug Manufacturers - Specialty & Generic,1,False,❌,✅,❌,❌,❌,6.17,69.0,91.1,0.43,9.4,0.409,1.178,0.347
ADXN,Healthcare,Biotechnology,1,False,❌,✅,❌,❌,❌,3.65,11.97,69.5,0.11,2.1,0.408,1.178,0.347
BTMD,Healthcare,Medical Care Facilities,1,False,❌,✅,❌,❌,❌,1.22,3.26,62.6,0.46,2.5,0.408,1.178,0.346
DOMH,Financial Services,Capital Markets,1,False,❌,✅,❌,❌,❌,2.34,6.32,63.0,2.43,2.7,0.407,1.178,0.346
TNXP,Healthcare,Biotechnology,1,False,❌,❌,❌,✅,❌,9.86,25.52,61.4,1.24,29.4,0.407,1.178,0.346
DQ,Technology,Semiconductor Equipment & Materials,1,False,❌,❌,❌,✅,❌,11.47,36.59,68.7,0.61,62.9,0.405,1.178,0.344
MNDY,Technology,Software - Application,1,False,❌,❌,❌,✅,❌,83.66,210.49,60.3,0.54,625.4,0.405,1.178,0.344
RR,Industrials,Specialty Industrial Machinery,1,False,❌,❌,❌,✅,❌,1.7,7.43,77.1,0.51,89.6,0.405,1.178,0.344
WING,Consumer Cyclical,Restaurants,1,False,❌,❌,❌,✅,❌,99.07,300.78,67.1,1.05,798.7,0.404,1.178,0.343
EVH,Healthcare,Health Information Services,1,False,❌,❌,❌,✅,❌,3.61,8.98,59.8,0.6,60.2,0.403,1.178,0.342
EXOZ,Healthcare,Biotechnology,1,False,❌,✅,❌,❌,❌,6.24,18.4,66.1,1.24,0.3,0.403,1.178,0.342
INTU,Technology,Software - Application,1,False,❌,❌,❌,✅,❌,275.79,696.14,60.4,0.81,7237.5,0.399,1.178,0.339
NBP,Healthcare,Biotechnology,1,False,❌,✅,❌,❌,❌,1.38,6.79,79.7,3.28,4.7,0.397,1.178,0.337
HIND,Healthcare,Biotechnology,1,False,❌,✅,❌,❌,❌,2.04,6.56,68.9,1.11,0.2,0.395,1.178,0.335
FIG,Technology,Software - Application,1,False,❌,❌,❌,✅,❌,20.85,71.48,70.8,0.61,2218.7,0.394,1.178,0.335
KD,Technology,Information Technology Services,1,False,❌,❌,❌,✅,❌,11.6,30.99,62.6,0.87,243.1,0.394,1.178,0.334
JOBY,Industrials,Airports & Air Services,1,False,❌,❌,❌,✅,❌,6.32,19.98,68.4,0.65,1394.0,0.392,1.178,0.333
NUS,Consumer Defensive,Household & Personal Products,1,False,❌,❌,❌,✅,❌,4.63,12.07,61.6,0.71,16.3,0.392,1.178,0.333
PCT,Industrials,Pollution & Treatment Controls,1,False,❌,❌,❌,✅,❌,5.02,15.49,67.6,1.18,197.4,0.389,1.178,0.33
SMPL,Consumer Defensive,Packaged Foods,1,False,❌,❌,❌,✅,❌,9.6,25.66,62.6,0.75,126.8,0.389,1.178,0.33
IQ,Communication Services,Entertainment,1,False,❌,❌,❌,✅,❌,1.02,2.7,62.2,0.83,38.1,0.388,1.178,0.329
OSRH,Healthcare,Biotechnology,1,False,❌,✅,❌,❌,❌,0.22,0.91,75.2,0.03,9.6,0.388,1.178,0.329
QS,Consumer Cyclical,Auto Parts,1,False,❌,❌,❌,✅,❌,4.91,19.07,74.3,0.54,684.9,0.388,1.178,0.329
SPWH,Consumer Cyclical,Specialty Retail,1,False,❌,✅,❌,❌,❌,1.18,3.35,64.8,0.72,2.8,0.388,1.178,0.329
HUIZ,Financial Services,Insurance Brokers,1,False,❌,✅,❌,❌,❌,1.32,4.16,68.3,0.03,9.9,0.387,1.178,0.329
QDEL,Healthcare,Medical Devices,1,False,❌,❌,❌,✅,❌,10.94,35.58,69.3,0.76,107.0,0.386,1.178,0.328
AIMD,Technology,Scientific & Technical Instruments,1,False,❌,✅,❌,❌,❌,1.34,4.44,69.8,3.68,3.4,0.385,1.178,0.327
AARD,Healthcare,Biotechnology,1,False,❌,✅,❌,❌,❌,5.06,17.94,71.8,0.41,6.3,0.382,1.178,0.325
SST,Industrials,Specialty Business Services,1,False,❌,✅,❌,❌,❌,2.82,9.3,69.7,0.85,7.1,0.382,1.178,0.324
BLNK,Industrials,Engineering & Construction,1,False,❌,✅,❌,❌,❌,0.58,2.65,78.1,0.51,5.4,0.381,1.178,0.324
SERV,Industrials,Specialty Industrial Machinery,1,False,❌,❌,❌,✅,❌,4.45,18.64,76.1,0.6,132.9,0.381,1.178,0.323
CNTX,Healthcare,Biotechnology,1,False,❌,✅,❌,❌,❌,0.35,3.62,90.5,0.44,7.2,0.38,1.178,0.322
SOUN,Technology,Software - Application,1,False,❌,❌,❌,✅,❌,6.05,22.17,72.7,0.51,936.3,0.38,1.178,0.322
ZG,Communication Services,Internet Content & Information,1,False,❌,❌,❌,✅,❌,29.3,78.74,62.8,0.96,196.6,0.38,1.178,0.322
POLA,Industrials,Electrical Equipment & Parts,1,False,❌,✅,❌,❌,❌,1.31,5.75,77.2,0.12,5.6,0.378,1.178,0.32
EMPD,Consumer Cyclical,Auto Manufacturers,1,False,❌,✅,❌,❌,❌,2.89,8.11,64.4,0.41,6.0,0.376,1.178,0.319
TTEC,Technology,Information Technology Services,1,False,❌,✅,❌,❌,❌,1.23,3.99,69.2,0.57,5.0,0.374,1.178,0.317
VGAS,Utilities,Utilities - Renewable,1,False,❌,✅,❌,❌,❌,1.16,3.36,65.5,0.15,0.8,0.374,1.178,0.318
DARE,Healthcare,Biotechnology,1,False,❌,✅,❌,❌,❌,0.78,3.78,79.5,0.56,2.7,0.371,1.178,0.315
DXLG,Consumer Cyclical,Apparel Retail,1,False,❌,✅,❌,❌,❌,0.5,1.58,68.4,1.22,0.3,0.37,1.178,0.314
FTCI,Technology,Solar,1,False,❌,✅,❌,❌,❌,2.66,12.75,79.1,2.07,3.3,0.369,1.178,0.313
TNYA,Healthcare,Biotechnology,1,False,❌,❌,❌,✅,❌,0.61,2.35,74.1,1.15,10.2,0.367,1.178,0.312
EVGN,Healthcare,Biotechnology,1,False,❌,✅,❌,❌,❌,0.42,1.5,72.3,0.1,3.2,0.365,1.178,0.31
TME,Communication Services,Internet Content & Information,1,False,❌,❌,❌,✅,❌,8.39,23.61,64.5,0.95,413.8,0.365,1.178,0.309
ATYR,Healthcare,Biotechnology,1,False,❌,✅,❌,❌,❌,0.31,1.12,72.8,8.61,6.9,0.363,1.178,0.308
PULM,Healthcare,Biotechnology,1,False,❌,✅,❌,❌,❌,1.61,5.5,70.7,2.02,0.3,0.363,1.178,0.308
NCTY,Financial Services,Capital Markets,1,False,❌,✅,❌,❌,❌,3.65,11.6,68.5,0.84,3.4,0.361,1.178,0.307
FISV,その他,,1,False,❌,❌,❌,✅,❌,46.48,130.64,64.4,0.99,1914.6,0.359,1.178,0.305
TLRY,Healthcare,Drug Manufacturers - Specialty & Generic,1,False,❌,❌,❌,✅,❌,4.13,23.2,82.2,0.83,84.2,0.359,1.178,0.305
ABVC,Healthcare,Biotechnology,1,False,❌,✅,❌,❌,❌,1.13,3.4,66.8,0.85,0.8,0.358,1.178,0.304
Z,Communication Services,Internet Content & Information,1,False,❌,❌,❌,✅,❌,28.43,81.56,65.1,1.26,668.6,0.358,1.178,0.304
PAR,Technology,Software - Application,1,False,❌,❌,❌,✅,❌,14.06,40.54,65.3,0.98,87.5,0.353,1.178,0.299
LGVN,Healthcare,Biotechnology,1,False,❌,✅,❌,❌,❌,2.81,12.3,77.2,2.04,1.7,0.352,1.178,0.299
ADCT,Healthcare,Biotechnology,1,False,❌,❌,❌,✅,❌,1.27,4.98,74.5,0.97,10.7,0.348,1.178,0.295
RENT,Consumer Cyclical,Apparel Retail,1,False,❌,✅,❌,❌,❌,1.67,10.13,83.5,1.71,1.6,0.348,1.178,0.295
PCSA,Healthcare,Biotechnology,1,False,❌,✅,❌,❌,❌,1.84,14.25,87.1,0.13,1.9,0.346,1.178,0.293
AISP,Technology,Software - Infrastructure,1,False,❌,✅,❌,❌,❌,1.82,7.2,74.7,0.47,5.5,0.345,1.178,0.293
AEI,Real Estate,Real Estate - Development,1,False,❌,✅,❌,❌,❌,0.78,3.98,80.3,0.76,0.2,0.344,1.178,0.292
EDZ,その他,,1,False,❌,❌,❌,✅,❌,13.74,41.83,67.2,1.33,18.7,0.344,1.178,0.292
FEMY,Healthcare,Medical Instruments & Supplies,1,False,❌,✅,❌,❌,❌,2.48,22.2,88.8,0.12,7.7,0.344,1.178,0.292
OKLO,Utilities,Utilities - Independent Power Producers,1,False,❌,❌,❌,✅,❌,38.04,193.84,80.4,0.78,2634.0,0.344,1.178,0.292
LU,Financial Services,Credit Services,1,False,❌,✅,❌,❌,❌,1.23,4.57,73.1,2.11,7.5,0.343,1.178,0.291
AIXC,Technology,Software - Infrastructure,1,False,❌,✅,❌,❌,❌,1.73,6.16,71.9,0.81,5.2,0.342,1.178,0.29
AGNT,Real Estate,Real Estate Services,1,False,❌,❌,❌,✅,❌,3.63,11.88,69.4,1.36,31.8,0.339,1.178,0.288
RPID,Healthcare,Medical Devices,1,False,❌,✅,❌,❌,❌,1.11,4.94,77.5,1.6,1.8,0.339,1.178,0.288
FVRR,Communication Services,Internet Content & Information,1,False,❌,❌,❌,✅,❌,8.55,25.74,66.8,0.86,36.1,0.338,1.178,0.287
BTCS,Financial Services,Capital Markets,1,False,❌,✅,❌,❌,❌,1.53,6.15,75.1,1.58,8.8,0.337,1.178,0.286
SKIN,Consumer Defensive,Household & Personal Products,1,False,❌,✅,❌,❌,❌,0.66,2.03,67.3,0.15,7.3,0.337,1.178,0.286
ACXP,Healthcare,Biotechnology,1,False,❌,✅,❌,❌,❌,1.36,8.34,83.7,1.22,0.9,0.336,1.178,0.285
CSGP,Real Estate,Real Estate Services,1,False,❌,❌,❌,✅,❌,28.09,85.24,67.0,0.86,1109.5,0.334,1.178,0.284
CWH,Consumer Cyclical,Auto & Truck Dealerships,1,False,❌,❌,❌,✅,❌,5.39,16.94,68.2,1.03,69.4,0.331,1.178,0.281
AMST,Technology,Software - Application,1,False,❌,❌,❌,✅,❌,1.04,3.9,73.3,0.19,20.2,0.33,1.178,0.28
SCNX,Healthcare,Pharmaceutical Retailers,1,False,❌,✅,❌,❌,❌,0.28,2.6,89.3,1.92,3.8,0.328,1.178,0.278
MAMO,Consumer Cyclical,Recreational Vehicles,1,False,❌,✅,❌,❌,❌,0.94,5.59,83.2,0.62,0.9,0.327,1.178,0.277
COSM,Healthcare,Medical Distribution,1,False,❌,✅,❌,❌,❌,0.35,1.32,73.4,0.83,8.6,0.326,1.178,0.276
GRAN,Financial Services,Capital Markets,1,False,❌,✅,❌,❌,❌,1.11,5.91,81.2,0.01,2.2,0.326,1.178,0.276
UVXY,その他,,1,False,❌,❌,❌,✅,❌,16.85,70.6,76.1,1.05,917.3,0.326,1.178,0.277
ANGI,Communication Services,Internet Content & Information,1,False,❌,❌,❌,✅,❌,5.42,16.97,68.1,0.91,24.9,0.324,1.178,0.275
GTM,Technology,Software - Application,1,False,❌,❌,❌,✅,❌,3.75,12.31,69.5,0.47,158.2,0.324,1.178,0.275
HAIN,Consumer Defensive,Packaged Foods,1,False,❌,✅,❌,❌,❌,0.5,1.69,70.6,0.72,4.1,0.323,1.178,0.274
AVD,Basic Materials,Agricultural Inputs,1,False,❌,✅,❌,❌,❌,1.87,5.92,68.4,1.14,4.0,0.322,1.178,0.273
NYXH,Healthcare,Medical Instruments & Supplies,1,False,❌,✅,❌,❌,❌,1.45,6.88,78.9,0.56,2.6,0.322,1.178,0.273
SNGX,Healthcare,Biotechnology,1,False,❌,❌,❌,✅,❌,0.38,1.97,80.5,0.07,18.7,0.32,1.178,0.272
XCUR,Healthcare,Biotechnology,1,False,❌,✅,❌,❌,❌,1.22,9.48,87.1,0.06,2.2,0.32,1.178,0.272
LTBR,Industrials,Electrical Equipment & Parts,1,False,❌,❌,❌,✅,❌,6.85,31.34,78.1,0.69,36.9,0.319,1.178,0.271
NCNA,Healthcare,Biotechnology,1,False,❌,✅,❌,❌,❌,1.28,7.22,82.3,0.45,0.4,0.319,1.178,0.271
NOWL,その他,,1,False,❌,❌,❌,✅,❌,7.25,23.7,69.4,0.31,447.8,0.317,1.178,0.269
KBAB,その他,,1,False,❌,✅,❌,❌,❌,6.6,26.16,74.8,2.2,0.8,0.315,1.178,0.267
SNOA,Healthcare,Drug Manufacturers - Specialty & Generic,1,False,❌,✅,❌,❌,❌,1.27,4.6,72.4,0.29,0.8,0.314,1.178,0.267
EOSE,Industrials,Electrical Equipment & Parts,1,False,❌,❌,❌,✅,❌,3.16,19.86,84.1,1.3,677.7,0.313,1.178,0.265
NAGE,Healthcare,Biotechnology,1,False,❌,❌,❌,✅,❌,3.05,10.06,69.7,0.65,11.2,0.312,1.178,0.265
UPB,Healthcare,Biotechnology,1,False,❌,❌,❌,✅,❌,5.36,33.68,84.1,0.78,20.0,0.311,1.178,0.264
BUR,Financial Services,Asset Management,1,False,❌,❌,❌,✅,❌,3.64,12.18,70.1,1.08,43.8,0.306,1.178,0.259
TRAW,Healthcare,Biotechnology,1,False,❌,✅,❌,❌,❌,0.56,3.27,82.8,6.82,5.1,0.304,1.178,0.258
EVGO,Consumer Cyclical,Specialty Retail,1,False,❌,❌,❌,✅,❌,1.38,5.18,73.4,0.87,32.4,0.302,1.178,0.256
PAVM,Healthcare,Medical Devices,1,False,❌,✅,❌,❌,❌,3.85,28.44,86.5,0.71,0.6,0.302,1.178,0.256
SAGT,Technology,Software - Application,1,False,❌,✅,❌,❌,❌,0.61,3.39,82.0,0.08,6.7,0.301,1.178,0.255
CURX,Healthcare,Biotechnology,1,False,❌,✅,❌,❌,❌,4.74,16.94,72.0,2.07,0.3,0.3,1.178,0.255
FTHM,Real Estate,Real Estate Services,1,False,❌,✅,❌,❌,❌,0.58,1.99,70.7,6.14,7.4,0.299,1.178,0.254
MBAI,Healthcare,Diagnostics & Research,1,False,❌,✅,❌,❌,❌,4.59,27.44,83.3,1.39,0.8,0.297,1.178,0.252
NEUP,Healthcare,Biotechnology,1,False,❌,✅,❌,❌,❌,3.65,21.4,82.9,0.07,2.6,0.297,1.178,0.252
BLND,Technology,Software - Application,1,False,❌,❌,❌,✅,❌,1.11,3.86,71.2,0.75,21.9,0.295,1.178,0.251
BRCB,Consumer Cyclical,Restaurants,1,False,❌,❌,❌,✅,❌,7.19,26.48,72.8,0.47,19.5,0.295,1.178,0.25
LOOP,Basic Materials,Specialty Chemicals,1,False,❌,✅,❌,❌,❌,0.46,1.99,76.8,0.1,3.3,0.292,1.178,0.248
KPLT,Technology,Software - Infrastructure,1,False,❌,✅,❌,❌,❌,5.04,17.44,71.1,5.76,3.1,0.291,1.178,0.247
RADX,Healthcare,Biotechnology,1,False,❌,✅,❌,❌,❌,1.65,16.25,89.8,0.66,1.0,0.287,1.178,0.244
METCB,Basic Materials,Coking Coal,1,False,❌,✅,❌,❌,❌,4.5,21.59,79.2,1.11,2.6,0.286,1.178,0.243
EXOD,Technology,Software - Infrastructure,1,False,❌,✅,❌,❌,❌,7.92,32.21,75.4,1.01,2.6,0.278,1.178,0.236
ASPI,Basic Materials,Chemicals,1,False,❌,❌,❌,✅,❌,2.92,14.49,79.8,0.74,113.6,0.277,1.178,0.235
AVXL,Healthcare,Biotechnology,1,False,❌,❌,❌,✅,❌,2.38,10.38,77.1,0.72,14.0,0.275,1.178,0.233
LTRN,Healthcare,Biotechnology,1,False,❌,✅,❌,❌,❌,1.22,4.7,74.1,2.07,2.8,0.274,1.178,0.232
IMNN,Healthcare,Biotechnology,1,False,❌,✅,❌,❌,❌,1.41,5.55,74.6,1.63,0.9,0.272,1.178,0.231
IMSR,Utilities,Utilities - Regulated Electric,1,False,❌,❌,❌,✅,❌,4.3,31.5,86.3,0.55,66.6,0.272,1.178,0.231
SCLX,Healthcare,Drug Manufacturers - General,1,False,❌,✅,❌,❌,❌,4.89,18.58,73.7,0.22,3.7,0.269,1.178,0.228
TECS,その他,,1,False,❌,❌,❌,✅,❌,51.4,236.16,78.2,0.72,227.6,0.266,1.178,0.226
TEAD,Communication Services,Internet Content & Information,1,False,❌,✅,❌,❌,❌,0.44,1.82,75.7,0.71,1.1,0.262,1.178,0.223
LNZA,Industrials,Waste Management,1,False,❌,✅,❌,❌,❌,6.03,44.0,86.3,0.45,3.8,0.256,1.178,0.218
NVNO,Healthcare,Medical Devices,1,False,❌,✅,❌,❌,❌,8.67,35.17,75.4,0.49,0.9,0.256,1.178,0.217
NEON,Technology,Electronic Components,1,False,❌,✅,❌,❌,❌,0.92,3.94,76.8,0.51,0.8,0.254,1.178,0.216
BRFH,Consumer Defensive,Beverages - Non-Alcoholic,1,False,❌,✅,❌,❌,❌,0.92,3.78,75.5,2.17,0.1,0.253,1.178,0.215
AKTX,Healthcare,Biotechnology,1,False,❌,❌,❌,✅,❌,9.76,44.4,78.0,0.12,44.6,0.251,1.178,0.213
DCGO,Healthcare,Medical Care Facilities,1,False,❌,✅,❌,❌,❌,0.34,1.65,79.1,1.12,2.0,0.251,1.178,0.213
STEM,Utilities,Utilities - Renewable,1,False,❌,✅,❌,❌,❌,4.48,32.23,86.1,2.45,4.5,0.251,1.178,0.213
BIOX,Basic Materials,Agricultural Inputs,1,False,❌,✅,❌,❌,❌,0.37,2.19,82.9,1.26,0.6,0.25,1.178,0.212
EH,Industrials,Aerospace & Defense,1,False,❌,❌,❌,✅,❌,4.51,20.2,77.7,0.48,29.0,0.25,1.178,0.212
FLNA,Healthcare,Biotechnology,1,False,❌,✅,❌,❌,❌,0.75,4.98,85.0,15.49,5.5,0.25,1.178,0.212
JSPR,Healthcare,Biotechnology,1,False,❌,✅,❌,❌,❌,0.61,2.69,77.4,0.33,4.0,0.247,1.178,0.209
MRAL,その他,,1,False,❌,❌,❌,✅,❌,44.96,366.3,87.7,0.84,31.4,0.245,1.178,0.208
HRTX,Healthcare,Biotechnology,1,False,❌,✅,❌,❌,❌,0.29,1.58,81.4,1.12,6.6,0.243,1.178,0.206
NMTC,Healthcare,Medical Devices,1,False,❌,✅,❌,❌,❌,1.33,6.96,80.9,0.63,2.0,0.241,1.178,0.205
SMCL,その他,,1,False,❌,❌,❌,✅,❌,21.37,143.67,85.1,0.86,64.3,0.239,1.178,0.203
ATCH,Financial Services,Capital Markets,1,False,❌,✅,❌,❌,❌,0.19,0.82,77.1,9.69,3.4,0.238,1.178,0.202
LIQT,Industrials,Pollution & Treatment Controls,1,False,❌,✅,❌,❌,❌,0.61,3.35,81.7,0.24,1.0,0.238,1.178,0.202
DH,Healthcare,Health Information Services,1,False,❌,✅,❌,❌,❌,0.94,4.07,76.8,2.56,2.3,0.237,1.178,0.202
SNTI,Healthcare,Biotechnology,1,False,❌,✅,❌,❌,❌,0.33,2.88,88.6,6.65,1.0,0.237,1.178,0.201
AMCI,Technology,Computer Hardware,1,False,❌,✅,❌,❌,❌,3.18,15.97,80.1,1.28,3.0,0.236,1.178,0.2
VITL,Consumer Defensive,Farm Products,1,False,❌,❌,❌,✅,❌,9.95,45.15,78.0,1.06,109.3,0.235,1.178,0.2
NHTC,Consumer Cyclical,Internet Retail,1,False,❌,✅,❌,❌,❌,0.9,4.24,78.7,3.2,0.4,0.227,1.178,0.193
INVZ,Consumer Cyclical,Auto Parts,1,False,❌,✅,❌,❌,❌,0.38,2.54,84.8,1.33,8.8,0.226,1.178,0.192
CISO,Technology,Software - Infrastructure,1,False,❌,✅,❌,❌,❌,0.24,1.48,83.7,0.22,0.7,0.225,1.178,0.191
KAPA,Healthcare,Biotechnology,1,False,❌,✅,❌,❌,❌,1.72,9.59,82.1,0.7,2.4,0.223,1.178,0.19
SMR,Industrials,Specialty Industrial Machinery,1,False,❌,❌,❌,✅,❌,8.42,57.42,85.3,1.03,1583.4,0.222,1.178,0.188
MSC,Consumer Cyclical,Resorts & Casinos,1,False,❌,✅,❌,❌,❌,0.88,4.91,82.1,9.86,0.3,0.221,1.178,0.188
DRMA,Healthcare,Biotechnology,1,False,❌,✅,❌,❌,❌,1.14,5.87,80.6,0.07,3.5,0.22,1.178,0.186
NVX,Industrials,Electrical Equipment & Parts,1,False,❌,✅,❌,❌,❌,2.68,38.6,93.1,1.18,0.7,0.22,1.178,0.186
PLUR,Healthcare,Biotechnology,1,False,❌,✅,❌,❌,❌,1.01,4.87,79.3,0.6,0.2,0.217,1.178,0.184
HSDT,Financial Services,Asset Management,1,False,❌,✅,❌,❌,❌,2.94,20.5,85.7,2.53,3.5,0.216,1.178,0.184
BEAT,Healthcare,Health Information Services,1,False,❌,✅,❌,❌,❌,0.36,4.0,91.0,0.89,2.0,0.215,1.178,0.183
GAIA,Communication Services,Entertainment,1,False,❌,✅,❌,❌,❌,1.3,6.39,79.7,0.48,1.3,0.213,1.178,0.181
OM,Healthcare,Medical Devices,1,False,❌,✅,❌,❌,❌,3.05,16.16,81.1,0.83,3.9,0.21,1.178,0.178
LEXX,Healthcare,Biotechnology,1,False,❌,✅,❌,❌,❌,3.28,21.6,84.8,1.25,1.4,0.208,1.178,0.177
BBLG,Healthcare,Biotechnology,1,False,❌,✅,❌,❌,❌,0.5,2.89,82.8,0.63,1.0,0.207,1.178,0.175
DAVA,Technology,Software - Infrastructure,1,False,❌,✅,❌,❌,❌,1.81,9.88,81.7,5.43,5.5,0.204,1.178,0.173
SLQT,Financial Services,Insurance Brokers,1,False,❌,✅,❌,❌,❌,0.4,2.22,82.0,0.85,5.4,0.197,1.178,0.167
DUO,Real Estate,Real Estate Services,1,False,❌,✅,❌,❌,❌,0.65,4.1,84.2,0.18,3.9,0.196,1.178,0.167
CONL,その他,,1,False,❌,❌,❌,✅,❌,6.31,52.4,88.0,1.18,598.4,0.195,1.178,0.166
AGIG,Utilities,Utilities - Renewable,1,False,❌,✅,❌,❌,❌,1.34,6.86,80.5,0.88,0.7,0.193,1.178,0.163
ZSTK,Financial Services,Asset Management,1,False,❌,✅,❌,❌,❌,4.07,22.95,82.3,0.3,7.3,0.193,1.178,0.164
FUBO,Communication Services,Broadcasting,1,False,❌,❌,❌,✅,❌,9.64,52.68,81.7,0.81,66.6,0.191,1.178,0.162
MREO,Healthcare,Biotechnology,1,False,❌,✅,❌,❌,❌,0.37,2.37,84.4,0.55,6.7,0.191,1.178,0.162
KG,Financial Services,Insurance - Reinsurance,1,False,❌,✅,❌,❌,❌,5.04,27.75,81.8,0.61,0.8,0.188,1.178,0.16
LASE,Industrials,Specialty Industrial Machinery,1,False,❌,❌,❌,✅,❌,0.86,5.0,82.7,0.14,129.4,0.188,1.178,0.159
MNTS,Industrials,Aerospace & Defense,1,False,❌,❌,❌,✅,❌,4.23,34.46,87.7,0.15,223.6,0.188,1.178,0.16
CRWG,その他,,1,False,❌,❌,❌,✅,❌,18.44,155.55,88.1,1.73,199.4,0.186,1.178,0.158
MCRB,Healthcare,Biotechnology,1,False,❌,✅,❌,❌,❌,3.52,29.98,88.3,0.74,2.1,0.186,1.178,0.158
TAOP,Technology,Software - Infrastructure,1,False,❌,✅,❌,❌,❌,0.56,3.4,83.5,7.08,0.6,0.185,1.178,0.157
SOS,Financial Services,Capital Markets,1,False,❌,✅,❌,❌,❌,0.36,2.35,84.7,16.87,1.4,0.184,1.178,0.156
TCRX,Healthcare,Biotechnology,1,False,❌,✅,❌,❌,❌,0.34,2.57,86.8,1.03,2.6,0.184,1.178,0.156
MYSZ,Technology,Software - Application,1,False,❌,✅,❌,❌,❌,1.72,10.24,83.2,0.36,4.7,0.181,1.178,0.153
BGMS,Healthcare,Biotechnology,1,False,❌,❌,❌,✅,❌,0.92,6.7,86.3,0.01,10.5,0.179,1.178,0.152
MVST,Consumer Cyclical,Auto Parts,1,False,❌,❌,❌,✅,❌,0.69,7.12,90.3,0.97,28.4,0.178,1.178,0.151
BMGL,Healthcare,Medical Care Facilities,1,False,❌,✅,❌,❌,❌,3.7,22.2,83.3,0.09,8.9,0.175,1.178,0.149
PSQH,Technology,Software - Application,1,False,❌,✅,❌,❌,❌,5.3,37.5,85.9,0.35,3.5,0.175,1.178,0.148
ALIT,Technology,Software - Application,1,False,❌,❌,❌,✅,❌,11.02,66.53,83.4,0.51,67.9,0.173,1.178,0.146
TPET,Energy,Oil & Gas E&P,1,False,❌,✅,❌,❌,❌,1.71,22.5,92.4,0.51,6.7,0.171,1.178,0.145
KSCP,Industrials,Security & Protection Services,1,False,❌,✅,❌,❌,❌,0.91,7.62,88.1,1.38,8.4,0.167,1.178,0.141
RNAZ,Healthcare,Biotechnology,1,False,❌,✅,❌,❌,❌,1.69,20.99,91.9,1.82,1.4,0.166,1.178,0.141
TANH,Consumer Defensive,Household & Personal Products,1,False,❌,✅,❌,❌,❌,14.38,98.0,85.3,0.36,4.1,0.164,1.178,0.139
CRCG,その他,,1,False,❌,❌,❌,✅,❌,13.91,129.8,89.3,0.97,237.2,0.163,1.178,0.138
IONL,その他,,1,False,❌,❌,❌,✅,❌,16.37,148.84,89.0,1.76,87.2,0.162,1.178,0.138
OLB,Technology,Software - Infrastructure,1,False,❌,✅,❌,❌,❌,0.2,1.8,88.7,0.59,6.0,0.16,1.178,0.136
AMDD,その他,,1,False,❌,❌,❌,✅,❌,21.82,139.49,84.4,0.61,175.8,0.156,1.178,0.133
BNKK,Financial Services,Asset Management,1,False,❌,✅,❌,❌,❌,1.53,16.87,90.9,0.39,2.2,0.156,1.178,0.132
MTVA,Healthcare,Biotechnology,1,False,❌,❌,❌,✅,❌,1.66,14.85,88.8,0.02,42.9,0.156,1.178,0.132
SNES,Basic Materials,Specialty Chemicals,1,False,❌,✅,❌,❌,❌,0.71,4.65,84.6,0.89,0.5,0.154,1.178,0.131
INBS,Healthcare,Medical Devices,1,False,❌,✅,❌,❌,❌,1.7,24.9,93.2,0.33,1.9,0.152,1.178,0.129
SILO,Healthcare,Biotechnology,1,False,❌,✅,❌,❌,❌,1.75,13.2,86.7,0.28,3.2,0.152,1.178,0.129
UCL,Communication Services,Telecom Services,1,False,❌,✅,❌,❌,❌,0.36,2.63,86.3,0.44,2.4,0.15,1.178,0.128
OIO,Financial Services,Asset Management,1,False,❌,✅,❌,❌,❌,1.65,12.96,87.3,1.31,0.9,0.149,1.178,0.126
ATOS,Healthcare,Biotechnology,1,False,❌,✅,❌,❌,❌,1.9,19.35,90.2,0.61,1.4,0.147,1.178,0.125
AUID,Technology,Software - Infrastructure,1,False,❌,✅,❌,❌,❌,0.46,3.74,87.6,0.62,1.6,0.146,1.178,0.124
JFIN,Financial Services,Credit Services,1,False,❌,✅,❌,❌,❌,1.51,11.64,87.0,0.77,1.1,0.144,1.178,0.122
AVX,Technology,Software - Infrastructure,1,False,❌,✅,❌,❌,❌,6.04,52.32,88.5,11.0,2.5,0.143,1.178,0.121
ABTS,Financial Services,Capital Markets,1,False,❌,❌,❌,✅,❌,1.18,10.85,89.1,0.01,13.2,0.141,1.178,0.119
CLGN,Healthcare,Biotechnology,1,False,❌,✅,❌,❌,❌,4.25,31.7,86.6,0.33,4.1,0.135,1.178,0.115
GWH,Industrials,Electrical Equipment & Parts,1,False,❌,✅,❌,❌,❌,0.21,13.87,98.5,2.45,2.7,0.131,1.178,0.111
CENN,Consumer Cyclical,Auto Manufacturers,1,False,❌,✅,❌,❌,❌,4.44,39.6,88.8,0.29,0.2,0.127,1.178,0.108
STEX,Financial Services,Capital Markets,1,False,❌,✅,❌,❌,❌,0.7,7.19,90.3,1.32,6.3,0.127,1.178,0.108
FLUX,Industrials,Electrical Equipment & Parts,1,False,❌,✅,❌,❌,❌,0.46,7.55,93.9,0.51,0.9,0.122,1.178,0.103
FBLG,Healthcare,Biotechnology,1,False,❌,✅,❌,❌,❌,1.39,12.4,88.8,0.58,1.3,0.121,1.178,0.103
MERC,Basic Materials,Paper & Paper Products,1,False,❌,✅,❌,❌,❌,0.32,2.96,89.2,0.24,5.1,0.117,1.178,0.1
RMSG,Technology,Software - Application,1,False,❌,❌,❌,✅,❌,0.29,3.9,92.5,0.64,23.5,0.116,1.178,0.099
VENU,Consumer Cyclical,Restaurants,1,False,❌,✅,❌,❌,❌,1.48,13.96,89.4,0.75,6.5,0.116,1.178,0.099
AIFU,Financial Services,Insurance Brokers,1,False,❌,✅,❌,❌,❌,12.02,117.4,89.8,3.22,2.6,0.114,1.178,0.097
CALC,Healthcare,Biotechnology,1,False,❌,✅,❌,❌,❌,1.75,36.0,95.1,0.32,3.7,0.114,1.178,0.096
GNLN,Consumer Defensive,Tobacco,1,False,❌,✅,❌,❌,❌,3.07,37.97,91.9,1.07,0.4,0.111,1.178,0.094
TOPS,Energy,Oil & Gas Midstream,1,False,❌,✅,❌,❌,❌,0.68,7.4,90.8,14.8,9.0,0.111,1.178,0.094
REED,Consumer Defensive,Beverages - Non-Alcoholic,1,False,❌,✅,❌,❌,❌,0.65,12.0,94.6,2.63,0.4,0.11,1.178,0.093
PASW,Consumer Cyclical,Textile Manufacturing,1,False,❌,✅,❌,❌,❌,0.13,1.32,90.4,0.06,2.7,0.109,1.178,0.093
RCT,Technology,Software - Application,1,False,❌,✅,❌,❌,❌,0.2,2.39,91.8,0.13,8.6,0.109,1.178,0.092
PRPL,Consumer Cyclical,"Furnishings, Fixtures & Appliances",1,False,❌,✅,❌,❌,❌,2.47,25.0,90.1,1.79,0.8,0.104,1.178,0.088
VNTG,その他,,1,False,❌,✅,❌,❌,❌,0.73,7.66,90.5,0.93,1.7,0.104,1.178,0.088
ACTU,Healthcare,Biotechnology,1,False,❌,✅,❌,❌,❌,0.68,8.49,92.0,0.91,2.2,0.099,1.178,0.084
ORBS,Consumer Cyclical,Packaging & Containers,1,False,❌,❌,❌,✅,❌,1.14,12.95,91.2,0.96,68.7,0.099,1.178,0.084
BYND,Consumer Defensive,Packaged Foods,1,False,❌,❌,❌,✅,❌,8.35,230.7,96.4,1.68,104.9,0.098,1.178,0.083
CANG,Financial Services,Capital Markets,1,False,❌,✅,❌,❌,❌,1.91,24.6,92.2,1.01,3.2,0.095,1.178,0.081
LENZ,Healthcare,Biotechnology,1,False,❌,❌,❌,✅,❌,3.91,50.4,92.2,0.98,23.1,0.093,1.178,0.079
TOPP,Industrials,Trucking,1,False,❌,✅,❌,❌,❌,0.14,3.49,96.0,0.28,2.3,0.092,1.178,0.078
TGL,Technology,Software - Application,1,False,❌,✅,❌,❌,❌,2.13,58.0,96.3,1.52,3.0,0.091,1.178,0.077
AGMH,Technology,Computer Hardware,1,False,❌,✅,❌,❌,❌,0.77,9.49,91.9,0.99,1.5,0.089,1.178,0.075
CABO,Communication Services,Telecom Services,1,False,❌,❌,❌,✅,❌,14.65,180.74,91.9,1.35,44.7,0.088,1.178,0.075
TPST,Healthcare,Biotechnology,1,False,❌,✅,❌,❌,❌,0.83,12.23,93.2,0.84,8.2,0.088,1.178,0.075
CSAI,Technology,Software - Infrastructure,1,False,❌,✅,❌,❌,❌,3.53,69.15,94.9,0.73,1.7,0.087,1.178,0.073
HPAI,Technology,Software - Infrastructure,1,False,❌,✅,❌,❌,❌,0.31,4.57,93.1,0.42,3.8,0.085,1.178,0.072
CVKD,Healthcare,Biotechnology,1,False,❌,✅,❌,❌,❌,1.15,14.64,92.1,0.5,2.3,0.082,1.178,0.07
HCWB,Healthcare,Biotechnology,1,False,❌,❌,❌,✅,❌,1.93,29.28,93.4,1.93,72.7,0.079,1.178,0.067
AXG,Financial Services,Capital Markets,1,False,❌,✅,❌,❌,❌,0.2,4.75,95.8,17.21,3.3,0.078,1.178,0.066
HKPD,Healthcare,Medical Distribution,1,False,❌,✅,❌,❌,❌,0.11,1.72,93.5,0.16,2.4,0.074,1.178,0.062
NXGL,Healthcare,Medical Instruments & Supplies,1,False,❌,✅,❌,❌,❌,0.17,2.89,94.0,1.44,1.1,0.072,1.178,0.062
APVO,Healthcare,Biotechnology,1,False,❌,✅,❌,❌,❌,1.89,35.64,94.7,0.43,1.1,0.07,1.178,0.059
VIVS,Healthcare,Biotechnology,1,False,❌,✅,❌,❌,❌,0.22,3.54,93.7,0.22,8.9,0.07,1.178,0.059
ANPA,Industrials,Specialty Business Services,1,False,❌,✅,❌,❌,❌,2.0,180.64,98.9,0.27,1.4,0.068,1.178,0.058
DOGZ,Consumer Cyclical,Leisure,1,False,❌,✅,❌,❌,❌,0.91,15.69,94.2,0.02,3.7,0.064,1.178,0.054
ZONE,Industrials,Pollution & Treatment Controls,1,False,❌,✅,❌,❌,❌,0.13,2.53,94.9,2.54,9.4,0.064,1.178,0.054
UFG,Industrials,Marine Shipping,1,False,❌,✅,❌,❌,❌,0.5,8.4,94.0,0.21,4.2,0.063,1.178,0.054
XAIR,Healthcare,Medical Devices,1,False,❌,✅,❌,❌,❌,2.85,55.6,94.9,1.36,2.8,0.058,1.178,0.049
RIME,Technology,Consumer Electronics,1,False,❌,✅,❌,❌,❌,0.15,4.58,96.7,4.08,1.7,0.056,1.178,0.048
RBLU,その他,,1,False,❌,✅,❌,❌,❌,5.09,102.64,95.0,1.12,9.9,0.054,1.178,0.046
TDTH,Technology,Information Technology Services,1,False,❌,✅,❌,❌,❌,1.46,30.6,95.2,0.05,9.4,0.053,1.178,0.045
SKYE,Healthcare,Biotechnology,1,False,❌,✅,❌,❌,❌,1.67,39.92,95.8,1.5,0.9,0.051,1.178,0.043
MBRX,Healthcare,Biotechnology,1,False,❌,✅,❌,❌,❌,0.6,15.75,96.2,2.83,6.3,0.049,1.178,0.042
BCAB,Healthcare,Biotechnology,1,False,❌,✅,❌,❌,❌,1.48,71.5,97.9,0.25,0.9,0.044,1.178,0.038
ARBK,Financial Services,Capital Markets,1,False,❌,✅,❌,❌,❌,2.34,205.2,98.9,2.55,0.3,0.042,1.178,0.035
FUSE,Technology,Software - Application,1,False,❌,✅,❌,❌,❌,0.58,25.0,97.7,0.07,4.1,0.041,1.178,0.035
VBIO,Healthcare,Biotechnology,1,False,❌,✅,❌,❌,❌,3.03,78.75,96.2,7.23,7.6,0.041,1.178,0.035
ENLV,Healthcare,Biotechnology,1,False,❌,✅,❌,❌,❌,0.6,27.15,97.8,3.01,2.2,0.039,1.178,0.033
AMOD,Technology,Software - Application,1,False,❌,✅,❌,❌,❌,1.65,52.0,96.8,0.58,1.3,0.038,1.178,0.032
GRI,Healthcare,Biotechnology,1,False,❌,✅,❌,❌,❌,2.05,64.12,96.8,0.5,2.6,0.038,1.178,0.032
CETX,Technology,Software - Infrastructure,1,False,❌,✅,❌,❌,❌,2.03,97.0,97.9,0.12,5.3,0.035,1.178,0.029
SDST,Industrials,Electrical Equipment & Parts,1,False,❌,✅,❌,❌,❌,0.11,7.67,98.6,3.28,8.4,0.035,1.178,0.03
AIIO,Consumer Cyclical,Auto Manufacturers,1,False,❌,❌,❌,✅,❌,1.39,55.6,97.5,0.06,103.3,0.034,1.178,0.029
ISPC,Healthcare,Diagnostics & Research,1,False,❌,✅,❌,❌,❌,1.26,53.2,97.6,2.24,4.3,0.027,1.178,0.023
CRIS,Healthcare,Biotechnology,1,False,❌,✅,❌,❌,❌,0.83,34.8,97.6,1.04,4.3,0.025,1.178,0.021
BGM,Healthcare,Drug Manufacturers - Specialty & Generic,1,False,❌,✅,❌,❌,❌,0.24,10.68,97.8,0.21,0.6,0.024,1.178,0.02
TWG,Consumer Defensive,Food Distribution,1,False,❌,✅,❌,❌,❌,0.16,26.36,99.4,10.41,3.4,0.024,1.178,0.021
GOVX,Healthcare,Biotechnology,1,False,❌,❌,❌,✅,❌,0.35,16.8,97.9,0.07,54.1,0.022,1.178,0.018
DRCT,Communication Services,Advertising Agencies,1,False,❌,✅,❌,❌,❌,1.57,113.74,98.6,0.12,1.2,0.021,1.178,0.018
GNPX,Healthcare,Biotechnology,1,False,❌,✅,❌,❌,❌,3.29,1210.0,99.7,4.23,3.2,0.017,1.178,0.014
YHC,Consumer Defensive,Beverages - Wineries & Distilleries,1,False,❌,✅,❌,❌,❌,1.3,119.0,98.9,0.83,4.4,0.016,1.178,0.014
KITT,Industrials,Aerospace & Defense,1,False,❌,✅,❌,❌,❌,2.32,175.2,98.7,11.34,3.8,0.015,1.178,0.013
FMFC,Consumer Cyclical,Footwear & Accessories,1,False,❌,✅,❌,❌,❌,0.2,15.75,98.8,0.05,8.3,0.014,1.178,0.012
DGNX,Industrials,Consulting Services,1,False,❌,✅,❌,❌,❌,1.35,318.84,99.6,0.49,10.0,0.012,1.178,0.01
FRGT,Technology,Software - Application,1,False,❌,✅,❌,❌,❌,0.35,51.25,99.3,9.14,5.2,0.011,1.178,0.01
TRNR,Consumer Cyclical,Personal Services,1,False,❌,✅,❌,❌,❌,2.41,261.1,99.1,0.68,3.7,0.01,1.178,0.009
JZ,Technology,Information Technology Services,1,False,❌,✅,❌,❌,❌,0.45,98.4,99.5,2.17,9.2,0.008,1.178,0.007
CREG,Utilities,Utilities - Renewable,1,False,❌,❌,❌,✅,❌,0.15,26.6,99.5,0.0,26.3,0.007,1.178,0.006
ONCO,Healthcare,Biotechnology,1,False,❌,✅,❌,❌,❌,1.03,209.5,99.5,10.9,8.1,0.006,1.178,0.005
FEED,Healthcare,Medical Devices,1,False,❌,✅,❌,❌,❌,0.41,89.4,99.5,0.17,3.1,0.005,1.178,0.004
ELAB,Healthcare,Biotechnology,1,False,❌,❌,❌,✅,❌,4.57,2671.2,99.8,0.11,12.3,0.004,1.178,0.003
INHD,Basic Materials,Steel,1,False,❌,❌,❌,✅,❌,3.1,1656.0,99.8,0.04,559.4,0.004,1.178,0.004
XXII,Consumer Defensive,Tobacco,1,False,❌,✅,❌,❌,❌,1.33,540.0,99.8,11.72,1.0,0.003,1.178,0.002
EZGO,Consumer Cyclical,Recreational Vehicles,1,False,❌,✅,❌,❌,❌,0.91,1098.75,99.9,1.0,7.0,0.001,1.178,0.001
IPW,Consumer Cyclical,Internet Retail,1,False,❌,✅,❌,❌,❌,1.25,2095.2,99.9,0.33,9.9,0.001,1.178,0.001
SMUP,その他,,1,False,❌,✅,❌,❌,❌,3.66,5153.15,99.9,2.86,6.8,0.001,1.178,0.001
VSTD,Consumer Cyclical,Restaurants,1,False,❌,✅,❌,❌,❌,0.0,2.05,99.9,6.66,0.1,0.001,1.175,0.001
ZNB,Communication Services,Entertainment,1,False,❌,✅,❌,❌,❌,1.35,4184.0,100.0,0.05,6.6,0.001,1.178,0.001
ADTX,Healthcare,Biotechnology,1,False,❌,✅,❌,❌,❌,0.0,21845.16,100.0,0.04,9.4,0.0,1.178,0.0
KALA,Healthcare,Biotechnology,1,False,❌,✅,❌,❌,❌,0.48,123.0,99.6,1.02,1.3,0.0,1.178,0.0
CING,Healthcare,Biotechnology,0,False,❌,❌,❌,❌,❌,4.83,11.89,59.4,0.3,7.9,1.268,1.178,1.076
ACRV,Healthcare,Biotechnology,0,False,❌,❌,❌,❌,❌,2.1,3.56,41.0,0.97,3.4,1.265,1.178,1.074
PODC,Communication Services,Internet Content & Information,0,False,❌,❌,❌,❌,❌,2.2,5.2,57.7,1.01,1.9,1.257,1.178,1.067
AIRG,Technology,Communication Equipment,0,False,❌,❌,❌,❌,❌,5.14,7.66,32.9,0.53,2.3,1.251,1.178,1.062
RMCO,Financial Services,Asset Management,0,False,❌,❌,❌,❌,❌,2.61,4.99,47.7,0.21,0.4,1.214,1.178,1.031
MRKR,Healthcare,Biotechnology,0,False,❌,❌,❌,❌,❌,1.15,2.46,53.3,0.98,0.4,1.211,1.178,1.028
IMDX,Healthcare,Diagnostics & Research,0,False,❌,❌,❌,❌,❌,3.92,8.51,53.9,1.46,6.0,1.177,1.178,0.999
CBUS,Healthcare,Biotechnology,0,False,❌,❌,❌,❌,❌,1.52,4.19,63.7,0.33,2.0,1.169,1.178,0.992
EONR,Energy,Oil & Gas E&P,0,False,❌,❌,❌,❌,❌,0.49,1.58,68.8,0.69,2.7,1.152,1.178,0.978
CTEC,その他,,0,False,❌,❌,❌,❌,❌,56.59,82.91,31.7,0.52,0.9,1.151,1.178,0.977
AKA,Consumer Cyclical,Apparel Retail,0,False,❌,❌,❌,❌,❌,11.22,16.38,31.5,0.52,0.2,1.111,1.178,0.943
DDL,Consumer Defensive,Grocery Stores,0,False,❌,❌,❌,❌,❌,2.22,3.41,34.9,0.8,4.5,1.094,1.178,0.928
AXIL,Technology,Consumer Electronics,0,False,❌,❌,❌,❌,❌,6.27,9.86,36.4,0.49,0.7,1.09,1.178,0.926
DTI,Energy,Oil & Gas Equipment & Services,0,False,❌,❌,❌,❌,❌,2.45,4.69,47.8,0.75,3.0,1.043,1.178,0.885
CNRG,その他,,0,False,❌,❌,❌,❌,❌,84.61,125.06,32.3,0.88,5.3,1.032,1.178,0.876
PZG,Basic Materials,Gold,0,False,❌,❌,❌,❌,❌,1.31,2.71,51.7,0.41,3.5,1.031,1.178,0.876
RTH,その他,,0,False,❌,❌,❌,❌,❌,253.73,275.19,7.8,0.41,6.1,1.026,1.178,0.871
EMBD,その他,,0,False,❌,❌,❌,❌,❌,22.91,23.96,4.4,1.75,2.0,1.019,1.178,0.865
NNVC,Healthcare,Biotechnology,0,False,❌,❌,❌,❌,❌,1.44,2.23,35.4,1.11,5.9,1.014,1.178,0.861
BGSF,Industrials,Staffing & Employment Services,0,False,❌,❌,❌,❌,❌,5.0,7.23,30.8,1.06,0.2,1.012,1.178,0.859
VFS,Consumer Cyclical,Auto Manufacturers,0,False,❌,❌,❌,❌,❌,3.18,5.28,39.8,1.12,6.8,1.0,1.178,0.849
GLIN,その他,,0,False,❌,❌,❌,❌,❌,44.0,47.94,8.2,0.97,1.9,0.991,1.178,0.841
MGOV,その他,,0,False,❌,❌,❌,❌,❌,19.27,20.48,5.9,0.92,2.5,0.986,1.178,0.837
SCWO,Industrials,Pollution & Treatment Controls,0,False,❌,❌,❌,❌,❌,3.01,10.9,72.4,0.72,0.7,0.971,1.178,0.824
EFOI,Consumer Cyclical,"Furnishings, Fixtures & Appliances",0,False,❌,❌,❌,❌,❌,2.72,9.84,72.4,0.99,0.4,0.958,1.178,0.813
SRTS,Healthcare,Medical Devices,0,False,❌,❌,❌,❌,❌,2.94,5.49,46.4,0.76,0.6,0.948,1.178,0.805
COCP,Healthcare,Biotechnology,0,False,❌,❌,❌,❌,❌,1.17,2.03,42.4,0.55,0.4,0.936,1.178,0.795
FBY,その他,,0,False,❌,❌,❌,❌,❌,9.87,10.95,9.9,1.74,6.9,0.933,1.178,0.792
ATHE,Healthcare,Biotechnology,0,False,❌,❌,❌,❌,❌,3.67,5.89,37.7,0.27,0.7,0.929,1.178,0.789
SWAG,Communication Services,Advertising Agencies,0,False,❌,❌,❌,❌,❌,1.56,3.5,55.4,0.19,0.4,0.929,1.178,0.788
INDO,Energy,Oil & Gas E&P,0,False,❌,❌,❌,❌,❌,2.81,8.5,66.9,0.35,5.4,0.924,1.178,0.785
UBOT,その他,,0,False,❌,❌,❌,❌,❌,21.91,31.91,31.3,1.09,2.2,0.916,1.178,0.777
WKEY,Technology,Semiconductors,0,False,❌,❌,❌,❌,❌,5.99,19.8,69.7,0.4,3.0,0.895,1.178,0.76
MLSS,Healthcare,Medical Instruments & Supplies,0,False,❌,❌,❌,❌,❌,0.41,0.6,31.6,0.39,0.3,0.893,1.178,0.758
ACIU,Healthcare,Biotechnology,0,False,❌,❌,❌,❌,❌,2.52,4.0,37.0,1.1,2.9,0.887,1.178,0.753
HKD,Technology,Software - Application,0,False,❌,❌,❌,❌,❌,1.68,5.47,69.3,0.52,1.3,0.884,1.178,0.751
TG,Industrials,Metal Fabrication,0,False,❌,❌,❌,❌,❌,7.05,10.53,33.0,1.04,6.6,0.881,1.178,0.748
XWEL,Healthcare,Diagnostics & Research,0,False,❌,❌,❌,❌,❌,0.89,2.2,59.4,0.26,0.5,0.86,1.178,0.73
FC,Consumer Defensive,Education & Training Services,0,False,❌,❌,❌,❌,❌,17.31,26.81,35.4,0.67,8.8,0.857,1.178,0.728
HURA,Healthcare,Biotechnology,0,False,❌,❌,❌,❌,❌,2.1,3.43,38.8,0.53,4.4,0.854,1.178,0.725
MWYN,Consumer Cyclical,"Furnishings, Fixtures & Appliances",0,False,❌,❌,❌,❌,❌,0.97,1.44,33.0,0.17,1.0,0.854,1.178,0.725
DAIO,Technology,Electronic Components,0,False,❌,❌,❌,❌,❌,2.85,4.49,36.5,0.22,1.1,0.843,1.178,0.716
DLPN,Communication Services,Advertising Agencies,0,False,❌,❌,❌,❌,❌,1.09,1.88,42.3,0.33,0.1,0.835,1.178,0.708
OFLX,Industrials,Specialty Industrial Machinery,0,False,❌,❌,❌,❌,❌,25.54,37.11,31.2,0.7,5.8,0.835,1.178,0.709
TSQ,Communication Services,Advertising Agencies,0,False,❌,❌,❌,❌,❌,4.98,7.49,33.5,1.04,2.0,0.835,1.178,0.709
GRO,Basic Materials,Other Industrial Metals & Mining,0,False,❌,❌,❌,❌,❌,2.36,3.99,40.9,0.68,3.0,0.834,1.178,0.708
AIRI,Industrials,Aerospace & Defense,0,False,❌,❌,❌,❌,❌,2.6,3.95,34.2,0.16,0.5,0.833,1.178,0.707
RVP,Healthcare,Medical Instruments & Supplies,0,False,❌,❌,❌,❌,❌,0.7,1.14,38.6,0.23,0.2,0.833,1.178,0.707
SYPR,Consumer Cyclical,Auto Parts,0,False,❌,❌,❌,❌,❌,1.74,4.74,63.3,0.22,0.8,0.813,1.178,0.69
RNAC,Healthcare,Biotechnology,0,False,❌,❌,❌,❌,❌,7.41,11.0,32.6,0.67,9.2,0.8,1.178,0.679
OPXS,Industrials,Aerospace & Defense,0,False,❌,❌,❌,❌,❌,10.42,17.76,41.3,1.47,2.2,0.797,1.178,0.676
WEBS,その他,,0,False,❌,❌,❌,❌,❌,13.87,32.61,57.5,0.51,5.1,0.796,1.178,0.675
INDL,その他,,0,False,❌,❌,❌,❌,❌,41.63,60.36,31.0,0.84,3.1,0.774,1.178,0.657
MDWD,Healthcare,Biotechnology,0,False,❌,❌,❌,❌,❌,13.84,20.03,30.9,0.82,6.2,0.774,1.178,0.657
LPCN,Healthcare,Biotechnology,0,False,❌,❌,❌,❌,❌,2.1,12.37,83.0,0.82,0.6,0.769,1.178,0.653
HYFT,Healthcare,Biotechnology,0,False,❌,❌,❌,❌,❌,1.38,2.99,53.8,0.93,2.2,0.767,1.178,0.651
TSLW,その他,,0,False,❌,❌,❌,❌,❌,18.22,27.12,32.8,1.05,8.9,0.767,1.178,0.651
PPSI,Industrials,Electrical Equipment & Parts,0,False,❌,❌,❌,❌,❌,3.3,6.29,47.5,0.69,2.8,0.762,1.178,0.647
MDAI,Healthcare,Medical Devices,0,False,❌,❌,❌,❌,❌,1.59,2.97,46.5,0.34,3.9,0.759,1.178,0.644
CHRS,Healthcare,Biotechnology,0,False,❌,❌,❌,❌,❌,1.13,2.62,56.8,1.87,7.9,0.753,1.178,0.639
LZM,Basic Materials,Other Industrial Metals & Mining,0,False,❌,❌,❌,❌,❌,3.99,6.4,37.7,0.57,10.0,0.747,1.178,0.634
OXBR,Financial Services,Insurance - Reinsurance,0,False,❌,❌,❌,❌,❌,1.46,2.13,31.6,0.07,0.5,0.745,1.178,0.632
SMSI,Technology,Software - Application,0,False,❌,❌,❌,❌,❌,2.71,4.65,41.7,0.1,1.6,0.742,1.178,0.63
MAIA,Healthcare,Biotechnology,0,False,❌,❌,❌,❌,❌,1.2,3.19,62.4,1.38,4.1,0.741,1.178,0.629
AIIR,Consumer Defensive,Tobacco,0,False,❌,❌,❌,❌,❌,7.62,15.3,50.2,0.06,3.0,0.734,1.178,0.623
DTST,Technology,Information Technology Services,0,False,❌,❌,❌,❌,❌,3.13,5.15,39.2,1.87,0.4,0.733,1.178,0.622
CLNN,Consumer Defensive,Packaged Foods,0,False,❌,❌,❌,❌,❌,4.3,13.5,68.1,0.96,2.8,0.731,1.178,0.621
YALA,Technology,Software - Application,0,False,❌,❌,❌,❌,❌,5.48,7.83,30.0,0.84,8.5,0.73,1.178,0.619
ULH,Industrials,Trucking,0,False,❌,❌,❌,❌,❌,16.69,25.49,34.5,1.98,4.3,0.728,1.178,0.618
EEIQ,Consumer Defensive,Education & Training Services,0,False,❌,❌,❌,❌,❌,4.82,12.7,62.0,0.27,1.4,0.722,1.178,0.613
PXLW,Technology,Semiconductors,0,False,❌,❌,❌,❌,❌,6.93,15.42,55.1,0.45,2.2,0.721,1.178,0.612
BCG,Financial Services,Asset Management,0,False,❌,❌,❌,❌,❌,1.15,3.44,66.6,0.69,0.3,0.714,1.178,0.606
BRN,Energy,Oil & Gas E&P,0,False,❌,❌,❌,❌,❌,0.94,1.4,32.8,0.17,0.3,0.713,1.178,0.605
PHUN,Technology,Software - Application,0,False,❌,❌,❌,❌,❌,1.97,3.13,37.1,0.66,1.1,0.711,1.178,0.604
IGC,Healthcare,Biotechnology,0,False,❌,❌,❌,❌,❌,0.28,0.45,37.2,0.84,0.9,0.706,1.178,0.599
AMTX,Basic Materials,Specialty Chemicals,0,False,❌,❌,❌,❌,❌,1.79,3.8,52.9,0.98,10.0,0.705,1.178,0.598
TUYA,Technology,Software - Infrastructure,0,False,❌,❌,❌,❌,❌,1.69,2.63,35.8,0.64,8.0,0.696,1.178,0.591
YTRA,Consumer Cyclical,Travel Services,0,False,❌,❌,❌,❌,❌,0.99,2.0,50.5,0.23,0.3,0.692,1.178,0.588
GRCE,Healthcare,Biotechnology,0,False,❌,❌,❌,❌,❌,2.12,5.18,59.1,0.5,2.5,0.686,1.178,0.582
XTIA,Industrials,Aerospace & Defense,0,False,❌,❌,❌,❌,❌,0.98,3.19,69.2,0.55,9.3,0.677,1.178,0.574
TTGT,Technology,Information Technology Services,0,False,❌,❌,❌,❌,❌,3.83,6.7,42.8,0.73,7.9,0.674,1.178,0.572
LAW,Technology,Software - Application,0,False,❌,❌,❌,❌,❌,4.35,9.11,52.3,0.77,5.2,0.673,1.178,0.572
SPOK,Healthcare,Health Information Services,0,False,❌,❌,❌,❌,❌,10.46,15.73,33.5,0.83,8.3,0.669,1.178,0.568
STKS,Consumer Cyclical,Restaurants,0,False,❌,❌,❌,❌,❌,1.64,3.38,51.5,0.52,0.2,0.667,1.178,0.566
SERA,Healthcare,Medical Devices,0,False,❌,❌,❌,❌,❌,2.04,3.95,48.4,0.28,0.4,0.66,1.178,0.56
ALLR,Healthcare,Biotechnology,0,False,❌,❌,❌,❌,❌,1.03,1.84,44.0,0.87,0.9,0.652,1.178,0.553
INGN,Healthcare,Medical Devices,0,False,❌,❌,❌,❌,❌,5.36,9.13,41.3,1.65,8.7,0.652,1.178,0.554
FOA,Financial Services,Credit Services,0,False,❌,❌,❌,❌,❌,14.49,29.79,51.4,1.26,5.9,0.647,1.178,0.549
EGAN,Technology,Software - Application,0,False,❌,❌,❌,❌,❌,5.83,15.95,63.4,1.28,7.8,0.646,1.178,0.549
MPAA,Consumer Cyclical,Auto Parts,0,False,❌,❌,❌,❌,❌,10.7,18.12,40.9,1.03,7.6,0.644,1.178,0.547
HDL,Consumer Cyclical,Restaurants,0,False,❌,❌,❌,❌,❌,11.74,18.79,37.5,0.58,0.1,0.643,1.178,0.545
ATRA,Healthcare,Biotechnology,0,False,❌,❌,❌,❌,❌,8.81,19.15,54.0,0.3,4.8,0.641,1.178,0.544
JRVR,Financial Services,Insurance - Specialty,0,False,❌,❌,❌,❌,❌,3.53,7.15,50.6,1.03,7.0,0.639,1.178,0.542
RNTX,Healthcare,Biotechnology,0,False,❌,❌,❌,❌,❌,0.75,2.18,65.7,0.48,2.1,0.634,1.178,0.538
ANNA,Energy,Oil & Gas E&P,0,False,❌,❌,❌,❌,❌,2.71,10.64,74.5,0.69,4.7,0.63,1.178,0.535
BON,Basic Materials,Specialty Chemicals,0,False,❌,❌,❌,❌,❌,1.2,2.34,48.6,0.95,0.1,0.626,1.178,0.531
KWY,Financial Services,Asset Management,0,False,❌,❌,❌,❌,❌,9.03,16.51,45.3,0.85,3.0,0.62,1.178,0.526
DOYU,Communication Services,Internet Content & Information,0,False,❌,❌,❌,❌,❌,4.61,7.66,39.8,1.06,0.6,0.616,1.178,0.523
ONEW,Consumer Cyclical,Specialty Retail,0,False,❌,❌,❌,❌,❌,9.91,17.35,42.9,1.03,5.7,0.615,1.178,0.522
IMA,Healthcare,Biotechnology,0,False,❌,❌,❌,❌,❌,4.72,9.1,48.1,0.68,0.4,0.612,1.178,0.52
CCLD,Healthcare,Health Information Services,0,False,❌,❌,❌,❌,❌,2.05,3.85,46.8,0.5,3.9,0.61,1.178,0.518
FSI,Basic Materials,Specialty Chemicals,0,False,❌,❌,❌,❌,❌,5.8,10.5,44.8,0.39,0.5,0.61,1.178,0.518
GNSS,Technology,Scientific & Technical Instruments,0,False,❌,❌,❌,❌,❌,1.48,2.59,42.9,0.58,0.9,0.609,1.178,0.517
LFCR,Healthcare,Drug Manufacturers - Specialty & Generic,0,False,❌,❌,❌,❌,❌,4.2,8.98,53.2,0.75,4.1,0.599,1.178,0.509
VYGR,Healthcare,Biotechnology,0,False,❌,❌,❌,❌,❌,2.68,5.55,51.7,1.12,9.5,0.593,1.178,0.503
TWAV,Financial Services,Asset Management,0,False,❌,❌,❌,❌,❌,1.57,3.21,51.1,0.17,6.3,0.59,1.178,0.501
TULP,Communication Services,Advertising Agencies,0,False,❌,❌,❌,❌,❌,3.0,5.53,45.8,1.29,0.1,0.588,1.178,0.499
FKWL,Technology,Communication Equipment,0,False,❌,❌,❌,❌,❌,2.43,5.44,55.3,0.31,0.3,0.583,1.178,0.495
ASBP,Healthcare,Biotechnology,0,False,❌,❌,❌,❌,❌,8.32,18.76,55.7,0.14,7.1,0.579,1.178,0.492
OWLT,Healthcare,Medical Devices,0,False,❌,❌,❌,❌,❌,5.04,16.94,70.2,0.91,5.6,0.579,1.178,0.492
CNDT,Technology,Information Technology Services,0,False,❌,❌,❌,❌,❌,1.64,2.85,42.5,0.82,9.0,0.577,1.178,0.49
BGDE,Financial Services,Capital Markets,0,False,❌,❌,❌,❌,❌,5.76,40.0,85.6,1.03,3.4,0.576,1.178,0.489
ICU,Healthcare,Biotechnology,0,False,❌,❌,❌,❌,❌,3.42,7.35,53.5,0.27,1.3,0.568,1.178,0.482
KYNB,Healthcare,Biotechnology,0,False,❌,❌,❌,❌,❌,6.94,12.54,44.7,1.11,0.7,0.564,1.178,0.479
SDHC,Real Estate,Real Estate - Development,0,False,❌,❌,❌,❌,❌,10.28,23.49,56.2,0.89,4.0,0.563,1.178,0.478
FLWS,Consumer Cyclical,Specialty Retail,0,False,❌,❌,❌,❌,❌,2.68,7.1,62.3,1.56,7.0,0.562,1.178,0.477
TZOO,Communication Services,Internet Content & Information,0,False,❌,❌,❌,❌,❌,5.58,12.39,55.0,0.51,4.2,0.557,1.178,0.473
CNSP,Healthcare,Biotechnology,0,False,❌,❌,❌,❌,❌,4.93,10.59,53.4,0.08,0.7,0.554,1.178,0.47
TOVX,Healthcare,Biotechnology,0,False,❌,❌,❌,❌,❌,0.22,0.86,74.3,0.07,6.0,0.551,1.178,0.468
NMG,Basic Materials,Other Industrial Metals & Mining,0,False,❌,❌,❌,❌,❌,1.32,6.06,78.2,0.32,5.1,0.548,1.178,0.465
RSSS,Technology,Software - Application,0,False,❌,❌,❌,❌,❌,2.11,3.92,46.2,0.62,0.6,0.548,1.178,0.465
USGO,Basic Materials,Other Industrial Metals & Mining,0,False,❌,❌,❌,❌,❌,7.19,17.98,60.0,1.87,3.0,0.544,1.178,0.462
IRIX,Healthcare,Medical Devices,0,False,❌,❌,❌,❌,❌,0.62,1.65,62.1,0.43,0.3,0.543,1.178,0.461
NPWR,Industrials,Specialty Industrial Machinery,0,False,❌,❌,❌,❌,❌,1.63,5.2,68.7,0.53,7.1,0.538,1.178,0.457
CDXS,Healthcare,Biotechnology,0,False,❌,❌,❌,❌,❌,1.32,2.98,55.7,0.7,9.4,0.537,1.178,0.455
LUCK,Consumer Cyclical,Leisure,0,False,❌,❌,❌,❌,❌,5.21,10.48,50.3,0.44,3.6,0.534,1.178,0.453
PLUT,Financial Services,Capital Markets,0,False,❌,❌,❌,❌,❌,2.11,4.19,49.6,0.18,0.0,0.534,1.178,0.453
VTSI,Technology,Software - Application,0,False,❌,❌,❌,❌,❌,2.86,6.29,54.5,0.28,0.7,0.532,1.178,0.451
MIND,Technology,Scientific & Technical Instruments,0,False,❌,❌,❌,❌,❌,4.34,14.5,70.0,1.09,2.5,0.519,1.178,0.441
TONX,Technology,Software - Application,0,False,❌,❌,❌,❌,❌,3.58,7.51,52.4,1.07,6.2,0.515,1.178,0.437
DOUG,Real Estate,Real Estate Services,0,False,❌,❌,❌,❌,❌,1.57,3.09,49.2,1.26,3.8,0.511,1.178,0.434
PEPG,Healthcare,Biotechnology,0,False,❌,❌,❌,❌,❌,2.59,7.8,66.8,0.74,9.5,0.511,1.178,0.434
WALD,Consumer Defensive,Household & Personal Products,0,False,❌,❌,❌,❌,❌,1.03,3.22,68.0,0.79,3.7,0.51,1.178,0.433
FLL,Consumer Cyclical,Resorts & Casinos,0,False,❌,❌,❌,❌,❌,1.7,3.39,49.9,1.04,2.0,0.507,1.178,0.431
MGX,Healthcare,Biotechnology,0,False,❌,❌,❌,❌,❌,1.15,3.95,70.9,0.81,1.0,0.502,1.178,0.426
DMRC,Technology,Software - Application,0,False,❌,❌,❌,❌,❌,4.91,17.47,71.9,0.88,8.2,0.499,1.178,0.424
ADIL,Healthcare,Biotechnology,0,False,❌,❌,❌,❌,❌,4.22,10.75,60.7,0.15,4.6,0.496,1.178,0.421
ATLX,Basic Materials,Other Industrial Metals & Mining,0,False,❌,❌,❌,❌,❌,2.7,8.25,67.3,0.64,7.6,0.496,1.178,0.421
ASPS,Real Estate,Real Estate Services,0,False,❌,❌,❌,❌,❌,5.49,14.36,61.8,0.65,0.5,0.494,1.178,0.419
CHGG,Consumer Defensive,Education & Training Services,0,False,❌,❌,❌,❌,❌,0.73,1.67,56.0,0.31,7.5,0.49,1.178,0.416
TRAK,Technology,Software - Application,0,False,❌,❌,❌,❌,❌,8.23,17.07,51.8,0.84,3.3,0.49,1.178,0.416
UAVS,Technology,Computer Hardware,0,False,❌,❌,❌,❌,❌,0.99,2.92,66.0,0.39,9.5,0.487,1.178,0.413
RBBN,Technology,Software - Application,0,False,❌,❌,❌,❌,❌,1.8,4.09,56.0,1.12,9.8,0.48,1.178,0.407
MOB,Industrials,Aerospace & Defense,0,False,❌,❌,❌,❌,❌,4.8,11.02,56.4,0.78,4.0,0.471,1.178,0.399
AWRE,Technology,Software - Application,0,False,❌,❌,❌,❌,❌,1.18,2.84,58.5,0.78,0.3,0.468,1.178,0.397
GHG,Consumer Cyclical,Lodging,0,False,❌,❌,❌,❌,❌,1.01,2.31,56.2,0.75,0.1,0.461,1.178,0.391
SKIL,Consumer Defensive,Education & Training Services,0,False,❌,❌,❌,❌,❌,5.95,18.45,67.8,0.7,3.0,0.451,1.178,0.383
XELB,Consumer Cyclical,Apparel Manufacturing,0,False,❌,❌,❌,❌,❌,0.79,2.66,70.3,0.04,2.1,0.449,1.178,0.381
IDN,Technology,Software - Application,0,False,❌,❌,❌,❌,❌,2.39,9.08,73.7,0.55,7.7,0.443,1.178,0.376
NIU,Consumer Cyclical,Auto Manufacturers,0,False,❌,❌,❌,❌,❌,2.05,5.67,63.8,0.92,3.6,0.442,1.178,0.375
XYF,Financial Services,Credit Services,0,False,❌,❌,❌,❌,❌,5.26,13.31,60.5,0.69,1.8,0.438,1.178,0.372
COYY,その他,,0,False,❌,❌,❌,❌,❌,15.1,38.85,61.1,0.81,2.0,0.431,1.178,0.366
OPRX,Healthcare,Health Information Services,0,False,❌,❌,❌,❌,❌,8.04,22.25,63.9,0.75,9.8,0.428,1.178,0.363
CLIR,Industrials,Pollution & Treatment Controls,0,False,❌,❌,❌,❌,❌,3.45,11.2,69.2,0.99,0.3,0.426,1.178,0.362
TIL,Healthcare,Biotechnology,0,False,❌,❌,❌,❌,❌,7.17,21.98,67.4,1.55,0.6,0.424,1.178,0.359
SER,Healthcare,Biotechnology,0,False,❌,❌,❌,❌,❌,2.09,5.83,64.2,0.45,0.8,0.421,1.178,0.357
PRSO,Technology,Semiconductors,0,False,❌,❌,❌,❌,❌,0.51,2.37,78.5,0.19,4.1,0.42,1.178,0.357
RECT,Consumer Cyclical,Specialty Retail,0,False,❌,❌,❌,❌,❌,1.38,4.12,66.5,0.09,0.1,0.415,1.178,0.352
ESLA,Healthcare,Biotechnology,0,False,❌,❌,❌,❌,❌,0.48,3.15,84.7,0.99,0.2,0.401,1.178,0.34
FUFU,Financial Services,Capital Markets,0,False,❌,❌,❌,❌,❌,1.45,4.06,64.3,0.55,1.4,0.397,1.178,0.337
MBOT,Healthcare,Medical Instruments & Supplies,0,False,❌,❌,❌,❌,❌,1.27,3.46,63.2,0.67,8.2,0.396,1.178,0.336
MIST,Healthcare,Biotechnology,0,False,❌,❌,❌,❌,❌,0.79,3.06,74.2,1.05,8.5,0.394,1.178,0.335
TGEN,Industrials,Electrical Equipment & Parts,0,False,❌,❌,❌,❌,❌,3.05,12.07,74.7,0.4,7.2,0.389,1.178,0.33
OGEN,Healthcare,Biotechnology,0,False,❌,❌,❌,❌,❌,0.49,1.45,66.4,0.72,0.1,0.384,1.178,0.326
DYAI,Healthcare,Biotechnology,0,False,❌,❌,❌,❌,❌,0.42,1.6,74.0,0.56,1.1,0.378,1.178,0.321
LCFY,Communication Services,Internet Content & Information,0,False,❌,❌,❌,❌,❌,2.58,7.67,66.3,1.12,0.2,0.376,1.178,0.319
LOCL,Consumer Defensive,Farm Products,0,False,❌,❌,❌,❌,❌,1.09,3.99,72.7,0.58,0.2,0.372,1.178,0.316
KMLI,その他,,0,False,❌,❌,❌,❌,❌,8.38,24.08,65.2,1.05,3.2,0.368,1.178,0.313
GUTS,Healthcare,Biotechnology,0,False,❌,❌,❌,❌,❌,0.49,2.44,80.1,1.3,6.5,0.362,1.178,0.308
NAMM,Basic Materials,Gold,0,False,❌,❌,❌,❌,❌,1.14,7.42,84.6,0.62,7.5,0.362,1.178,0.308
AQMS,Industrials,Waste Management,0,False,❌,❌,❌,❌,❌,2.62,39.4,93.4,0.4,1.0,0.359,1.178,0.305
DTCX,Financial Services,Financial Data & Stock Exchanges,0,False,❌,❌,❌,❌,❌,1.91,5.66,66.2,0.69,2.5,0.358,1.178,0.304
OMEX,Basic Materials,Other Industrial Metals & Mining,0,False,❌,❌,❌,❌,❌,0.7,4.43,84.1,0.67,2.1,0.357,1.178,0.303
CNCK,Financial Services,Capital Markets,0,False,❌,❌,❌,❌,❌,1.59,9.31,82.9,0.06,6.5,0.353,1.178,0.299
SONM,Technology,Software - Infrastructure,0,False,❌,❌,❌,❌,❌,3.91,16.97,76.9,1.86,0.4,0.346,1.178,0.294
ORGO,Healthcare,Drug Manufacturers - Specialty & Generic,0,False,❌,❌,❌,❌,❌,1.41,7.08,80.1,0.55,9.1,0.344,1.178,0.292
ACON,Healthcare,Health Information Services,0,False,❌,❌,❌,❌,❌,2.59,12.03,78.5,1.41,0.9,0.34,1.178,0.289
SNT,Industrials,Security & Protection Services,0,False,❌,❌,❌,❌,❌,1.61,5.34,69.9,1.28,0.2,0.331,1.178,0.281
CMCM,Communication Services,Internet Content & Information,0,False,❌,❌,❌,❌,❌,2.68,9.15,70.7,0.72,0.3,0.33,1.178,0.28
MBIO,Healthcare,Biotechnology,0,False,❌,❌,❌,❌,❌,0.52,1.85,71.9,0.29,0.3,0.327,1.178,0.278
CLRB,Healthcare,Biotechnology,0,False,❌,❌,❌,❌,❌,1.8,6.52,72.4,0.9,1.4,0.326,1.178,0.277
FNUC,Basic Materials,Other Industrial Metals & Mining,0,False,❌,❌,❌,❌,❌,1.46,7.43,80.3,0.61,3.7,0.323,1.178,0.274
PLCE,Consumer Cyclical,Apparel Manufacturing,0,False,❌,❌,❌,❌,❌,2.16,9.56,77.4,0.44,6.0,0.318,1.178,0.27
NEGG,Consumer Cyclical,Internet Retail,0,False,❌,❌,❌,❌,❌,13.52,96.29,86.0,0.56,6.2,0.313,1.178,0.266
ENGN,Healthcare,Biotechnology,0,False,❌,❌,❌,❌,❌,1.96,12.25,84.0,0.93,9.3,0.302,1.178,0.256
GFAI,Industrials,Security & Protection Services,0,False,❌,❌,❌,❌,❌,0.33,1.23,73.2,0.19,1.7,0.295,1.178,0.25
NSPR,Healthcare,Medical Devices,0,False,❌,❌,❌,❌,❌,0.7,2.57,72.8,0.67,0.5,0.293,1.178,0.249
UONE,Communication Services,Broadcasting,0,False,❌,❌,❌,❌,❌,4.23,16.94,75.0,0.25,0.4,0.292,1.178,0.248
HTCO,Industrials,Marine Shipping,0,False,❌,❌,❌,❌,❌,2.28,56.59,96.0,0.06,9.7,0.286,1.178,0.243
SAFX,Utilities,Utilities - Renewable,0,False,❌,❌,❌,❌,❌,0.37,1.32,71.7,0.87,8.3,0.285,1.178,0.242
KPDD,その他,,0,False,❌,❌,❌,❌,❌,4.51,18.05,75.0,0.37,7.1,0.283,1.178,0.24
ARQ,Industrials,Pollution & Treatment Controls,0,False,❌,❌,❌,❌,❌,2.02,7.41,72.7,0.63,3.3,0.282,1.178,0.239
YSG,Consumer Defensive,Household & Personal Products,0,False,❌,❌,❌,❌,❌,2.54,9.41,73.0,1.02,1.9,0.282,1.178,0.24
GCL,Communication Services,Electronic Gaming & Multimedia,0,False,❌,❌,❌,❌,❌,0.75,2.8,73.1,0.07,6.7,0.281,1.178,0.238
PDDL,その他,,0,False,❌,❌,❌,❌,❌,10.66,43.59,75.5,0.4,2.9,0.275,1.178,0.233
BTOC,Industrials,Integrated Freight & Logistics,0,False,❌,❌,❌,❌,❌,0.26,0.94,72.6,0.39,0.3,0.269,1.178,0.229
FGNX,Financial Services,Asset Management,0,False,❌,❌,❌,❌,❌,7.8,31.8,75.5,1.26,4.2,0.265,1.178,0.225
GEOS,Energy,Oil & Gas Equipment & Services,0,False,❌,❌,❌,❌,❌,4.99,29.89,83.3,0.69,4.5,0.261,1.178,0.222
HIT,Technology,Software - Application,0,False,❌,❌,❌,❌,❌,0.86,4.02,78.6,0.35,0.7,0.258,1.178,0.219
FLYX,Industrials,Airlines,0,False,❌,❌,❌,❌,❌,1.27,8.88,85.7,0.59,3.0,0.254,1.178,0.216
MRM,Consumer Cyclical,Personal Services,0,False,❌,❌,❌,❌,❌,0.74,2.85,74.0,0.05,1.5,0.252,1.178,0.214
PMNT,Consumer Cyclical,Apparel Manufacturing,0,False,❌,❌,❌,❌,❌,0.12,0.6,80.1,0.04,0.3,0.248,1.178,0.211
DWTX,Healthcare,Biotechnology,0,False,❌,❌,❌,❌,❌,1.36,9.5,85.7,0.77,0.6,0.246,1.178,0.209
ALDX,Healthcare,Biotechnology,0,False,❌,❌,❌,❌,❌,1.21,5.93,79.7,0.56,9.4,0.238,1.178,0.202
REKR,Technology,Software - Infrastructure,0,False,❌,❌,❌,❌,❌,0.4,3.42,88.2,0.82,6.3,0.231,1.178,0.196
PROP,Energy,Oil & Gas E&P,0,False,❌,❌,❌,❌,❌,0.43,2.55,83.3,0.33,7.4,0.229,1.178,0.194
SEAT,Communication Services,Internet Content & Information,0,False,❌,❌,❌,❌,❌,3.7,17.16,78.4,1.15,2.9,0.225,1.178,0.191
WKHS,Consumer Cyclical,Auto Manufacturers,0,False,❌,❌,❌,❌,❌,2.87,14.88,80.7,0.71,1.9,0.221,1.178,0.188
BLNE,Financial Services,Mortgage Finance,0,False,❌,❌,❌,❌,❌,0.89,4.17,78.7,0.73,2.5,0.22,1.178,0.187
NAKA,Financial Services,Capital Markets,0,False,❌,❌,❌,❌,❌,9.99,48.0,79.2,1.23,7.5,0.217,1.178,0.184
GLXU,その他,,0,False,❌,❌,❌,❌,❌,5.5,53.24,89.7,0.49,9.7,0.212,1.178,0.18
ENVB,Healthcare,Biotechnology,0,False,❌,❌,❌,❌,❌,1.5,13.25,88.7,0.48,1.1,0.206,1.178,0.175
FRMM,Technology,Software - Application,0,False,❌,❌,❌,❌,❌,5.04,27.1,81.4,0.44,6.5,0.201,1.178,0.17
EHTH,Financial Services,Insurance Brokers,0,False,❌,❌,❌,❌,❌,0.76,5.89,87.2,1.32,2.3,0.192,1.178,0.163
SOWG,Consumer Defensive,Confectioners,0,False,❌,❌,❌,❌,❌,2.26,15.9,85.8,0.25,0.9,0.191,1.178,0.162
CVM,Healthcare,Biotechnology,0,False,❌,❌,❌,❌,❌,1.67,10.83,84.6,0.28,2.4,0.187,1.178,0.158
IXHL,Healthcare,Drug Manufacturers - Specialty & Generic,0,False,❌,❌,❌,❌,❌,3.32,19.71,83.2,0.49,3.1,0.186,1.178,0.158
SMXT,Technology,Solar,0,False,❌,❌,❌,❌,❌,2.32,15.24,84.8,0.2,1.3,0.186,1.178,0.158
TVGN,Healthcare,Biotechnology,0,False,❌,❌,❌,❌,❌,7.25,40.6,82.1,0.13,0.8,0.182,1.178,0.155
MSAI,Technology,Electronic Components,0,False,❌,❌,❌,❌,❌,4.82,96.0,95.0,0.03,4.3,0.18,1.178,0.152
DFLI,Industrials,Electrical Equipment & Parts,0,False,❌,❌,❌,❌,❌,0.91,26.1,96.5,0.7,2.8,0.174,1.178,0.148
WIMI,Communication Services,Advertising Agencies,0,False,❌,❌,❌,❌,❌,0.79,5.5,85.6,1.25,0.9,0.172,1.178,0.146
AIFC,Technology,Software - Infrastructure,0,False,❌,❌,❌,❌,❌,0.52,3.18,83.7,0.83,3.4,0.167,1.178,0.142
AIOS,Technology,Information Technology Services,0,False,❌,❌,❌,❌,❌,12.5,90.0,86.1,0.25,3.6,0.157,1.178,0.133
NXL,Healthcare,Medical Devices,0,False,❌,❌,❌,❌,❌,4.39,60.0,92.7,0.54,0.9,0.156,1.178,0.133
IMMP,Healthcare,Biotechnology,0,False,❌,❌,❌,❌,❌,0.26,3.53,92.5,0.95,0.9,0.153,1.178,0.13
REVB,Healthcare,Biotechnology,0,False,❌,❌,❌,❌,❌,0.87,6.76,87.1,1.09,0.2,0.152,1.178,0.129
DJTU,その他,,0,False,❌,❌,❌,❌,❌,11.5,93.5,87.7,0.36,3.7,0.137,1.178,0.116
NCEL,Healthcare,Biotechnology,0,False,❌,❌,❌,❌,❌,2.95,24.6,88.0,0.27,0.5,0.135,1.178,0.114
UPLD,Technology,Software - Application,0,False,❌,❌,❌,❌,❌,3.37,27.5,87.7,1.99,0.8,0.133,1.178,0.113
ARAY,Healthcare,Medical Devices,0,False,❌,❌,❌,❌,❌,0.22,2.1,89.8,0.26,3.5,0.129,1.178,0.109
CYN,Technology,Software - Application,0,False,❌,❌,❌,❌,❌,0.69,6.82,89.9,0.64,1.2,0.121,1.178,0.103
CDLX,Communication Services,Advertising Agencies,0,False,❌,❌,❌,❌,❌,3.3,27.1,87.8,0.53,1.4,0.117,1.178,0.099
LPSN,Technology,Software - Application,0,False,❌,❌,❌,❌,❌,1.72,21.6,92.0,0.31,1.5,0.116,1.197,0.097
MSTP,その他,,0,False,❌,❌,❌,❌,❌,30.25,368.66,91.8,0.86,6.0,0.112,1.178,0.095
QNCX,Healthcare,Biotechnology,0,False,❌,❌,❌,❌,❌,31.0,910.0,96.6,0.32,4.9,0.096,1.178,0.082
UP,Industrials,Airports & Air Services,0,False,❌,❌,❌,❌,❌,3.77,43.0,91.2,0.69,4.4,0.095,1.178,0.081
ZEPP,Technology,Consumer Electronics,0,False,❌,❌,❌,❌,❌,4.14,61.85,93.3,0.33,2.6,0.093,1.178,0.079
SEGG,Consumer Cyclical,Gambling,0,False,❌,❌,❌,❌,❌,2.87,35.84,92.0,0.18,5.6,0.085,1.178,0.072
RENX,Real Estate,Real Estate - Development,0,False,❌,❌,❌,❌,❌,2.2,33.0,93.3,1.17,1.3,0.071,1.178,0.06
NVNI,Technology,Software - Application,0,False,❌,❌,❌,❌,❌,0.94,15.4,93.9,0.13,1.5,0.065,1.178,0.055
QTI,Healthcare,Medical Devices,0,False,❌,❌,❌,❌,❌,2.45,38.25,93.6,0.53,0.9,0.064,1.178,0.054
ARAI,Technology,Scientific & Technical Instruments,0,False,❌,❌,❌,❌,❌,0.2,6.86,97.1,1.66,1.5,0.052,1.178,0.044
PBM,Healthcare,Biotechnology,0,False,❌,❌,❌,❌,❌,5.56,175.78,96.8,1.82,1.8,0.046,1.178,0.039
BNBX,Financial Services,Asset Management,0,False,❌,❌,❌,❌,❌,0.14,7.15,98.0,0.11,0.3,0.034,1.178,0.029
MENS,Healthcare,Biotechnology,0,False,❌,❌,❌,❌,❌,2.03,63.0,96.8,1.19,0.7,0.034,1.178,0.029
OCG,Consumer Cyclical,Internet Retail,0,False,❌,❌,❌,❌,❌,1.49,12377.75,100.0,0.08,5.5,0.001,1.178,0.0
